league,season,game,league_id,season_id,game_id,date,home_team_id,away_team_id,home_team,away_team,away_team_code,home_team_code,home_points,home_expected_points,home_goals,home_xg,home_np_xg,home_np_xg_difference,home_ppda,home_deep_completions,away_points,away_expected_points,away_goals,away_xg,away_np_xg,away_np_xg_difference,away_ppda,away_deep_completions
EPL,2021,2020-09-12 Crystal Palace-Southampton,1,2020,14087,2020-09-12 14:00:00,78,74,Crystal Palace,Southampton,SOU,CRY,3,1.477,1,1.39569,1.39569,0.13302000000000014,17.333333333333332,1,0,1.2208,0,1.26267,1.26267,-0.13302000000000014,3.608695652173913,14
EPL,2021,2020-09-12 Fulham-Arsenal,1,2020,14086,2020-09-12 11:30:00,228,83,Fulham,Arsenal,ARS,FLH,0,0.0587,0,0.126327,0.126327,-2.036543,32.69230769230769,0,3,2.8937,3,2.16287,2.16287,2.036543,21.928571428571427,11
EPL,2021,2020-09-12 Liverpool-Leeds,1,2020,14090,2020-09-12 16:30:00,87,245,Liverpool,Leeds,LED,LIV,3,2.927,4,3.15412,1.63179,1.361977,9.935483870967742,19,0,0.0434,3,0.269813,0.269813,-1.361977,9.333333333333334,2
EPL,2021,2020-09-12 West Ham-Newcastle United,1,2020,14091,2020-09-12 19:00:00,81,86,West Ham,Newcastle United,NEW,WHU,0,0.6998,0,0.861445,0.861445,-0.7976650000000001,6.407407407407407,5,3,2.0522,2,1.65911,1.65911,0.7976650000000001,24.181818181818183,10
EPL,2021,2020-09-13 Tottenham-Everton,1,2020,14093,2020-09-13 15:30:00,82,72,Tottenham,Everton,EVE,TOT,0,0.9577,0,0.822944,0.822944,-0.444986,11.333333333333334,9,3,1.7446000000000002,1,1.26793,1.26793,0.444986,16.263157894736842,5
EPL,2021,2020-09-13 West Bromwich Albion-Leicester,1,2020,14092,2020-09-13 13:00:00,76,75,West Bromwich Albion,Leicester,LEI,WBA,0,0.0568,0,0.352997,0.352997,-1.080473,19.105263157894736,6,3,2.9074,3,2.95581,1.43347,1.080473,10.529411764705882,3
EPL,2021,2020-09-14 Brighton-Chelsea,1,2020,14095,2020-09-14 19:15:00,220,80,Brighton,Chelsea,CHE,BRI,0,1.4766,1,1.44281,1.44281,0.9333539999999999,9.344827586206897,3,3,1.2081,3,1.27062,0.509456,-0.9333539999999999,12.695652173913043,6
EPL,2021,2020-09-14 Sheffield United-Wolverhampton Wanderers,1,2020,14094,2020-09-14 17:00:00,238,229,Sheffield United,Wolverhampton Wanderers,WOL,SHE,0,0.7955000000000001,0,0.949316,0.949316,-0.663754,8.233333333333333,10,3,1.9139,2,1.61307,1.61307,0.663754,31.333333333333332,3
EPL,2021,2020-09-19 Arsenal-West Ham,1,2020,14099,2020-09-19 19:00:00,83,81,Arsenal,West Ham,WHU,ARS,3,0.8155,2,1.32902,1.32902,-0.7347499999999998,12.764705882352942,16,0,1.9438,1,2.06377,2.06377,0.7347499999999998,18.26086956521739,4
EPL,2021,2020-09-19 Everton-West Bromwich Albion,1,2020,14096,2020-09-19 11:30:00,72,76,Everton,West Bromwich Albion,WBA,EVE,3,2.9941,5,4.16254,4.16254,3.847193,9.095238095238095,6,0,0.0037,2,0.315347,0.315347,-3.847193,41.5,6
EPL,2021,2020-09-19 Leeds-Fulham,1,2020,14097,2020-09-19 14:00:00,245,228,Leeds,Fulham,FLH,LED,3,1.2608,4,1.45254,0.691368,-0.10249399999999997,7.617647058823529,5,0,1.4255,3,1.55503,0.793862,0.10249399999999997,9.423076923076923,4
EPL,2021,2020-09-19 Manchester United-Crystal Palace,1,2020,14098,2020-09-19 16:30:00,89,78,Manchester United,Crystal Palace,CRY,MUN,0,0.7463000000000001,1,1.09737,1.09737,-0.05601999999999996,3.3076923076923075,9,3,2.0159000000000002,3,1.91456,1.15339,0.05601999999999996,13.590909090909092,4
EPL,2021,2020-09-20 Chelsea-Liverpool,1,2020,14102,2020-09-20 15:30:00,80,87,Chelsea,Liverpool,LIV,CHE,0,0.36660000000000004,0,0.904183,0.143014,-2.109096,37.63636363636363,1,3,2.4384,2,2.25211,2.25211,2.109096,11.4375,13
EPL,2021,2020-09-20 Leicester-Burnley,1,2020,14103,2020-09-20 18:00:00,75,92,Leicester,Burnley,BUR,LEI,3,0.9512,4,0.987365,0.987365,-0.536675,7.470588235294118,14,0,1.7849,2,1.52404,1.52404,0.536675,16.095238095238095,6
EPL,2021,2020-09-20 Newcastle United-Brighton,1,2020,14101,2020-09-20 13:00:00,86,220,Newcastle United,Brighton,BRI,NEW,0,0.3134,0,0.520678,0.520678,-0.5947819999999999,11.952380952380953,3,3,2.5109,3,1.8766,1.11546,0.5947819999999999,10.842105263157896,3
EPL,2021,2020-09-20 Southampton-Tottenham,1,2020,14100,2020-09-20 11:00:00,74,82,Southampton,Tottenham,TOT,SOU,0,1.3364,2,2.27708,1.51591,-0.76413,8.666666666666666,4,3,1.3870999999999998,5,2.28004,2.28004,0.76413,10.782608695652174,3
EPL,2021,2020-09-21 Aston Villa-Sheffield United,1,2020,14104,2020-09-21 17:00:00,71,238,Aston Villa,Sheffield United,SHE,AVL,3,1.1601,1,0.80527,0.80527,0.7167296000000001,4.45,17,0,1.4646,0,0.849709,0.0885404,-0.7167296000000001,17.642857142857142,2
EPL,2021,2020-09-21 Wolverhampton Wanderers-Manchester City,1,2020,14105,2020-09-21 19:15:00,229,88,Wolverhampton Wanderers,Manchester City,MCI,WOL,0,0.42200000000000004,1,0.727677,0.727677,-0.587673,30.714285714285715,3,3,2.4074,3,2.07651,1.31535,0.587673,7.6,9
EPL,2021,2020-09-26 Brighton-Manchester United,1,2020,14106,2020-09-26 11:30:00,220,89,Brighton,Manchester United,MUN,BRI,0,2.3391,2,2.97659,2.21546,1.4008010000000002,6.638888888888889,10,3,0.483,3,1.57583,0.814659,-1.4008010000000002,11.125,6
EPL,2021,2020-09-26 Burnley-Southampton,1,2020,14109,2020-09-26 19:00:00,92,74,Burnley,Southampton,SOU,BUR,0,0.8712,0,0.347136,0.347136,-0.35949600000000004,8.214285714285714,9,3,1.71,1,0.706632,0.706632,0.35949600000000004,13.75,6
EPL,2021,2020-09-26 Crystal Palace-Everton,1,2020,14107,2020-09-26 14:00:00,78,72,Crystal Palace,Everton,EVE,CRY,0,0.19469999999999998,1,0.443115,0.443115,-1.0676050000000001,12.03448275862069,4,3,2.6964000000000006,2,2.27189,1.51072,1.0676050000000001,7.304347826086956,3
EPL,2021,2020-09-26 West Bromwich Albion-Chelsea,1,2020,14108,2020-09-26 16:30:00,76,80,West Bromwich Albion,Chelsea,CHE,WBA,1,0.40570000000000006,3,0.911185,0.911185,-1.4492749999999996,40.81818181818182,3,1,2.4217000000000004,3,2.36046,2.36046,1.4492749999999996,4.52,12
EPL,2021,2020-09-27 Manchester City-Leicester,1,2020,14112,2020-09-27 15:30:00,88,75,Manchester City,Leicester,LEI,MCI,0,0.4174,2,1.44633,1.44633,0.8626259999999999,5.333333333333333,5,3,2.4334,5,2.86721,0.583704,-0.8626259999999999,25.083333333333332,3
EPL,2021,2020-09-27 Sheffield United-Leeds,1,2020,14110,2020-09-27 11:00:00,238,245,Sheffield United,Leeds,LED,SHE,0,1.4471999999999998,0,1.53278,1.53278,0.06637000000000004,11.551724137931034,11,3,1.2819,1,1.46641,1.46641,-0.06637000000000004,8.941176470588236,2
EPL,2021,2020-09-27 Tottenham-Newcastle United,1,2020,14111,2020-09-27 13:00:00,82,86,Tottenham,Newcastle United,NEW,TOT,1,2.7474,1,3.18765,3.18765,3.006093,9.68421052631579,6,1,0.1632,1,0.942726,0.181557,-3.006093,35.7,4
EPL,2021,2020-09-27 West Ham-Wolverhampton Wanderers,1,2020,14113,2020-09-27 18:00:00,81,229,West Ham,Wolverhampton Wanderers,WOL,WHU,3,2.8669000000000002,4,3.05703,3.05703,2.671878,21.764705882352942,1,0,0.0847,0,0.385152,0.385152,-2.671878,8.185185185185185,4
EPL,2021,2020-09-28 Fulham-Aston Villa,1,2020,14114,2020-09-28 17:00:00,228,71,Fulham,Aston Villa,AVL,FLH,0,0.36819999999999997,0,0.534675,0.534675,-1.4975450000000001,5.958333333333333,5,3,2.4631,3,2.03222,2.03222,1.4975450000000001,9.303030303030303,10
EPL,2021,2020-09-28 Liverpool-Arsenal,1,2020,14115,2020-09-28 19:15:00,87,83,Liverpool,Arsenal,ARS,LIV,3,2.4333000000000005,3,2.73834,2.73834,1.56017,8.827586206896552,11,0,0.3972,1,1.17817,1.17817,-1.56017,35.857142857142854,3
EPL,2021,2020-10-03 Chelsea-Crystal Palace,1,2020,14467,2020-10-03 11:30:00,80,78,Chelsea,Crystal Palace,CRY,CHE,3,2.9262999999999995,4,2.51433,0.991996,0.888747,4.451612903225806,5,0,0.0397,0,0.103249,0.103249,-0.888747,25.88235294117647,2
EPL,2021,2020-10-03 Everton-Brighton,1,2020,14468,2020-10-03 14:00:00,72,220,Everton,Brighton,BRI,EVE,3,2.2643,4,2.34034,2.34034,1.1746599999999998,9.06060606060606,10,0,0.5306,2,1.16568,1.16568,-1.1746599999999998,9.166666666666666,7
EPL,2021,2020-10-03 Leeds-Manchester City,1,2020,14469,2020-10-03 16:30:00,245,88,Leeds,Manchester City,MCI,LED,1,2.1571000000000002,1,2.56662,2.56662,1.15129,7.833333333333333,5,1,0.6604,1,1.41533,1.41533,-1.15129,11.375,10
EPL,2021,2020-10-03 Newcastle United-Burnley,1,2020,14472,2020-10-03 19:00:00,86,92,Newcastle United,Burnley,BUR,NEW,3,2.6139,3,1.95629,1.19512,0.7562709999999999,20.75,4,0,0.25229999999999997,1,0.438849,0.438849,-0.7562709999999999,9.416666666666666,10
EPL,2021,2020-10-04 Arsenal-Sheffield United,1,2020,14465,2020-10-04 13:00:00,83,238,Arsenal,Sheffield United,SHE,ARS,3,1.8925,2,0.667131,0.667131,0.5221370000000001,13.916666666666666,4,0,0.658,1,0.144994,0.144994,-0.5221370000000001,19.347826086956523,3
EPL,2021,2020-10-04 Aston Villa-Liverpool,1,2020,14466,2020-10-04 18:15:00,71,87,Aston Villa,Liverpool,LIV,AVL,3,2.2569,7,3.07626,3.07626,1.41921,14.6,7,0,0.5826,2,1.65705,1.65705,-1.41921,4.76,18
EPL,2021,2020-10-04 Leicester-West Ham,1,2020,14470,2020-10-04 11:00:00,75,81,Leicester,West Ham,WHU,LEI,0,0.3094,0,0.456022,0.456022,-1.576248,7.318181818181818,2,3,2.5276,3,2.03227,2.03227,1.576248,34.18181818181818,3
EPL,2021,2020-10-04 Manchester United-Tottenham,1,2020,14471,2020-10-04 15:30:00,89,82,Manchester United,Tottenham,TOT,MUN,0,0.13019999999999998,1,0.873435,0.112267,-2.428273,19.875,3,3,2.7894,6,3.3017,2.54054,2.428273,6.676470588235294,8
EPL,2021,2020-10-04 Southampton-West Bromwich Albion,1,2020,14473,2020-10-04 11:00:00,74,76,Southampton,West Bromwich Albion,WBA,SOU,3,2.1162,2,0.949079,0.949079,0.7877959999999999,5.09375,6,0,0.5202,0,0.161283,0.161283,-0.7877959999999999,15.842105263157896,1
EPL,2021,2020-10-04 Wolverhampton Wanderers-Fulham,1,2020,14474,2020-10-04 13:00:00,229,228,Wolverhampton Wanderers,Fulham,FLH,WOL,3,1.2287,1,0.89359,0.89359,-0.07580299999999995,14.590909090909092,2,0,1.418,0,0.969393,0.969393,0.07580299999999995,21.214285714285715,6
EPL,2021,2020-10-17 Chelsea-Southampton,1,2020,14475,2020-10-17 14:00:00,80,74,Chelsea,Southampton,SOU,CHE,1,1.8385,3,1.98708,1.98708,0.5635999999999999,10.91304347826087,11,1,0.8833,3,1.42348,1.42348,-0.5635999999999999,14.608695652173912,5
EPL,2021,2020-10-17 Everton-Liverpool,1,2020,14477,2020-10-17 11:30:00,72,87,Everton,Liverpool,LIV,EVE,1,0.6754,2,1.35998,1.35998,-1.13494,14.1,2,1,2.1289,2,2.49492,2.49492,1.13494,8.72,13
EPL,2021,2020-10-17 Manchester City-Arsenal,1,2020,14480,2020-10-17 16:30:00,88,83,Manchester City,Arsenal,ARS,MCI,3,1.8735,1,1.43023,1.43023,0.5919079999999999,13.521739130434783,7,0,0.8435999999999999,0,0.838322,0.838322,-0.5919079999999999,20.352941176470587,3
EPL,2021,2020-10-17 Newcastle United-Manchester United,1,2020,14481,2020-10-17 19:00:00,86,89,Newcastle United,Manchester United,MUN,NEW,0,0.42469999999999997,1,0.867496,0.867496,-0.588624,12.142857142857142,3,3,2.3800999999999997,4,2.21729,1.45612,0.588624,6.0588235294117645,12
EPL,2021,2020-10-18 Crystal Palace-Brighton,1,2020,14476,2020-10-18 13:00:00,78,220,Crystal Palace,Brighton,BRI,CRY,1,1.1033,1,0.761169,0.0,-1.0935,13.590909090909092,1,1,1.5263,1,1.0935,1.0935,1.0935,6.391304347826087,7
EPL,2021,2020-10-18 Leicester-Aston Villa,1,2020,14479,2020-10-18 18:15:00,75,71,Leicester,Aston Villa,AVL,LEI,0,1.1142,0,0.671595,0.671595,-0.20218099999999994,8.75,4,3,1.5291,1,0.873776,0.873776,0.20218099999999994,9.217391304347826,7
EPL,2021,2020-10-18 Sheffield United-Fulham,1,2020,14482,2020-10-18 11:00:00,238,228,Sheffield United,Fulham,FLH,SHE,1,1.6344,1,1.66363,0.902464,0.3075190000000001,15.173913043478262,1,1,1.0473,1,1.35611,0.594945,-0.3075190000000001,12.705882352941176,1
EPL,2021,2020-10-18 Tottenham-West Ham,1,2020,14483,2020-10-18 15:30:00,82,81,Tottenham,West Ham,WHU,TOT,1,1.5810000000000002,3,1.77602,1.77602,0.2761,12.3,1,1,1.1232,3,1.49992,1.49992,-0.2761,18.058823529411764,7
EPL,2021,2020-10-19 Leeds-Wolverhampton Wanderers,1,2020,14478,2020-10-19 19:00:00,245,229,Leeds,Wolverhampton Wanderers,WOL,LED,0,1.7532999999999999,0,1.08332,1.08332,0.465129,5.5,14,3,0.9133,1,0.618191,0.618191,-0.465129,12.0,2
EPL,2021,2020-10-19 West Bromwich Albion-Burnley,1,2020,14484,2020-10-19 16:30:00,76,92,West Bromwich Albion,Burnley,BUR,WBA,1,0.9921,0,0.731692,0.731692,-0.35362800000000005,8.25,3,1,1.6791,0,1.08532,1.08532,0.35362800000000005,13.31578947368421,2
EPL,2021,2020-10-23 Aston Villa-Leeds,1,2020,14486,2020-10-23 19:00:00,71,245,Aston Villa,Leeds,LED,AVL,0,0.8236000000000001,0,1.50125,1.50125,-0.8756999999999999,13.235294117647058,7,3,1.9651,3,2.37695,2.37695,0.8756999999999999,3.6470588235294117,20
EPL,2021,2020-10-24 Fulham-Crystal Palace,1,2020,14489,2020-10-24 14:00:00,228,78,Fulham,Crystal Palace,CRY,FLH,0,0.33120000000000005,1,1.05258,1.05258,-1.75791,6.241379310344827,8,3,2.5374000000000003,2,2.81049,2.81049,1.75791,21.533333333333335,9
EPL,2021,2020-10-24 Liverpool-Sheffield United,1,2020,14490,2020-10-24 19:00:00,87,238,Liverpool,Sheffield United,SHE,LIV,3,2.1655,2,2.40286,2.40286,1.766153,14.166666666666666,7,0,0.6184,1,1.39788,0.636707,-1.766153,19.65,8
EPL,2021,2020-10-24 Manchester United-Chelsea,1,2020,14491,2020-10-24 16:30:00,89,80,Manchester United,Chelsea,CHE,MUN,1,1.7338,0,0.648427,0.648427,0.428521,22.058823529411764,6,1,0.7915,0,0.219906,0.219906,-0.428521,14.681818181818182,1
EPL,2021,2020-10-24 West Ham-Manchester City,1,2020,14493,2020-10-24 11:30:00,81,88,West Ham,Manchester City,MCI,WHU,1,0.6767000000000001,1,0.263739,0.263739,-0.628717,20.3,2,1,1.9364,1,0.892456,0.892456,0.628717,13.083333333333334,13
EPL,2021,2020-10-25 Arsenal-Leicester,1,2020,14485,2020-10-25 19:15:00,83,75,Arsenal,Leicester,LEI,ARS,0,1.2724,0,0.73944,0.73944,0.0032679999999999376,11.0,5,3,1.3486,1,0.736172,0.736172,-0.0032679999999999376,26.214285714285715,2
EPL,2021,2020-10-25 Southampton-Everton,1,2020,14492,2020-10-25 14:00:00,74,72,Southampton,Everton,EVE,SOU,3,1.7526,2,0.74151,0.74151,0.454456,13.875,6,0,0.8175000000000001,0,0.287054,0.287054,-0.454456,11.685714285714285,6
EPL,2021,2020-10-25 Wolverhampton Wanderers-Newcastle United,1,2020,14494,2020-10-25 16:30:00,229,86,Wolverhampton Wanderers,Newcastle United,NEW,WOL,1,1.7854,1,0.758626,0.758626,0.5049410000000001,10.192307692307692,5,1,0.7813000000000001,1,0.253685,0.253685,-0.5049410000000001,31.307692307692307,4
EPL,2021,2020-10-26 Brighton-West Bromwich Albion,1,2020,14487,2020-10-26 17:30:00,220,76,Brighton,West Bromwich Albion,WBA,BRI,1,1.5782999999999998,1,0.546807,0.546807,0.25115300000000007,10.708333333333334,4,1,0.9414,1,0.295654,0.295654,-0.25115300000000007,14.421052631578947,4
EPL,2021,2020-10-26 Burnley-Tottenham,1,2020,14488,2020-10-26 20:00:00,92,82,Burnley,Tottenham,TOT,BUR,0,1.4596,0,0.95045,0.95045,0.15310599999999996,14.869565217391305,4,3,1.1995,1,0.797344,0.797344,-0.15310599999999996,9.777777777777779,6
EPL,2021,2020-10-30 Wolverhampton Wanderers-Crystal Palace,1,2020,14504,2020-10-30 20:00:00,229,78,Wolverhampton Wanderers,Crystal Palace,CRY,WOL,3,1.82,2,1.34895,1.34895,0.5461830000000001,13.851851851851851,8,0,0.887,0,0.802767,0.802767,-0.5461830000000001,16.714285714285715,4
EPL,2021,2020-10-31 Burnley-Chelsea,1,2020,14496,2020-10-31 15:00:00,92,80,Burnley,Chelsea,CHE,BUR,0,0.6019,0,0.407341,0.407341,-0.823429,16.923076923076923,1,3,2.1067,3,1.23077,1.23077,0.823429,8.956521739130435,12
EPL,2021,2020-10-31 Liverpool-West Ham,1,2020,14499,2020-10-31 17:30:00,87,81,Liverpool,West Ham,WHU,LIV,3,2.5596,2,1.56302,0.801848,0.5327999999999999,6.913043478260869,12,0,0.26940000000000003,1,0.269048,0.269048,-0.5327999999999999,35.38461538461539,0
EPL,2021,2020-10-31 Sheffield United-Manchester City,1,2020,14502,2020-10-31 12:30:00,238,88,Sheffield United,Manchester City,MCI,SHE,0,0.4224,0,0.687544,0.687544,-1.2088860000000001,18.708333333333332,3,3,2.3649,1,1.89643,1.89643,1.2088860000000001,15.666666666666666,9
EPL,2021,2020-11-01 Aston Villa-Southampton,1,2020,14495,2020-11-01 12:00:00,71,74,Aston Villa,Southampton,SOU,AVL,0,2.3854,3,2.44855,1.68738,0.68405,7.0,5,3,0.4426,4,1.00333,1.00333,-0.68405,7.454545454545454,2
EPL,2021,2020-11-01 Manchester United-Arsenal,1,2020,14500,2020-11-01 16:30:00,89,83,Manchester United,Arsenal,ARS,MUN,0,0.6194,0,0.394113,0.394113,0.15721,17.647058823529413,10,3,2.0624000000000002,1,0.998072,0.236903,-0.15721,11.851851851851851,7
EPL,2021,2020-11-01 Newcastle United-Everton,1,2020,14501,2020-11-01 14:00:00,86,72,Newcastle United,Everton,EVE,NEW,3,2.4522,2,2.6311,1.86993,0.65188,34.25,5,0,0.39149999999999996,1,1.21805,1.21805,-0.65188,8.791666666666666,8
EPL,2021,2020-11-01 Tottenham-Brighton,1,2020,14503,2020-11-01 19:15:00,82,220,Tottenham,Brighton,BRI,TOT,3,2.6927,2,1.97236,1.21119,0.886733,9.566666666666666,3,0,0.19219999999999998,1,0.324457,0.324457,-0.886733,14.785714285714286,7
EPL,2021,2020-11-02 Fulham-West Bromwich Albion,1,2020,14497,2020-11-02 17:30:00,228,76,Fulham,West Bromwich Albion,WBA,FLH,3,2.3381,2,1.62247,1.62247,1.139785,12.478260869565217,4,0,0.4562,0,0.482685,0.482685,-1.139785,5.054054054054054,3
EPL,2021,2020-11-02 Leeds-Leicester,1,2020,14498,2020-11-02 20:00:00,245,75,Leeds,Leicester,LEI,LED,0,0.5166,1,1.74822,1.74822,-0.5671799999999998,6.739130434782608,7,3,2.3016,4,3.07657,2.3154,0.5671799999999998,36.9,5
EPL,2021,2020-11-06 Brighton-Burnley,1,2020,14506,2020-11-06 17:30:00,220,92,Brighton,Burnley,BUR,BRI,1,2.3829,0,1.59022,1.59022,1.263287,10.045454545454545,16,1,0.4023,0,0.326933,0.326933,-1.263287,13.85,2
EPL,2021,2020-11-06 Southampton-Newcastle United,1,2020,14512,2020-11-06 20:00:00,74,86,Southampton,Newcastle United,NEW,SOU,3,2.1004,2,0.985828,0.985828,0.810195,5.685714285714286,4,0,0.5419,0,0.175633,0.175633,-0.810195,16.75,0
EPL,2021,2020-11-07 Chelsea-Sheffield United,1,2020,14507,2020-11-07 17:30:00,80,238,Chelsea,Sheffield United,SHE,CHE,3,2.7167,4,2.87622,2.87622,2.132253,14.5,14,0,0.1844,1,0.743967,0.743967,-2.132253,29.375,5
EPL,2021,2020-11-07 Crystal Palace-Leeds,1,2020,14508,2020-11-07 15:00:00,78,245,Crystal Palace,Leeds,LED,CRY,3,1.7482,4,1.30169,1.30169,0.453777,20.705882352941178,8,0,0.9598,1,0.847913,0.847913,-0.453777,4.108108108108108,6
EPL,2021,2020-11-07 Everton-Manchester United,1,2020,14509,2020-11-07 12:30:00,72,89,Everton,Manchester United,MUN,EVE,0,0.41380000000000006,1,0.376464,0.376464,-1.2199559999999998,12.7,9,3,2.3794,3,1.59642,1.59642,1.2199559999999998,12.26923076923077,7
EPL,2021,2020-11-07 West Ham-Fulham,1,2020,14514,2020-11-07 20:00:00,81,228,West Ham,Fulham,FLH,WHU,3,1.0165,1,1.42614,1.42614,0.33807999999999994,11.1,6,0,1.7197,0,1.84922,1.08806,-0.33807999999999994,37.875,5
EPL,2021,2020-11-08 Arsenal-Aston Villa,1,2020,14505,2020-11-08 19:15:00,83,71,Arsenal,Aston Villa,AVL,ARS,0,0.9460999999999999,0,1.39037,1.39037,-0.5951599999999999,11.266666666666667,6,3,1.8074,3,1.98553,1.98553,0.5951599999999999,13.791666666666666,16
EPL,2021,2020-11-08 Leicester-Wolverhampton Wanderers,1,2020,14510,2020-11-08 14:00:00,75,229,Leicester,Wolverhampton Wanderers,WOL,LEI,3,2.5842,1,2.0545,0.532166,-0.04719399999999996,14.8,1,0,0.2718,0,0.57936,0.57936,0.04719399999999996,26.1,6
EPL,2021,2020-11-08 Manchester City-Liverpool,1,2020,14511,2020-11-08 16:30:00,88,87,Manchester City,Liverpool,LIV,MCI,1,1.7367,1,1.58487,0.823706,0.39698300000000003,11.115384615384615,4,1,0.9341999999999999,1,1.18789,0.426723,-0.39698300000000003,30.25,8
EPL,2021,2020-11-08 West Bromwich Albion-Tottenham,1,2020,14513,2020-11-08 12:00:00,76,82,West Bromwich Albion,Tottenham,TOT,WBA,0,0.579,0,0.799352,0.799352,-1.071278,16.4375,6,3,2.2041,1,1.87063,1.87063,1.071278,7.473684210526316,4
EPL,2021,2020-11-21 Aston Villa-Brighton,1,2020,14515,2020-11-21 15:00:00,71,220,Aston Villa,Brighton,BRI,AVL,0,1.6157,1,1.76514,1.76514,0.2647599999999999,18.357142857142858,6,3,1.1105,2,1.50038,1.50038,-0.2647599999999999,12.235294117647058,4
EPL,2021,2020-11-21 Manchester United-West Bromwich Albion,1,2020,14520,2020-11-21 20:00:00,89,76,Manchester United,West Bromwich Albion,WBA,MUN,3,2.7444,1,2.42994,1.66881,1.2301639999999998,7.620689655172414,20,0,0.1638,0,0.438646,0.438646,-1.2301639999999998,10.8,2
EPL,2021,2020-11-21 Newcastle United-Chelsea,1,2020,14521,2020-11-21 12:30:00,86,80,Newcastle United,Chelsea,CHE,NEW,0,0.3298,0,0.368286,0.368286,-1.4509439999999998,29.533333333333335,3,3,2.4943,2,1.81923,1.81923,1.4509439999999998,7.294117647058823,8
EPL,2021,2020-11-21 Tottenham-Manchester City,1,2020,14523,2020-11-21 17:30:00,82,88,Tottenham,Manchester City,MCI,TOT,3,0.6779,2,0.761142,0.761142,-0.9021079999999999,14.75,2,0,2.0777,0,1.66325,1.66325,0.9021079999999999,6.56,9
EPL,2021,2020-11-22 Fulham-Everton,1,2020,14517,2020-11-22 12:00:00,228,72,Fulham,Everton,EVE,FLH,0,1.0824,2,1.87028,1.10911,-1.1416899999999999,10.592592592592593,9,3,1.6539,3,2.2508,2.2508,1.1416899999999999,13.619047619047619,9
EPL,2021,2020-11-22 Leeds-Arsenal,1,2020,14518,2020-11-22 16:30:00,245,83,Leeds,Arsenal,ARS,LED,1,2.2817000000000003,0,1.9617,1.9617,1.250922,6.884615384615385,11,1,0.5177,0,0.710778,0.710778,-1.250922,15.6,4
EPL,2021,2020-11-22 Liverpool-Leicester,1,2020,14519,2020-11-22 19:15:00,87,75,Liverpool,Leicester,LEI,LIV,3,2.4156,3,3.77245,3.77245,1.78848,8.275862068965518,9,0,0.44609999999999994,0,1.98397,1.98397,-1.78848,18.095238095238095,8
EPL,2021,2020-11-22 Sheffield United-West Ham,1,2020,14522,2020-11-22 14:00:00,238,81,Sheffield United,West Ham,WHU,SHE,0,0.39990000000000003,0,0.692374,0.692374,-1.4218259999999998,14.5,7,3,2.4273,1,2.1142,2.1142,1.4218259999999998,14.941176470588236,10
EPL,2021,2020-11-23 Burnley-Crystal Palace,1,2020,14516,2020-11-23 17:30:00,92,78,Burnley,Crystal Palace,CRY,BUR,3,1.7437999999999998,1,1.75343,1.75343,0.4701200000000001,11.590909090909092,7,0,0.995,0,1.28331,1.28331,-0.4701200000000001,16.0,7
EPL,2021,2020-11-23 Wolverhampton Wanderers-Southampton,1,2020,14524,2020-11-23 20:00:00,229,74,Wolverhampton Wanderers,Southampton,SOU,WOL,1,1.7555999999999998,1,1.57479,1.57479,0.4962899999999999,12.407407407407407,5,1,0.9612,1,1.0785,1.0785,-0.4962899999999999,12.368421052631579,10
EPL,2021,2020-11-27 Crystal Palace-Newcastle United,1,2020,14530,2020-11-27 20:00:00,78,86,Crystal Palace,Newcastle United,NEW,CRY,0,0.7053,0,0.534893,0.534893,-0.7443970000000001,16.90909090909091,12,3,2.0040000000000004,2,1.27929,1.27929,0.7443970000000001,7.472222222222222,4
EPL,2021,2020-11-28 Brighton-Liverpool,1,2020,14528,2020-11-28 12:30:00,220,87,Brighton,Liverpool,LIV,BRI,1,2.8297999999999996,1,2.30722,0.784881,0.5037910000000001,12.565217391304348,3,1,0.10189999999999999,1,0.28109,0.28109,-0.5037910000000001,9.409090909090908,1
EPL,2021,2020-11-28 Everton-Leeds,1,2020,14531,2020-11-28 17:30:00,72,245,Everton,Leeds,LED,EVE,0,0.36869999999999997,0,1.29229,1.29229,-1.8209499999999998,16.36842105263158,6,3,2.4936000000000003,1,3.11324,3.11324,1.8209499999999998,6.40625,12
EPL,2021,2020-11-28 Manchester City-Burnley,1,2020,14533,2020-11-28 15:00:00,88,92,Manchester City,Burnley,BUR,MCI,3,2.6159,5,2.26129,2.26129,1.8414129999999997,8.4375,13,0,0.2558,0,0.419877,0.419877,-1.8414129999999997,32.0,4
EPL,2021,2020-11-28 West Bromwich Albion-Sheffield United,1,2020,14527,2020-11-28 20:00:00,76,238,West Bromwich Albion,Sheffield United,SHE,WBA,3,0.4776,1,1.71644,1.71644,-1.649,9.578947368421053,6,0,2.3808,0,3.36544,3.36544,1.649,13.2,11
EPL,2021,2020-11-29 Arsenal-Wolverhampton Wanderers,1,2020,14525,2020-11-29 19:15:00,83,229,Arsenal,Wolverhampton Wanderers,WOL,ARS,0,0.6944,1,1.1185,1.1185,-0.8883999999999999,8.035714285714286,12,3,2.069,2,2.0069,2.0069,0.8883999999999999,17.642857142857142,6
EPL,2021,2020-11-29 Chelsea-Tottenham,1,2020,14529,2020-11-29 16:30:00,80,82,Chelsea,Tottenham,TOT,CHE,1,2.0179,0,0.974755,0.974755,0.747865,9.875,4,1,0.6184000000000001,0,0.22689,0.22689,-0.747865,32.333333333333336,4
EPL,2021,2020-11-29 Southampton-Manchester United,1,2020,14534,2020-11-29 14:00:00,74,89,Southampton,Manchester United,MUN,SOU,0,0.22610000000000002,2,0.498783,0.498783,-1.976687,10.62962962962963,0,3,2.6621,3,2.47547,2.47547,1.976687,11.964285714285714,9
EPL,2021,2020-11-30 Leicester-Fulham,1,2020,14532,2020-11-30 17:30:00,75,228,Leicester,Fulham,FLH,LEI,0,0.7869999999999999,1,1.27814,1.27814,0.002120000000000122,5.666666666666667,9,3,1.9729,2,2.03719,1.27602,-0.002120000000000122,17.454545454545453,7
EPL,2021,2020-11-30 West Ham-Aston Villa,1,2020,14526,2020-11-30 20:00:00,81,71,West Ham,Aston Villa,AVL,WHU,3,0.2087,2,0.571633,0.571633,-1.0577070000000002,12.565217391304348,2,0,2.6792,1,2.39051,1.62934,1.0577070000000002,13.090909090909092,8
EPL,2021,2020-12-05 Burnley-Everton,1,2020,14537,2020-12-05 12:30:00,92,72,Burnley,Everton,EVE,BUR,1,0.3051,1,0.730434,0.730434,-1.550956,16.391304347826086,6,1,2.5509000000000004,1,2.28139,2.28139,1.550956,7.5,10
EPL,2021,2020-12-05 Chelsea-Leeds,1,2020,14538,2020-12-05 20:00:00,80,245,Chelsea,Leeds,LED,CHE,3,2.946,3,4.89472,4.89472,3.86702,9.580645161290322,9,0,0.0351,1,1.0277,1.0277,-3.86702,9.181818181818182,7
EPL,2021,2020-12-05 Manchester City-Fulham,1,2020,14540,2020-12-05 15:00:00,88,228,Manchester City,Fulham,FLH,MCI,3,2.9275,2,3.26328,2.50211,2.2146660000000002,6.4,14,0,0.0424,0,0.287444,0.287444,-2.2146660000000002,25.05,0
EPL,2021,2020-12-05 West Ham-Manchester United,1,2020,14544,2020-12-05 17:30:00,81,89,West Ham,Manchester United,MUN,WHU,0,1.8835,1,2.53006,2.53006,0.7429800000000002,17.47826086956522,5,3,0.8968,3,1.78708,1.78708,-0.7429800000000002,13.25,6
EPL,2021,2020-12-06 Liverpool-Wolverhampton Wanderers,1,2020,14539,2020-12-06 19:15:00,87,229,Liverpool,Wolverhampton Wanderers,WOL,LIV,3,2.4284,4,1.59454,1.59454,1.236787,17.846153846153847,9,0,0.3728,0,0.357753,0.357753,-1.236787,20.666666666666668,1
EPL,2021,2020-12-06 Sheffield United-Leicester,1,2020,14541,2020-12-06 14:15:00,238,75,Sheffield United,Leicester,LEI,SHE,0,0.42510000000000003,1,0.290743,0.290743,-1.099657,17.428571428571427,3,3,2.3325,2,1.3904,1.3904,1.099657,5.55,5
EPL,2021,2020-12-06 Tottenham-Arsenal,1,2020,14542,2020-12-06 16:30:00,82,83,Tottenham,Arsenal,ARS,TOT,3,1.052,2,0.390629,0.390629,-0.20458699999999996,19.75,1,0,1.4879,0,0.595216,0.595216,0.20458699999999996,5.1,11
EPL,2021,2020-12-06 West Bromwich Albion-Crystal Palace,1,2020,14543,2020-12-06 12:00:00,76,78,West Bromwich Albion,Crystal Palace,CRY,WBA,0,0.53,1,0.567234,0.567234,-1.119326,15.235294117647058,7,3,2.2483999999999997,5,1.68656,1.68656,1.119326,12.28,14
EPL,2021,2020-12-07 Brighton-Southampton,1,2020,14536,2020-12-07 20:00:00,220,74,Brighton,Southampton,SOU,BRI,0,1.9165999999999999,1,2.03376,1.27259,0.6857510000000001,9.363636363636363,9,3,0.8063,2,1.34801,0.586839,-0.6857510000000001,6.064516129032258,5
EPL,2021,2020-12-11 Leeds-West Ham,1,2020,14548,2020-12-11 20:00:00,245,81,Leeds,West Ham,WHU,LED,0,1.228,1,1.56644,0.805276,-0.9798239999999999,5.416666666666667,8,3,1.5046000000000002,2,1.7851,1.7851,0.9798239999999999,25.153846153846153,7
EPL,2021,2020-12-12 Everton-Chelsea,1,2020,14546,2020-12-12 20:00:00,72,80,Everton,Chelsea,CHE,EVE,3,1.5519,1,1.2216,0.460428,-0.5458419999999999,18.75,2,0,1.0974,0,1.00627,1.00627,0.5458419999999999,4.12,6
EPL,2021,2020-12-12 Manchester United-Manchester City,1,2020,14549,2020-12-12 17:30:00,89,88,Manchester United,Manchester City,MCI,MUN,1,0.7336,0,0.591617,0.591617,-0.6927230000000001,16.045454545454547,5,1,1.9816,0,1.28434,1.28434,0.6927230000000001,18.526315789473685,11
EPL,2021,2020-12-12 Newcastle United-West Bromwich Albion,1,2020,14550,2020-12-12 15:00:00,86,76,Newcastle United,West Bromwich Albion,WBA,NEW,3,1.6366,2,0.904163,0.904163,0.3309730000000001,25.4,5,0,1.0030000000000001,1,0.57319,0.57319,-0.3309730000000001,11.5,4
EPL,2021,2020-12-12 Wolverhampton Wanderers-Aston Villa,1,2020,14552,2020-12-12 12:30:00,229,71,Wolverhampton Wanderers,Aston Villa,AVL,WOL,0,1.1846999999999999,0,1.1356,1.1356,0.6280479999999999,8.3,6,3,1.4946,1,1.26872,0.507552,-0.6280479999999999,5.785714285714286,5
EPL,2021,2020-12-13 Arsenal-Burnley,1,2020,14554,2020-12-13 19:15:00,83,92,Arsenal,Burnley,BUR,ARS,0,2.1552000000000002,0,1.85362,1.85362,1.038245,9.5,11,3,0.6237,1,0.815375,0.815375,-1.038245,14.85,3
EPL,2021,2020-12-13 Crystal Palace-Tottenham,1,2020,14545,2020-12-13 14:15:00,78,82,Crystal Palace,Tottenham,TOT,CRY,1,1.7143,1,1.84443,1.84443,0.43650999999999995,10.7,10,1,1.0252000000000001,1,1.40792,1.40792,-0.43650999999999995,10.722222222222221,4
EPL,2021,2020-12-13 Fulham-Liverpool,1,2020,14547,2020-12-13 16:30:00,228,87,Fulham,Liverpool,LIV,FLH,1,1.2945,1,1.72509,1.72509,0.66181,32.416666666666664,5,1,1.4207999999999998,1,1.82445,1.06328,-0.66181,6.214285714285714,10
EPL,2021,2020-12-13 Leicester-Brighton,1,2020,14553,2020-12-13 19:15:00,75,220,Leicester,Brighton,BRI,LEI,3,2.0698999999999996,3,1.64351,1.64351,0.8518370000000001,13.052631578947368,11,0,0.6848,0,0.791673,0.791673,-0.8518370000000001,9.392857142857142,5
EPL,2021,2020-12-13 Southampton-Sheffield United,1,2020,14551,2020-12-13 12:00:00,74,238,Southampton,Sheffield United,SHE,SOU,3,2.7797,3,2.27973,2.27973,2.060615,5.222222222222222,7,0,0.1313,0,0.219115,0.219115,-2.060615,13.214285714285714,1
EPL,2021,2020-12-15 Manchester City-West Bromwich Albion,1,2020,14564,2020-12-15 20:00:00,88,76,Manchester City,West Bromwich Albion,WBA,MCI,1,2.8155999999999994,1,2.58593,2.58593,2.3756869999999997,6.928571428571429,16,1,0.1102,1,0.210243,0.210243,-2.3756869999999997,35.0,0
EPL,2021,2020-12-15 Wolverhampton Wanderers-Chelsea,1,2020,14562,2020-12-15 18:00:00,229,80,Wolverhampton Wanderers,Chelsea,CHE,WOL,3,0.6368,2,0.683783,0.683783,-0.883937,19.692307692307693,4,0,2.1125000000000003,1,1.56772,1.56772,0.883937,7.827586206896552,6
EPL,2021,2020-12-16 Arsenal-Southampton,1,2020,14555,2020-12-16 18:00:00,83,74,Arsenal,Southampton,SOU,ARS,1,0.9033,1,0.661135,0.661135,-0.4518249999999999,17.1,6,1,1.7655,1,1.11296,1.11296,0.4518249999999999,9.409090909090908,11
EPL,2021,2020-12-16 Fulham-Brighton,1,2020,14557,2020-12-16 20:00:00,228,220,Fulham,Brighton,BRI,FLH,1,1.9177000000000002,0,1.00448,1.00448,0.5420240000000001,11.363636363636363,5,1,0.7453000000000001,0,0.462456,0.462456,-0.5420240000000001,7.518518518518518,4
EPL,2021,2020-12-16 Leeds-Newcastle United,1,2020,14558,2020-12-16 18:00:00,245,86,Leeds,Newcastle United,NEW,LED,3,2.363,5,2.95137,2.95137,1.507,4.208333333333333,16,0,0.4646,2,1.44437,1.44437,-1.507,15.6875,3
EPL,2021,2020-12-16 Leicester-Everton,1,2020,14559,2020-12-16 18:00:00,75,72,Leicester,Everton,EVE,LEI,0,0.6886,0,0.83883,0.83883,-0.6760300000000001,6.964285714285714,6,3,2.0143,2,1.51486,1.51486,0.6760300000000001,26.692307692307693,3
EPL,2021,2020-12-16 Liverpool-Tottenham,1,2020,14563,2020-12-16 20:00:00,87,82,Liverpool,Tottenham,TOT,LIV,3,1.0954000000000002,2,1.21783,1.21783,-0.29827000000000004,7.352941176470588,18,0,1.6435,1,1.5161,1.5161,0.29827000000000004,18.047619047619047,0
EPL,2021,2020-12-16 West Ham-Crystal Palace,1,2020,14561,2020-12-16 20:00:00,81,78,West Ham,Crystal Palace,CRY,WHU,1,0.6990000000000001,1,0.449469,0.449469,-0.641611,12.1875,3,1,1.9857,1,1.09108,1.09108,0.641611,10.666666666666666,4
EPL,2021,2020-12-17 Aston Villa-Burnley,1,2020,14556,2020-12-17 18:00:00,71,92,Aston Villa,Burnley,BUR,AVL,1,2.4833,0,1.81142,1.81142,1.494683,5.285714285714286,9,1,0.3368,0,0.316737,0.316737,-1.494683,5.774193548387097,1
EPL,2021,2020-12-17 Sheffield United-Manchester United,1,2020,14560,2020-12-17 20:00:00,238,89,Sheffield United,Manchester United,MUN,SHE,0,0.9158,2,1.23525,1.23525,-0.55142,10.758620689655173,10,3,1.8209,3,1.78667,1.78667,0.55142,10.428571428571429,6
EPL,2021,2020-12-19 Crystal Palace-Liverpool,1,2020,14568,2020-12-19 12:30:00,78,87,Crystal Palace,Liverpool,LIV,CRY,0,0.1316,0,0.489318,0.489318,-2.379702,22.761904761904763,4,3,2.7944,7,2.86902,2.86902,2.379702,7.25,9
EPL,2021,2020-12-19 Everton-Arsenal,1,2020,14569,2020-12-19 17:30:00,72,83,Everton,Arsenal,ARS,EVE,3,0.7474999999999999,2,0.661744,0.661744,0.17085,31.3,1,0,1.9574,1,1.25206,0.490894,-0.17085,13.470588235294118,11
EPL,2021,2020-12-19 Newcastle United-Fulham,1,2020,14571,2020-12-19 20:00:00,86,228,Newcastle United,Fulham,FLH,NEW,1,1.5311,1,1.26725,0.506084,-0.600366,14.526315789473685,6,1,1.1552000000000002,1,1.10645,1.10645,0.600366,16.9375,4
EPL,2021,2020-12-19 Southampton-Manchester City,1,2020,14572,2020-12-19 15:00:00,74,88,Southampton,Manchester City,MCI,SOU,0,0.7936,0,0.586972,0.586972,-0.569018,12.142857142857142,7,3,1.8958,1,1.15599,1.15599,0.569018,13.083333333333334,8
EPL,2021,2020-12-20 Brighton-Sheffield United,1,2020,14565,2020-12-20 12:00:00,220,238,Brighton,Sheffield United,SHE,BRI,1,2.5735,1,2.90097,2.90097,1.86384,7.6,14,1,0.2956,1,1.03713,1.03713,-1.86384,24.181818181818183,4
EPL,2021,2020-12-20 Manchester United-Leeds,1,2020,14570,2020-12-20 16:30:00,89,245,Manchester United,Leeds,LED,MUN,3,2.7870999999999997,6,4.77743,4.01626,2.38159,15.722222222222221,12,0,0.15910000000000002,2,1.63467,1.63467,-2.38159,11.666666666666666,5
EPL,2021,2020-12-20 Tottenham-Leicester,1,2020,14573,2020-12-20 14:15:00,82,75,Tottenham,Leicester,LEI,TOT,0,0.7026,0,0.945932,0.945932,-0.04062200000000005,9.476190476190476,5,3,2.0111999999999997,2,1.74772,0.986554,0.04062200000000005,11.782608695652174,13
EPL,2021,2020-12-20 West Bromwich Albion-Aston Villa,1,2020,14574,2020-12-20 19:15:00,76,71,West Bromwich Albion,Aston Villa,AVL,WBA,0,0.0251,0,0.0388442,0.0388442,-1.8196258,14.31578947368421,1,3,2.9518999999999997,3,2.61964,1.85847,1.8196258,8.352941176470589,12
EPL,2021,2020-12-21 Burnley-Wolverhampton Wanderers,1,2020,14566,2020-12-21 17:30:00,92,229,Burnley,Wolverhampton Wanderers,WOL,BUR,3,1.1299,2,1.20465,1.20465,0.508595,14.055555555555555,6,0,1.5739,1,1.45722,0.696055,-0.508595,4.55,4
EPL,2021,2020-12-21 Chelsea-West Ham,1,2020,14567,2020-12-21 20:00:00,80,81,Chelsea,West Ham,WHU,CHE,3,2.8396,3,2.41157,2.41157,2.133833,13.105263157894736,9,0,0.09519999999999999,0,0.277737,0.277737,-2.133833,16.157894736842106,9
EPL,2021,2020-12-26 Arsenal-Chelsea,1,2020,14575,2020-12-26 17:30:00,83,80,Arsenal,Chelsea,CHE,ARS,3,1.1207,3,1.94485,1.18368,-0.30935999999999986,16.125,6,0,1.6145,1,2.25414,1.49304,0.30935999999999986,8.777777777777779,7
EPL,2021,2020-12-26 Aston Villa-Crystal Palace,1,2020,14576,2020-12-26 15:00:00,71,78,Aston Villa,Crystal Palace,CRY,AVL,3,2.9483,3,4.58214,4.58214,3.733054,9.84,9,0,0.0329,0,0.849086,0.849086,-3.733054,7.571428571428571,12
EPL,2021,2020-12-26 Fulham-Southampton,1,2020,14577,2020-12-26 15:00:00,228,74,Fulham,Southampton,SOU,FLH,1,2.006,0,0.781855,0.781855,0.662146,8.615384615384615,6,1,0.5729,0,0.119709,0.119709,-0.662146,4.514285714285714,0
EPL,2021,2020-12-26 Leicester-Manchester United,1,2020,14579,2020-12-26 12:30:00,75,89,Leicester,Manchester United,MUN,LEI,1,0.6244,2,1.0396,1.0396,-1.0446299999999997,10.333333333333334,1,1,2.1586,2,2.08423,2.08423,1.0446299999999997,9.258064516129032,6
EPL,2021,2020-12-26 Manchester City-Newcastle United,1,2020,14581,2020-12-26 20:00:00,88,86,Manchester City,Newcastle United,NEW,MCI,3,2.9400999999999997,2,3.19575,3.19575,2.9947969999999997,13.7,18,0,0.03610000000000001,0,0.200953,0.200953,-2.9947969999999997,27.38888888888889,2
EPL,2021,2020-12-26 Sheffield United-Everton,1,2020,14582,2020-12-26 20:00:00,238,72,Sheffield United,Everton,EVE,SHE,0,2.0613,0,1.25106,1.25106,0.6822570000000001,10.766666666666667,3,3,0.6396,1,0.568803,0.568803,-0.6822570000000001,11.166666666666666,8
EPL,2021,2020-12-27 Leeds-Burnley,1,2020,14578,2020-12-27 12:00:00,245,92,Leeds,Burnley,BUR,LED,3,1.8538000000000001,1,2.13271,1.37154,-0.17436999999999991,10.214285714285714,6,0,0.8887,0,1.54591,1.54591,0.17436999999999991,11.954545454545455,10
EPL,2021,2020-12-27 Liverpool-West Bromwich Albion,1,2020,14580,2020-12-27 16:30:00,87,76,Liverpool,West Bromwich Albion,WBA,LIV,1,1.9223,1,1.45485,1.45485,0.715005,3.260869565217391,18,1,0.7865,1,0.739845,0.739845,-0.715005,39.0,1
EPL,2021,2020-12-27 West Ham-Brighton,1,2020,14583,2020-12-27 14:15:00,81,220,West Ham,Brighton,BRI,WHU,1,1.2597,2,1.38877,1.38877,-0.11673999999999984,18.5,6,1,1.4502,2,1.50551,1.50551,0.11673999999999984,10.421052631578947,5
EPL,2021,2020-12-27 Wolverhampton Wanderers-Tottenham,1,2020,14584,2020-12-27 19:15:00,229,82,Wolverhampton Wanderers,Tottenham,TOT,WOL,1,1.6369,1,0.742598,0.742598,0.334489,6.634146341463414,5,1,0.9535,1,0.408109,0.408109,-0.334489,16.72222222222222,5
EPL,2021,2020-12-28 Chelsea-Aston Villa,1,2020,14586,2020-12-28 17:30:00,80,71,Chelsea,Aston Villa,AVL,CHE,1,2.0733,1,1.53701,1.53701,0.806151,5.142857142857143,8,1,0.6555,1,0.730859,0.730859,-0.806151,16.94736842105263,6
EPL,2021,2020-12-28 Crystal Palace-Leicester,1,2020,14594,2020-12-28 15:00:00,78,75,Crystal Palace,Leicester,LEI,CRY,1,0.2835,1,0.321348,0.321348,-0.6388039999999999,23.375,1,1,2.5497,1,1.72132,0.960152,0.6388039999999999,5.52,4
EPL,2021,2020-12-29 Brighton-Arsenal,1,2020,14585,2020-12-29 18:00:00,220,83,Brighton,Arsenal,ARS,BRI,0,0.8689,0,0.799368,0.799368,-0.5145720000000001,22.0,6,3,1.8466,1,1.31394,1.31394,0.5145720000000001,20.928571428571427,3
EPL,2021,2020-12-29 Burnley-Sheffield United,1,2020,14587,2020-12-29 18:00:00,92,238,Burnley,Sheffield United,SHE,BUR,3,1.8470000000000002,1,0.973831,0.973831,0.481253,12.4,7,0,0.8198000000000001,0,0.492578,0.492578,-0.481253,8.210526315789474,3
EPL,2021,2020-12-29 Manchester United-Wolverhampton Wanderers,1,2020,14592,2020-12-29 20:00:00,89,229,Manchester United,Wolverhampton Wanderers,WOL,MUN,3,2.4391,1,1.48207,1.48207,1.071024,10.956521739130435,10,0,0.3631,0,0.411046,0.411046,-1.071024,26.363636363636363,3
EPL,2021,2020-12-29 Southampton-West Ham,1,2020,14588,2020-12-29 18:00:00,74,81,Southampton,West Ham,WHU,SOU,1,0.9229,0,0.670996,0.670996,-0.40146399999999993,7.894736842105263,7,1,1.7353,0,1.07246,1.07246,0.40146399999999993,16.894736842105264,7
EPL,2021,2020-12-29 West Bromwich Albion-Leeds,1,2020,14590,2020-12-29 18:00:00,76,245,West Bromwich Albion,Leeds,LED,WBA,0,0.4676,0,0.43551,0.43551,-1.1067399999999998,34.42857142857143,1,3,2.2856,5,1.54225,1.54225,1.1067399999999998,7.1875,13
EPL,2021,2020-12-30 Newcastle United-Liverpool,1,2020,14591,2020-12-30 20:00:00,86,87,Newcastle United,Liverpool,LIV,NEW,1,0.9172,0,0.817935,0.817935,-0.5025350000000001,26.866666666666667,3,1,1.7947,0,1.32047,1.32047,0.5025350000000001,5.05,10
EPL,2021,2021-01-01 Everton-West Ham,1,2020,14595,2021-01-01 17:30:00,72,81,Everton,West Ham,WHU,EVE,0,0.5598000000000001,0,0.371045,0.371045,-0.826085,11.222222222222221,5,3,2.1591,1,1.19713,1.19713,0.826085,17.4,4
EPL,2021,2021-01-01 Manchester United-Aston Villa,1,2020,14596,2021-01-01 20:00:00,89,71,Manchester United,Aston Villa,AVL,MUN,3,1.988,2,2.46473,1.70357,0.13922999999999996,7.607142857142857,10,0,0.7895,1,1.56434,1.56434,-0.13922999999999996,10.7,5
EPL,2021,2021-01-02 Brighton-Wolverhampton Wanderers,1,2020,14601,2021-01-02 17:30:00,220,229,Brighton,Wolverhampton Wanderers,WOL,BRI,1,1.8558,3,2.4228,1.66163,0.6042399999999999,7.2,12,1,0.8768999999999999,3,1.81856,1.05739,-0.6042399999999999,24.642857142857142,1
EPL,2021,2021-01-02 Crystal Palace-Sheffield United,1,2020,14604,2021-01-02 15:00:00,78,238,Crystal Palace,Sheffield United,SHE,CRY,3,1.5596999999999999,2,0.598888,0.598888,0.27573,12.541666666666666,5,0,0.9681,0,0.323158,0.323158,-0.27573,6.678571428571429,7
EPL,2021,2021-01-02 Tottenham-Leeds,1,2020,14599,2021-01-02 12:30:00,82,245,Tottenham,Leeds,LED,TOT,3,2.2944,3,2.5286,1.76744,0.6111799999999998,12.166666666666666,7,0,0.5319,0,1.15626,1.15626,-0.6111799999999998,5.346153846153846,11
EPL,2021,2021-01-02 West Bromwich Albion-Arsenal,1,2020,14600,2021-01-02 20:00:00,76,83,West Bromwich Albion,Arsenal,ARS,WBA,0,0.0513,0,0.869874,0.869874,-3.164416,16.73913043478261,4,3,2.9156999999999997,4,4.03429,4.03429,3.164416,16.1,7
EPL,2021,2021-01-03 Chelsea-Manchester City,1,2020,14603,2021-01-03 16:30:00,80,88,Chelsea,Manchester City,MCI,CHE,0,0.14800000000000002,1,0.691013,0.691013,-2.489617,13.52,6,3,2.7748,3,3.18063,3.18063,2.489617,13.4,11
EPL,2021,2021-01-03 Newcastle United-Leicester,1,2020,14597,2021-01-03 14:15:00,86,75,Newcastle United,Leicester,LEI,NEW,0,0.7929999999999999,1,0.264584,0.264584,-0.43749699999999997,13.521739130434783,1,3,1.774,2,0.702081,0.702081,0.43749699999999997,6.310344827586207,6
EPL,2021,2021-01-04 Southampton-Liverpool,1,2020,14598,2021-01-04 20:00:00,74,87,Southampton,Liverpool,LIV,SOU,3,0.6221,1,0.500436,0.500436,-0.8716039999999999,19.36842105263158,2,0,2.1035,0,1.37204,1.37204,0.8716039999999999,5.967741935483871,21
EPL,2021,2021-01-12 Burnley-Manchester United,1,2020,14088,2021-01-12 22:15:00,92,89,Burnley,Manchester United,MUN,BUR,0,0.8648,0,0.648582,0.648582,-0.591378,10.92,5,3,1.8329,1,1.23996,1.23996,0.591378,8.722222222222221,15
EPL,2021,2021-01-12 Sheffield United-Newcastle United,1,2020,14610,2021-01-12 18:00:00,238,86,Sheffield United,Newcastle United,NEW,SHE,3,2.108,1,2.01315,1.25198,0.2045300000000001,8.0,12,0,0.6577999999999999,0,1.04745,1.04745,-0.2045300000000001,24.0,2
EPL,2021,2021-01-12 Wolverhampton Wanderers-Everton,1,2020,14612,2021-01-12 20:15:00,229,72,Wolverhampton Wanderers,Everton,EVE,WOL,0,1.8117,1,0.852495,0.852495,0.52905,15.095238095238095,4,3,0.7932,2,0.323445,0.323445,-0.52905,18.444444444444443,9
EPL,2021,2021-01-13 Manchester City-Brighton,1,2020,14614,2021-01-13 18:00:00,88,220,Manchester City,Brighton,BRI,MCI,3,2.9069000000000003,1,2.90855,2.14738,1.970296,10.9,13,0,0.053899999999999997,0,0.177084,0.177084,-1.970296,17.61904761904762,4
EPL,2021,2021-01-13 Tottenham-Fulham,1,2020,14589,2021-01-13 20:00:00,82,228,Tottenham,Fulham,FLH,TOT,1,2.6103,1,3.14372,3.14372,2.09043,8.32258064516129,3,1,0.28200000000000003,1,1.05329,1.05329,-2.09043,9.34375,7
EPL,2021,2021-01-14 Arsenal-Crystal Palace,1,2020,14605,2021-01-14 20:00:00,83,78,Arsenal,Crystal Palace,CRY,ARS,1,0.9189,0,0.368554,0.368554,-0.34108,5.933333333333334,6,1,1.6446,0,0.709634,0.709634,0.34108,23.875,2
EPL,2021,2021-01-16 Fulham-Chelsea,1,2020,14617,2021-01-16 17:30:00,228,80,Fulham,Chelsea,CHE,FLH,0,0.6173,0,0.46126,0.46126,-0.9181299999999999,20.19047619047619,6,3,2.1143,1,1.37939,1.37939,0.9181299999999999,6.583333333333333,13
EPL,2021,2021-01-16 Leeds-Brighton,1,2020,14618,2021-01-16 15:00:00,245,220,Leeds,Brighton,BRI,LED,0,0.41879999999999995,0,0.245193,0.245193,-0.8990469999999999,8.125,8,3,2.3265000000000002,1,1.14424,1.14424,0.8990469999999999,17.35,11
EPL,2021,2021-01-16 Leicester-Southampton,1,2020,14619,2021-01-16 20:00:00,75,74,Leicester,Southampton,SOU,LEI,3,2.6108,2,2.12019,2.12019,1.742043,9.821428571428571,9,0,0.251,0,0.378147,0.378147,-1.742043,9.521739130434783,5
EPL,2021,2021-01-16 West Ham-Burnley,1,2020,14623,2021-01-16 15:00:00,81,92,West Ham,Burnley,BUR,WHU,3,2.4631,1,1.73397,1.73397,1.338302,9.619047619047619,4,0,0.3484,0,0.395668,0.395668,-1.338302,9.157894736842104,5
EPL,2021,2021-01-16 Wolverhampton Wanderers-West Bromwich Albion,1,2020,14624,2021-01-16 12:30:00,229,76,Wolverhampton Wanderers,West Bromwich Albion,WBA,WOL,0,0.9684999999999999,2,1.94358,1.94358,1.002593,6.764705882352941,5,3,1.795,3,2.46332,0.940987,-1.002593,17.11111111111111,7
EPL,2021,2021-01-17 Liverpool-Manchester United,1,2020,14620,2021-01-17 16:30:00,87,89,Liverpool,Manchester United,MUN,LIV,1,1.3448,0,1.20205,1.20205,0.012760000000000105,5.428571428571429,17,1,1.3472,0,1.18929,1.18929,-0.012760000000000105,19.263157894736842,5
EPL,2021,2021-01-17 Manchester City-Crystal Palace,1,2020,14621,2021-01-17 19:15:00,88,78,Manchester City,Crystal Palace,CRY,MCI,3,2.2645,4,0.961088,0.961088,0.9095044000000001,5.166666666666667,5,0,0.3961,0,0.0515836,0.0515836,-0.9095044000000001,82.2,3
EPL,2021,2021-01-17 Sheffield United-Tottenham,1,2020,14622,2021-01-17 14:00:00,238,82,Sheffield United,Tottenham,TOT,SHE,0,1.0902999999999998,1,0.978133,0.978133,-0.3057169999999999,12.821428571428571,5,3,1.6108,3,1.28385,1.28385,0.3057169999999999,10.38888888888889,8
EPL,2021,2021-01-18 Arsenal-Newcastle United,1,2020,14615,2021-01-18 20:00:00,83,86,Arsenal,Newcastle United,NEW,ARS,3,2.7927,3,2.30744,2.30744,2.138644,9.0,13,0,0.1212,0,0.168796,0.168796,-2.138644,27.857142857142858,2
EPL,2021,2021-01-19 Leicester-Chelsea,1,2020,14609,2021-01-19 20:15:00,75,80,Leicester,Chelsea,CHE,LEI,3,1.8511,2,1.1449,1.1449,0.529173,18.045454545454547,9,0,0.8397999999999999,0,0.615727,0.615727,-0.529173,8.545454545454545,7
EPL,2021,2021-01-19 West Ham-West Bromwich Albion,1,2020,14611,2021-01-19 18:00:00,81,76,West Ham,West Bromwich Albion,WBA,WHU,3,2.6555,2,2.17512,2.17512,1.7110290000000001,13.923076923076923,6,0,0.218,1,0.464091,0.464091,-1.7110290000000001,16.470588235294116,5
EPL,2021,2021-01-20 Fulham-Manchester United,1,2020,14607,2021-01-20 20:15:00,228,89,Fulham,Manchester United,MUN,FLH,0,0.6264,1,0.753669,0.753669,-0.930341,17.789473684210527,4,3,2.133,2,1.68401,1.68401,0.930341,7.333333333333333,7
EPL,2021,2021-01-20 Manchester City-Aston Villa,1,2020,14089,2021-01-20 20:00:00,88,71,Manchester City,Aston Villa,AVL,MCI,3,2.8503000000000003,2,3.34385,2.58268,1.980912,8.235294117647058,21,0,0.09839999999999999,0,0.601768,0.601768,-1.980912,22.285714285714285,3
EPL,2021,2021-01-21 Liverpool-Burnley,1,2020,14613,2021-01-21 20:00:00,87,92,Liverpool,Burnley,BUR,LIV,0,1.7749,0,1.64907,1.64907,1.3296510000000001,8.714285714285714,20,3,0.9483999999999999,1,1.08059,0.319419,-1.3296510000000001,28.90909090909091,4
EPL,2021,2021-01-23 Aston Villa-Newcastle United,1,2020,14535,2021-01-23 20:00:00,71,86,Aston Villa,Newcastle United,NEW,AVL,3,2.7983000000000002,2,2.6026,2.6026,2.2022359999999996,7.916666666666667,7,0,0.1274,0,0.400364,0.400364,-2.2022359999999996,16.095238095238095,2
EPL,2021,2021-01-26 Crystal Palace-West Ham,1,2020,14634,2021-01-26 18:00:00,78,81,Crystal Palace,West Ham,WHU,CRY,0,0.0963,2,0.629033,0.629033,-2.6741770000000002,11.6,12,3,2.8491000000000004,3,3.30321,3.30321,2.6741770000000002,14.578947368421053,5
EPL,2021,2021-01-26 Newcastle United-Leeds,1,2020,14631,2021-01-26 18:00:00,86,245,Newcastle United,Leeds,LED,NEW,0,1.6378,1,1.1364,1.1364,0.3504860000000001,10.25,5,3,1.0348000000000002,2,0.785914,0.785914,-0.3504860000000001,5.3076923076923075,14
EPL,2021,2021-01-26 Southampton-Arsenal,1,2020,14632,2021-01-26 20:15:00,74,83,Southampton,Arsenal,ARS,SOU,0,0.3914,1,0.99504,0.99504,-1.43886,6.68,1,3,2.4371,3,2.4339,2.4339,1.43886,16.3,7
EPL,2021,2021-01-26 West Bromwich Albion-Manchester City,1,2020,14629,2021-01-26 20:15:00,76,88,West Bromwich Albion,Manchester City,MCI,WBA,0,0.20400000000000001,0,0.568258,0.568258,-1.680122,27.0,3,3,2.6637,5,2.24838,2.24838,1.680122,7.866666666666666,15
EPL,2021,2021-01-27 Brighton-Fulham,1,2020,14625,2021-01-27 19:30:00,220,228,Brighton,Fulham,FLH,BRI,1,2.6220999999999997,0,2.29129,2.29129,1.778064,6.852941176470588,12,1,0.2521,0,0.513226,0.513226,-1.778064,8.555555555555555,2
EPL,2021,2021-01-27 Burnley-Aston Villa,1,2020,14626,2021-01-27 18:00:00,92,71,Burnley,Aston Villa,AVL,BUR,3,0.2224,3,0.717681,0.717681,-1.9894990000000001,8.066666666666666,2,0,2.6656,2,2.70718,2.70718,1.9894990000000001,12.125,7
EPL,2021,2021-01-27 Chelsea-Wolverhampton Wanderers,1,2020,14630,2021-01-27 18:00:00,80,229,Chelsea,Wolverhampton Wanderers,WOL,CHE,1,1.2832999999999999,0,0.663324,0.663324,0.03140399999999999,4.28125,6,1,1.3217,0,0.63192,0.63192,-0.03140399999999999,79.33333333333333,1
EPL,2021,2021-01-27 Everton-Leicester,1,2020,14627,2021-01-27 20:15:00,72,75,Everton,Leicester,LEI,EVE,1,1.0066000000000002,1,0.474981,0.474981,-0.317064,24.357142857142858,2,1,1.6051000000000002,1,0.792045,0.792045,0.317064,6.24,8
EPL,2021,2021-01-27 Manchester United-Sheffield United,1,2020,14628,2021-01-27 20:15:00,89,238,Manchester United,Sheffield United,SHE,MUN,0,1.572,1,0.9931,0.9931,0.30355199999999993,5.684210526315789,11,3,1.0848,2,0.689548,0.689548,-0.30355199999999993,17.115384615384617,3
EPL,2021,2021-01-28 Tottenham-Liverpool,1,2020,14633,2021-01-28 20:00:00,82,87,Tottenham,Liverpool,LIV,TOT,0,0.0264,1,0.104586,0.104586,-2.483394,14.80952380952381,0,3,2.9502,3,2.58798,2.58798,2.483394,14.56,11
EPL,2021,2021-01-30 Arsenal-Manchester United,1,2020,14635,2021-01-30 17:30:00,83,89,Arsenal,Manchester United,MUN,ARS,1,0.6979,0,0.747166,0.747166,-0.766154,18.6875,2,1,2.053,0,1.51332,1.51332,0.766154,11.55,8
EPL,2021,2021-01-30 Crystal Palace-Wolverhampton Wanderers,1,2020,14638,2021-01-30 15:00:00,78,229,Crystal Palace,Wolverhampton Wanderers,WOL,CRY,3,2.2431,1,1.36877,1.36877,0.9178630000000001,19.5,5,0,0.5049,0,0.450907,0.450907,-0.9178630000000001,18.705882352941178,2
EPL,2021,2021-01-30 Everton-Newcastle United,1,2020,14644,2021-01-30 12:30:00,72,86,Everton,Newcastle United,NEW,EVE,0,0.6102,0,0.966012,0.966012,-1.1223079999999999,6.7,9,3,2.1897,2,2.08832,2.08832,1.1223079999999999,28.181818181818183,5
EPL,2021,2021-01-30 Manchester City-Sheffield United,1,2020,14642,2021-01-30 15:00:00,88,238,Manchester City,Sheffield United,SHE,MCI,3,2.6496,1,1.53116,1.53116,1.3766230000000002,10.266666666666667,6,0,0.2001,0,0.154537,0.154537,-1.3766230000000002,35.416666666666664,6
EPL,2021,2021-01-30 Southampton-Aston Villa,1,2020,14641,2021-01-30 20:00:00,74,71,Southampton,Aston Villa,AVL,SOU,0,2.4133,0,2.22557,2.22557,1.430062,9.0625,17,3,0.4084,1,0.795508,0.795508,-1.430062,10.538461538461538,4
EPL,2021,2021-01-30 West Bromwich Albion-Fulham,1,2020,14640,2021-01-30 15:00:00,76,228,West Bromwich Albion,Fulham,FLH,WBA,1,0.9413,2,0.994664,0.994664,-0.525776,14.5,0,1,1.772,2,1.52044,1.52044,0.525776,8.764705882352942,7
EPL,2021,2021-01-31 Brighton-Tottenham,1,2020,14636,2021-01-31 19:15:00,220,82,Brighton,Tottenham,TOT,BRI,3,2.4952,1,1.77386,1.77386,1.401336,9.451612903225806,21,0,0.3337,0,0.372524,0.372524,-1.401336,12.125,6
EPL,2021,2021-01-31 Chelsea-Burnley,1,2020,14637,2021-01-31 12:00:00,80,92,Chelsea,Burnley,BUR,CHE,3,2.2206,2,1.4405,1.4405,1.0497859999999999,6.35,23,0,0.5115000000000001,0,0.390714,0.390714,-1.0497859999999999,17.08695652173913,4
EPL,2021,2021-01-31 Leicester-Leeds,1,2020,14643,2021-01-31 14:00:00,75,245,Leicester,Leeds,LED,LEI,0,1.3044,1,1.73432,1.73432,-0.07977999999999996,8.178571428571429,6,3,1.4327999999999999,3,1.8141,1.8141,0.07977999999999996,7.233333333333333,4
EPL,2021,2021-01-31 West Ham-Liverpool,1,2020,14639,2021-01-31 16:30:00,81,87,West Ham,Liverpool,LIV,WHU,0,0.4976,1,0.883061,0.883061,-1.1750289999999999,42.0,2,3,2.2973,3,2.05809,2.05809,1.1750289999999999,12.294117647058824,13
EPL,2021,2021-02-02 Manchester United-Southampton,1,2020,14651,2021-02-02 20:15:00,89,74,Manchester United,Southampton,SOU,MUN,3,2.9823,9,5.0325,4.27133,3.7634369999999997,4.555555555555555,23,0,0.0102,0,0.507893,0.507893,-3.7634369999999997,14.5,2
EPL,2021,2021-02-02 Newcastle United-Crystal Palace,1,2020,14652,2021-02-02 20:15:00,86,78,Newcastle United,Crystal Palace,CRY,NEW,0,2.1755,1,1.90755,1.90755,1.098238,9.476190476190476,9,3,0.6023000000000001,2,0.809312,0.809312,-1.098238,21.0,6
EPL,2021,2021-02-02 Sheffield United-West Bromwich Albion,1,2020,14649,2021-02-02 18:00:00,238,76,Sheffield United,West Bromwich Albion,WBA,SHE,3,1.0617,2,1.35804,1.35804,-0.2606700000000002,5.0,12,0,1.6209000000000002,1,1.61871,1.61871,0.2606700000000002,17.823529411764707,2
EPL,2021,2021-02-02 Wolverhampton Wanderers-Arsenal,1,2020,14650,2021-02-02 18:00:00,229,83,Wolverhampton Wanderers,Arsenal,ARS,WOL,3,2.121,2,1.56162,0.800456,0.0841909999999999,25.23076923076923,2,0,0.6237,1,0.716265,0.716265,-0.0841909999999999,15.318181818181818,5
EPL,2021,2021-02-03 Aston Villa-West Ham,1,2020,14645,2021-02-03 20:15:00,71,81,Aston Villa,West Ham,WHU,AVL,0,0.6338,1,0.741154,0.741154,-1.049486,7.7272727272727275,7,3,2.1437,3,1.79064,1.79064,1.049486,17.266666666666666,6
EPL,2021,2021-02-03 Burnley-Manchester City,1,2020,14646,2021-02-03 18:00:00,92,88,Burnley,Manchester City,MCI,BUR,0,0.0766,0,0.0489155,0.0489155,-2.0726145,31.214285714285715,5,3,2.8528000000000002,2,2.12153,2.12153,2.0726145,11.923076923076923,12
EPL,2021,2021-02-03 Fulham-Leicester,1,2020,14647,2021-02-03 18:00:00,228,75,Fulham,Leicester,LEI,FLH,0,0.47209999999999996,0,0.731288,0.731288,-0.981702,7.666666666666667,10,3,2.2877,2,1.71299,1.71299,0.981702,19.0,6
EPL,2021,2021-02-03 Leeds-Everton,1,2020,14648,2021-02-03 19:30:00,245,72,Leeds,Everton,EVE,LED,0,0.7528999999999999,1,1.14303,1.14303,-0.7723599999999999,5.612903225806452,10,3,2.0048000000000004,2,1.91539,1.91539,0.7723599999999999,14.55,2
EPL,2021,2021-02-03 Liverpool-Brighton,1,2020,14654,2021-02-03 20:15:00,87,220,Liverpool,Brighton,BRI,LIV,0,1.241,0,1.09518,1.09518,-0.09458999999999995,10.714285714285714,11,3,1.4462,1,1.18977,1.18977,0.09458999999999995,29.083333333333332,1
EPL,2021,2021-02-04 Tottenham-Chelsea,1,2020,14653,2021-02-04 20:00:00,82,80,Tottenham,Chelsea,CHE,TOT,0,0.243,0,0.569446,0.569446,-1.0623839999999998,12.344827586206897,2,3,2.6319,1,2.393,1.63183,1.0623839999999998,9.206896551724139,13
EPL,2021,2021-02-06 Aston Villa-Arsenal,1,2020,14655,2021-02-06 12:30:00,71,83,Aston Villa,Arsenal,ARS,AVL,3,1.7979,1,1.19792,1.19792,0.5182710000000001,20.6,5,0,0.8999999999999999,0,0.679649,0.679649,-0.5182710000000001,6.136363636363637,14
EPL,2021,2021-02-06 Burnley-Brighton,1,2020,14656,2021-02-06 15:00:00,92,220,Burnley,Brighton,BRI,BUR,1,2.3692,1,1.88934,1.88934,1.276658,18.0,13,1,0.4456,1,0.612682,0.612682,-1.276658,12.722222222222221,5
EPL,2021,2021-02-06 Fulham-West Ham,1,2020,14657,2021-02-06 17:30:00,228,81,Fulham,West Ham,WHU,FLH,1,1.8686,0,1.60884,1.60884,0.665301,10.875,12,1,0.8585,0,0.943539,0.943539,-0.665301,23.4,2
EPL,2021,2021-02-06 Manchester United-Everton,1,2020,14660,2021-02-06 20:00:00,89,72,Manchester United,Everton,EVE,MUN,1,1.4781,3,1.71769,1.71769,0.16059,10.666666666666666,6,1,1.2441,3,1.5571,1.5571,-0.16059,35.1,3
EPL,2021,2021-02-06 Newcastle United-Southampton,1,2020,14661,2021-02-06 15:00:00,86,74,Newcastle United,Southampton,SOU,NEW,3,0.9443999999999999,3,0.910553,0.910553,-0.5238970000000001,18.0,6,0,1.7691,2,1.43445,1.43445,0.5238970000000001,2.8846153846153846,8
EPL,2021,2021-02-07 Liverpool-Manchester City,1,2020,14659,2021-02-07 16:30:00,87,88,Liverpool,Manchester City,MCI,LIV,0,0.065,1,1.17728,0.416109,-2.374681,10.866666666666667,6,3,2.8931,4,3.55196,2.79079,2.374681,20.63157894736842,4
EPL,2021,2021-02-07 Sheffield United-Chelsea,1,2020,14662,2021-02-07 19:15:00,238,80,Sheffield United,Chelsea,CHE,SHE,0,0.49560000000000004,1,0.623045,0.623045,-0.2572230000000001,19.695652173913043,4,3,2.2695000000000003,2,1.64144,0.880268,0.2572230000000001,10.642857142857142,9
EPL,2021,2021-02-07 Tottenham-West Bromwich Albion,1,2020,14663,2021-02-07 12:00:00,82,76,Tottenham,West Bromwich Albion,WBA,TOT,3,2.3049,2,1.92997,1.92997,1.231284,7.681818181818182,10,0,0.4905,0,0.698686,0.698686,-1.231284,24.357142857142858,3
EPL,2021,2021-02-07 Wolverhampton Wanderers-Leicester,1,2020,14664,2021-02-07 14:00:00,229,75,Wolverhampton Wanderers,Leicester,LEI,WOL,1,1.9977,0,1.35506,1.35506,0.7228279999999999,14.826086956521738,7,1,0.7269,0,0.632232,0.632232,-0.7228279999999999,7.470588235294118,10
EPL,2021,2021-02-08 Leeds-Crystal Palace,1,2020,14658,2021-02-08 20:00:00,245,78,Leeds,Crystal Palace,CRY,LED,3,2.7859000000000003,2,2.64769,2.64769,2.277412,6.869565217391305,7,0,0.13690000000000002,0,0.370278,0.370278,-2.277412,37.69230769230769,4
EPL,2021,2021-02-13 Brighton-Aston Villa,1,2020,14666,2021-02-13 20:00:00,220,71,Brighton,Aston Villa,AVL,BRI,1,2.8152,0,2.33232,2.33232,2.1882840000000003,8.727272727272727,16,1,0.1071,0,0.144036,0.144036,-2.1882840000000003,16.333333333333332,4
EPL,2021,2021-02-13 Crystal Palace-Burnley,1,2020,14668,2021-02-13 15:00:00,78,92,Crystal Palace,Burnley,BUR,CRY,0,0.4545,0,0.645616,0.645616,-1.309404,5.758620689655173,10,3,2.3651999999999997,3,1.95502,1.95502,1.309404,7.8,4
EPL,2021,2021-02-13 Leicester-Liverpool,1,2020,14670,2021-02-13 12:30:00,75,87,Leicester,Liverpool,LIV,LEI,3,1.6653,3,2.07383,2.07383,0.39058000000000015,13.478260869565217,2,0,1.0683,1,1.68325,1.68325,-0.39058000000000015,7.566666666666666,12
EPL,2021,2021-02-13 Manchester City-Tottenham,1,2020,14671,2021-02-13 17:30:00,88,82,Manchester City,Tottenham,TOT,MCI,3,2.7367,3,2.46219,1.70102,1.27752,9.548387096774194,17,0,0.1681,0,0.4235,0.4235,-1.27752,19.65,1
EPL,2021,2021-02-14 Arsenal-Leeds,1,2020,14665,2021-02-14 16:30:00,83,245,Arsenal,Leeds,LED,ARS,3,2.6355000000000004,4,2.50614,1.74497,0.9742299999999999,13.090909090909092,13,0,0.2415,2,0.77074,0.77074,-0.9742299999999999,9.875,7
EPL,2021,2021-02-14 Everton-Fulham,1,2020,14669,2021-02-14 19:00:00,72,228,Everton,Fulham,FLH,EVE,0,0.06849999999999999,0,0.314075,0.314075,-2.236775,13.136363636363637,1,3,2.8834,2,2.55085,2.55085,2.236775,11.766666666666667,9
EPL,2021,2021-02-14 Southampton-Wolverhampton Wanderers,1,2020,14672,2021-02-14 12:00:00,74,229,Southampton,Wolverhampton Wanderers,WOL,SOU,0,1.0531000000000001,1,0.8536,0.8536,0.5211600000000001,11.523809523809524,6,3,1.6020999999999999,2,1.09361,0.33244,-0.5211600000000001,15.368421052631579,3
EPL,2021,2021-02-14 West Bromwich Albion-Manchester United,1,2020,14673,2021-02-14 14:00:00,76,89,West Bromwich Albion,Manchester United,MUN,WBA,1,1.8589999999999998,1,0.945964,0.945964,0.522079,25.583333333333332,3,1,0.7859,1,0.423885,0.423885,-0.522079,7.928571428571429,9
EPL,2021,2021-02-15 Chelsea-Newcastle United,1,2020,14667,2021-02-15 20:00:00,80,86,Chelsea,Newcastle United,NEW,CHE,3,2.7429,2,2.5428,2.5428,2.1101970000000003,6.409090909090909,8,0,0.162,0,0.432603,0.432603,-2.1101970000000003,10.545454545454545,1
EPL,2021,2021-02-15 West Ham-Sheffield United,1,2020,14674,2021-02-15 18:00:00,81,238,West Ham,Sheffield United,SHE,WHU,3,2.3964000000000003,3,2.32735,1.56618,0.6395279999999999,17.571428571428573,2,0,0.4209,0,0.926652,0.926652,-0.6395279999999999,14.470588235294118,9
EPL,2021,2021-02-17 Burnley-Fulham,1,2020,14602,2021-02-17 18:00:00,92,228,Burnley,Fulham,FLH,BUR,1,1.9351000000000003,1,1.20642,1.20642,0.6119490000000001,10.56,5,1,0.7654,1,0.594471,0.594471,-0.6119490000000001,12.857142857142858,4
EPL,2021,2021-02-17 Everton-Manchester City,1,2020,14593,2021-02-17 20:15:00,72,88,Everton,Manchester City,MCI,EVE,0,1.2189,1,1.04664,1.04664,-0.18554000000000004,27.0,2,3,1.3965,3,1.23218,1.23218,0.18554000000000004,10.176470588235293,9
EPL,2021,2021-02-19 Wolverhampton Wanderers-Leeds,1,2020,14684,2021-02-19 20:00:00,229,245,Wolverhampton Wanderers,Leeds,LED,WOL,3,0.2581,1,0.592049,0.592049,-1.8872509999999998,9.851851851851851,1,0,2.6173,0,2.4793,2.4793,1.8872509999999998,7.7368421052631575,6
EPL,2021,2021-02-20 Burnley-West Bromwich Albion,1,2020,14678,2021-02-20 15:00:00,92,76,Burnley,West Bromwich Albion,WBA,BUR,1,0.3362,0,0.535153,0.535153,-1.184067,4.44,3,1,2.4752,0,1.71922,1.71922,1.184067,19.0,4
EPL,2021,2021-02-20 Fulham-Sheffield United,1,2020,14679,2021-02-20 20:00:00,228,238,Fulham,Sheffield United,SHE,FLH,3,1.5197,1,1.21006,1.21006,0.23231299999999988,9.533333333333333,7,0,1.1636,0,0.977747,0.977747,-0.23231299999999988,10.28125,2
EPL,2021,2021-02-20 Liverpool-Everton,1,2020,14680,2021-02-20 17:30:00,87,72,Liverpool,Everton,EVE,LIV,0,1.0014,0,1.54046,1.54046,0.28694,6.5,14,3,1.7409000000000001,2,2.01468,1.25352,-0.28694,21.055555555555557,1
EPL,2021,2021-02-20 Southampton-Chelsea,1,2020,14682,2021-02-20 12:30:00,74,80,Southampton,Chelsea,CHE,SOU,1,0.4658,1,0.496603,0.496603,-0.190716,16.928571428571427,0,1,2.2822999999999998,1,1.44849,0.687319,0.190716,4.171428571428572,10
EPL,2021,2021-02-21 Arsenal-Manchester City,1,2020,14675,2021-02-21 16:30:00,83,88,Arsenal,Manchester City,MCI,ARS,0,0.2346,0,0.331188,0.331188,-1.757492,16.77777777777778,6,3,2.6313000000000004,1,2.08868,2.08868,1.757492,16.526315789473685,7
EPL,2021,2021-02-21 Aston Villa-Leicester,1,2020,14676,2021-02-21 14:00:00,71,75,Aston Villa,Leicester,LEI,AVL,0,1.7764000000000002,1,1.7084,1.7084,0.46987999999999985,13.823529411764707,5,3,0.9439,2,1.23852,1.23852,-0.46987999999999985,9.04,6
EPL,2021,2021-02-21 Manchester United-Newcastle United,1,2020,14681,2021-02-21 19:00:00,89,86,Manchester United,Newcastle United,NEW,MUN,3,2.5411,3,1.7256,0.964431,0.622653,6.388888888888889,10,0,0.29410000000000003,1,0.341778,0.341778,-0.622653,22.352941176470587,1
EPL,2021,2021-02-21 West Ham-Tottenham,1,2020,14683,2021-02-21 12:00:00,81,82,West Ham,Tottenham,TOT,WHU,3,1.7996999999999999,2,1.09246,1.09246,0.321754,11.5,2,0,0.8571,1,0.770706,0.770706,-0.321754,6.176470588235294,8
EPL,2021,2021-02-22 Brighton-Crystal Palace,1,2020,14677,2021-02-22 20:00:00,220,78,Brighton,Crystal Palace,CRY,BRI,0,2.8445,1,2.59204,2.59204,2.412154,5.695652173913044,13,3,0.08990000000000001,2,0.179886,0.179886,-2.412154,38.7,0
EPL,2021,2021-02-23 Leeds-Southampton,1,2020,14608,2021-02-23 20:00:00,245,74,Leeds,Southampton,SOU,LED,3,1.6148,3,1.84753,1.84753,0.3677199999999998,6.724137931034483,10,0,1.1264,0,1.47981,1.47981,-0.3677199999999998,6.464285714285714,5
EPL,2021,2021-02-27 Leeds-Aston Villa,1,2020,14691,2021-02-27 17:30:00,245,71,Leeds,Aston Villa,AVL,LED,0,1.4385,0,1.00106,1.00106,0.12480500000000005,4.45,6,3,1.2084000000000001,1,0.876255,0.876255,-0.12480500000000005,11.4,1
EPL,2021,2021-02-27 Manchester City-West Ham,1,2020,14689,2021-02-27 12:30:00,88,81,Manchester City,West Ham,WHU,MCI,3,0.3903,2,0.760574,0.760574,-1.168346,11.95,5,0,2.4105,1,1.92892,1.92892,1.168346,22.125,2
EPL,2021,2021-02-27 Newcastle United-Wolverhampton Wanderers,1,2020,14688,2021-02-27 20:00:00,86,229,Newcastle United,Wolverhampton Wanderers,WOL,NEW,1,1.8578999999999999,1,1.9519,1.9519,0.67363,5.970588235294118,6,1,0.9012,1,1.27827,1.27827,-0.67363,12.823529411764707,5
EPL,2021,2021-02-27 West Bromwich Albion-Brighton,1,2020,14692,2021-02-27 15:00:00,76,220,West Bromwich Albion,Brighton,BRI,WBA,3,0.1051,1,0.687091,0.687091,-0.9117190000000001,14.272727272727273,2,0,2.8303000000000003,0,3.12111,1.59881,0.9117190000000001,3.8,10
EPL,2021,2021-02-28 Chelsea-Manchester United,1,2020,14685,2021-02-28 16:30:00,80,89,Chelsea,Manchester United,MUN,CHE,1,2.1529,0,1.17294,1.17294,0.8134000000000001,8.73076923076923,1,1,0.5571999999999999,0,0.35954,0.35954,-0.8134000000000001,10.235294117647058,4
EPL,2021,2021-02-28 Crystal Palace-Fulham,1,2020,14687,2021-02-28 12:00:00,78,228,Crystal Palace,Fulham,FLH,CRY,1,0.5389999999999999,0,0.0880148,0.0880148,-0.7251192,9.636363636363637,1,1,2.0315000000000003,0,0.813134,0.813134,0.7251192,6.866666666666666,5
EPL,2021,2021-02-28 Leicester-Arsenal,1,2020,14690,2021-02-28 12:00:00,75,83,Leicester,Arsenal,ARS,LEI,0,0.1895,1,0.533575,0.533575,-0.8117549999999999,10.96,3,3,2.7008,3,2.1065,1.34533,0.8117549999999999,24.4,7
EPL,2021,2021-02-28 Sheffield United-Liverpool,1,2020,14694,2021-02-28 19:15:00,238,87,Sheffield United,Liverpool,LIV,SHE,0,0.2464,0,0.777149,0.777149,-2.028361,18.842105263157894,3,3,2.6454999999999997,2,2.80551,2.80551,2.028361,12.8,6
EPL,2021,2021-02-28 Tottenham-Burnley,1,2020,14693,2021-02-28 14:00:00,82,92,Tottenham,Burnley,BUR,TOT,3,2.5732999999999997,4,2.35788,2.35788,1.7546680000000001,21.363636363636363,4,0,0.29479999999999995,0,0.603212,0.603212,-1.7546680000000001,12.352941176470589,7
EPL,2021,2021-03-01 Everton-Southampton,1,2020,14686,2021-03-01 20:00:00,72,74,Everton,Southampton,SOU,EVE,3,2.0606,1,1.42054,1.42054,0.7547969999999999,10.185185185185185,5,0,0.6473,0,0.665743,0.665743,-0.7547969999999999,8.03225806451613,3
EPL,2021,2021-03-02 Manchester City-Wolverhampton Wanderers,1,2020,14720,2021-03-02 20:00:00,88,229,Manchester City,Wolverhampton Wanderers,WOL,MCI,3,2.9046000000000003,4,3.26196,3.26196,2.943136,7.071428571428571,20,0,0.0585,1,0.318824,0.318824,-2.943136,34.76923076923077,1
EPL,2021,2021-03-03 Burnley-Leicester,1,2020,14716,2021-03-03 18:00:00,92,75,Burnley,Leicester,LEI,BUR,1,1.392,1,1.26793,1.26793,0.026839999999999975,18.833333333333332,7,1,1.311,1,1.24109,1.24109,-0.026839999999999975,9.5,6
EPL,2021,2021-03-03 Crystal Palace-Manchester United,1,2020,14717,2021-03-03 20:15:00,78,89,Crystal Palace,Manchester United,MUN,CRY,1,1.5098000000000003,0,0.742397,0.742397,0.158381,16.473684210526315,3,1,1.1122999999999998,0,0.584016,0.584016,-0.158381,10.736842105263158,8
EPL,2021,2021-03-03 Sheffield United-Aston Villa,1,2020,14721,2021-03-03 18:00:00,238,71,Sheffield United,Aston Villa,AVL,SHE,3,0.754,1,0.716254,0.716254,-0.725506,14.608695652173912,5,0,1.963,0,1.44176,1.44176,0.725506,14.333333333333334,16
EPL,2021,2021-03-04 Fulham-Tottenham,1,2020,14757,2021-03-04 18:00:00,228,82,Fulham,Tottenham,TOT,FLH,0,1.0149,0,1.1715,1.1715,-0.38040000000000007,7.464285714285714,9,3,1.7037,1,1.5519,1.5519,0.38040000000000007,11.535714285714286,7
EPL,2021,2021-03-04 Liverpool-Chelsea,1,2020,14719,2021-03-04 20:15:00,87,80,Liverpool,Chelsea,CHE,LIV,0,0.4597,0,0.247034,0.247034,-0.9793160000000001,11.96875,10,3,2.2693,1,1.22635,1.22635,0.9793160000000001,12.533333333333333,12
EPL,2021,2021-03-04 West Bromwich Albion-Everton,1,2020,14723,2021-03-04 18:00:00,76,72,West Bromwich Albion,Everton,EVE,WBA,0,1.0187,0,1.02038,1.02038,-0.38751,16.57894736842105,7,3,1.6999999999999997,1,1.40789,1.40789,0.38751,11.80952380952381,8
EPL,2021,2021-03-06 Aston Villa-Wolverhampton Wanderers,1,2020,14695,2021-03-06 17:30:00,71,229,Aston Villa,Wolverhampton Wanderers,WOL,AVL,1,0.425,0,0.956392,0.956392,-1.1944779999999997,9.08,1,1,2.3849,0,2.15087,2.15087,1.1944779999999997,12.666666666666666,0
EPL,2021,2021-03-06 Brighton-Leicester,1,2020,14696,2021-03-06 20:00:00,220,75,Brighton,Leicester,LEI,BRI,0,1.0495999999999999,1,0.75471,0.75471,-0.2833000000000001,11.78125,11,3,1.6166,2,1.03801,1.03801,0.2833000000000001,7.5,7
EPL,2021,2021-03-06 Burnley-Arsenal,1,2020,14697,2021-03-06 12:30:00,92,83,Burnley,Arsenal,ARS,BUR,1,0.4816,1,1.10374,1.10374,-1.43318,31.09090909090909,5,1,2.3446,1,2.53692,2.53692,1.43318,11.055555555555555,8
EPL,2021,2021-03-06 Sheffield United-Southampton,1,2020,14701,2021-03-06 15:00:00,238,74,Sheffield United,Southampton,SOU,SHE,0,0.38949999999999996,0,0.908155,0.908155,-0.704545,7.793103448275862,5,3,2.4388,2,2.37386,1.6127,0.704545,7.25,5
EPL,2021,2021-03-07 Liverpool-Fulham,1,2020,14699,2021-03-07 14:00:00,87,228,Liverpool,Fulham,FLH,LIV,0,0.7490000000000001,0,0.701764,0.701764,-0.668706,10.0,5,3,1.9742,1,1.37047,1.37047,0.668706,20.58823529411765,2
EPL,2021,2021-03-07 Manchester City-Manchester United,1,2020,14700,2021-03-07 16:30:00,88,89,Manchester City,Manchester United,MUN,MCI,0,0.7534000000000001,0,1.27561,1.27561,-0.07733000000000012,8.153846153846153,13,3,2.0395,2,2.11411,1.35294,0.07733000000000012,24.857142857142858,4
EPL,2021,2021-03-07 Tottenham-Crystal Palace,1,2020,14702,2021-03-07 19:15:00,82,78,Tottenham,Crystal Palace,CRY,TOT,3,2.6268000000000002,4,2.24159,2.24159,1.682207,5.805555555555555,5,0,0.24059999999999998,1,0.559383,0.559383,-1.682207,14.5,1
EPL,2021,2021-03-07 West Bromwich Albion-Newcastle United,1,2020,14703,2021-03-07 12:00:00,76,86,West Bromwich Albion,Newcastle United,NEW,WBA,1,2.2386999999999997,0,1.46503,1.46503,1.010453,9.894736842105264,13,1,0.5221,0,0.454577,0.454577,-1.010453,8.333333333333334,6
EPL,2021,2021-03-08 Chelsea-Everton,1,2020,14698,2021-03-08 18:00:00,80,72,Chelsea,Everton,EVE,CHE,3,2.851,2,2.57224,1.81107,1.5403129999999998,9.125,6,0,0.0907,0,0.270757,0.270757,-1.5403129999999998,18.192307692307693,0
EPL,2021,2021-03-08 West Ham-Leeds,1,2020,14704,2021-03-08 20:00:00,81,245,West Ham,Leeds,LED,WHU,3,2.1737,2,2.37556,1.45364,0.10393000000000008,14.347826086956522,2,0,0.623,0,1.34971,1.34971,-0.10393000000000008,6.409090909090909,11
EPL,2021,2021-03-10 Manchester City-Southampton,1,2020,14761,2021-03-10 18:00:00,88,74,Manchester City,Southampton,SOU,MCI,3,2.3892,5,3.10503,3.10503,2.2605910000000002,20.733333333333334,10,0,0.4413,2,1.60561,0.844439,-2.2605910000000002,18.391304347826086,5
EPL,2021,2021-03-12 Newcastle United-Aston Villa,1,2020,14712,2021-03-12 20:00:00,86,71,Newcastle United,Aston Villa,AVL,NEW,1,1.4235,1,0.873171,0.873171,0.124506,6.785714285714286,5,1,1.2264000000000002,1,0.748665,0.748665,-0.124506,7.523809523809524,5
EPL,2021,2021-03-13 Crystal Palace-West Bromwich Albion,1,2020,14706,2021-03-13 15:00:00,78,76,Crystal Palace,West Bromwich Albion,WBA,CRY,3,2.1841999999999997,1,1.30694,0.545768,0.03232900000000005,9.181818181818182,2,0,0.5564,0,0.513439,0.513439,-0.03232900000000005,5.379310344827586,8
EPL,2021,2021-03-13 Everton-Burnley,1,2020,14707,2021-03-13 17:30:00,72,92,Everton,Burnley,BUR,EVE,0,2.1591000000000005,1,1.69849,1.69849,0.9499700000000001,7.222222222222222,9,3,0.6192,2,0.74852,0.74852,-0.9499700000000001,20.733333333333334,9
EPL,2021,2021-03-13 Fulham-Manchester City,1,2020,14708,2021-03-13 20:00:00,228,88,Fulham,Manchester City,MCI,FLH,0,0.0733,0,0.449499,0.449499,-1.515111,10.151515151515152,7,3,2.8753,3,2.72578,1.96461,1.515111,8.625,6
EPL,2021,2021-03-13 Leeds-Chelsea,1,2020,14709,2021-03-13 12:30:00,245,80,Leeds,Chelsea,CHE,LED,1,0.7721,0,0.382957,0.382957,-0.588097,10.357142857142858,3,1,1.8632,0,0.971054,0.971054,0.588097,7.96,12
EPL,2021,2021-03-14 Arsenal-Tottenham,1,2020,14705,2021-03-14 16:30:00,83,82,Arsenal,Tottenham,TOT,ARS,3,2.1662999999999997,2,1.56529,0.804116,0.09855000000000003,9.78125,10,0,0.5556,1,0.705566,0.705566,-0.09855000000000003,14.1,4
EPL,2021,2021-03-14 Leicester-Sheffield United,1,2020,14710,2021-03-14 14:00:00,75,238,Leicester,Sheffield United,SHE,LEI,3,2.9935,5,4.54571,4.54571,4.4522322999999995,6.115384615384615,12,0,0.0037,0,0.0934777,0.0934777,-4.4522322999999995,22.5,2
EPL,2021,2021-03-14 Manchester United-West Ham,1,2020,14711,2021-03-14 19:15:00,89,81,Manchester United,West Ham,WHU,MUN,3,2.346,1,1.70128,1.70128,1.2375429999999998,9.869565217391305,12,0,0.44430000000000003,0,0.463737,0.463737,-1.2375429999999998,19.9375,6
EPL,2021,2021-03-14 Southampton-Brighton,1,2020,14713,2021-03-14 12:00:00,74,220,Southampton,Brighton,BRI,SOU,0,1.4743,1,1.03495,1.03495,0.13898300000000008,16.11111111111111,7,3,1.1902,2,0.895967,0.895967,-0.13898300000000008,7.878787878787879,2
EPL,2021,2021-03-15 Wolverhampton Wanderers-Liverpool,1,2020,14714,2021-03-15 20:00:00,229,87,Wolverhampton Wanderers,Liverpool,LIV,WOL,0,1.5814000000000001,0,1.29175,1.29175,0.23655000000000004,6.96969696969697,4,3,1.1188,1,1.0552,1.0552,-0.23655000000000004,12.347826086956522,10
EPL,2021,2021-03-19 Fulham-Leeds,1,2020,14718,2021-03-19 20:00:00,228,245,Fulham,Leeds,LED,FLH,0,1.4163,1,1.47498,1.47498,0.06791999999999998,7.6,8,3,1.3092,2,1.40706,1.40706,-0.06791999999999998,4.764705882352941,6
EPL,2021,2021-03-20 Brighton-Newcastle United,1,2020,14715,2021-03-20 20:00:00,220,86,Brighton,Newcastle United,NEW,BRI,3,2.1766,3,0.951921,0.951921,0.8509760000000001,7.633333333333334,8,0,0.4681,0,0.100945,0.100945,-0.8509760000000001,26.63157894736842,1
EPL,2021,2021-03-21 Aston Villa-Tottenham,1,2020,14606,2021-03-21 19:30:00,71,82,Aston Villa,Tottenham,TOT,AVL,0,0.2982,0,0.439681,0.439681,-0.51926,6.342105263157895,8,3,2.5343999999999998,2,1.72011,0.958941,0.51926,10.8,6
EPL,2021,2021-03-21 West Ham-Arsenal,1,2020,14724,2021-03-21 15:00:00,81,83,West Ham,Arsenal,ARS,WHU,1,2.2377000000000002,3,2.50629,2.50629,1.1541199999999998,14.45,5,1,0.5661,3,1.35217,1.35217,-1.1541199999999998,12.23076923076923,10
EPL,2021,2021-04-03 Arsenal-Liverpool,1,2020,14725,2021-04-03 19:00:00,83,87,Arsenal,Liverpool,LIV,ARS,0,0.0928,0,0.161161,0.161161,-2.2761590000000003,19.52173913043478,1,3,2.8381000000000003,3,2.43732,2.43732,2.2761590000000003,7.5,14
EPL,2021,2021-04-03 Chelsea-West Bromwich Albion,1,2020,14727,2021-04-03 11:30:00,80,76,Chelsea,West Bromwich Albion,WBA,CHE,0,2.1777,2,2.55917,2.55917,1.1760199999999998,6.185185185185185,12,3,0.6399,5,1.38315,1.38315,-1.1760199999999998,15.523809523809524,6
EPL,2021,2021-04-03 Leeds-Sheffield United,1,2020,14729,2021-04-03 14:00:00,245,238,Leeds,Sheffield United,SHE,LED,3,2.5014,2,2.50597,2.50597,1.638318,11.31578947368421,9,0,0.3387,1,0.867652,0.867652,-1.638318,9.185185185185185,4
EPL,2021,2021-04-03 Leicester-Manchester City,1,2020,14730,2021-04-03 16:30:00,75,88,Leicester,Manchester City,MCI,LEI,0,0.2195,0,0.284781,0.284781,-1.699599,21.0,2,3,2.6458999999999997,2,1.98438,1.98438,1.699599,8.405405405405405,12
EPL,2021,2021-04-04 Aston Villa-Fulham,1,2020,14726,2021-04-04 15:30:00,71,228,Aston Villa,Fulham,FLH,AVL,3,1.3447,3,1.52229,1.52229,0.0005699999999999594,7.166666666666667,4,0,1.3561,1,1.52172,1.52172,-0.0005699999999999594,10.0,3
EPL,2021,2021-04-04 Manchester United-Brighton,1,2020,14731,2021-04-04 18:30:00,89,220,Manchester United,Brighton,BRI,MUN,3,1.6057000000000001,2,1.73474,1.73474,0.32403000000000004,9.392857142857142,11,0,1.0909,1,1.41071,1.41071,-0.32403000000000004,12.857142857142858,4
EPL,2021,2021-04-04 Newcastle United-Tottenham,1,2020,14732,2021-04-04 13:05:00,86,82,Newcastle United,Tottenham,TOT,NEW,1,2.016,2,3.30098,3.30098,0.86415,15.6,7,1,0.759,2,2.43683,2.43683,-0.86415,8.1,7
EPL,2021,2021-04-04 Southampton-Burnley,1,2020,14733,2021-04-04 11:00:00,74,92,Southampton,Burnley,BUR,SOU,3,2.029,3,2.40272,2.40272,1.6610429999999998,7.8125,14,0,0.7435,2,1.50285,0.741677,-1.6610429999999998,10.19047619047619,7
EPL,2021,2021-04-05 Everton-Crystal Palace,1,2020,14728,2021-04-05 17:00:00,72,78,Everton,Crystal Palace,CRY,EVE,1,2.5885000000000002,1,2.53386,2.53386,1.9301109999999997,12.5,10,1,0.2869,1,0.603749,0.603749,-1.9301109999999997,14.823529411764707,12
EPL,2021,2021-04-05 Wolverhampton Wanderers-West Ham,1,2020,14734,2021-04-05 19:15:00,229,81,Wolverhampton Wanderers,West Ham,WHU,WOL,0,1.6441000000000001,2,1.95649,1.95649,0.35955000000000004,7.55,4,3,1.1146,3,1.59694,1.59694,-0.35955000000000004,20.05263157894737,4
EPL,2021,2021-04-09 Fulham-Wolverhampton Wanderers,1,2020,14738,2021-04-09 19:00:00,228,229,Fulham,Wolverhampton Wanderers,WOL,FLH,0,1.6052,0,0.733154,0.733154,0.30501999999999996,11.64,12,3,0.9904999999999999,1,0.428134,0.428134,-0.30501999999999996,20.615384615384617,1
EPL,2021,2021-04-10 Crystal Palace-Chelsea,1,2020,14737,2021-04-10 16:30:00,78,80,Crystal Palace,Chelsea,CHE,CRY,0,0.0493,1,0.602167,0.602167,-3.252553,22.25,0,3,2.9134,4,3.85472,3.85472,3.252553,8.466666666666667,7
EPL,2021,2021-04-10 Liverpool-Aston Villa,1,2020,14739,2021-04-10 14:00:00,87,71,Liverpool,Aston Villa,AVL,LIV,3,2.3528000000000002,2,2.14592,2.14592,1.3852989999999998,5.6521739130434785,13,0,0.4586,1,0.760621,0.760621,-1.3852989999999998,10.096774193548388,6
EPL,2021,2021-04-10 Manchester City-Leeds,1,2020,14740,2021-04-10 11:30:00,88,245,Manchester City,Leeds,LED,MCI,0,2.6645,1,1.98825,1.98825,1.8130000000000002,4.962962962962963,15,3,0.197,2,0.17525,0.17525,-1.8130000000000002,12.722222222222221,3
EPL,2021,2021-04-11 Burnley-Newcastle United,1,2020,14736,2021-04-11 11:00:00,92,86,Burnley,Newcastle United,NEW,BUR,0,1.7248,1,1.84262,1.84262,0.49983,9.11111111111111,13,3,1.0162,2,1.34279,1.34279,-0.49983,14.153846153846153,3
EPL,2021,2021-04-11 Sheffield United-Arsenal,1,2020,14741,2021-04-11 18:00:00,238,83,Sheffield United,Arsenal,ARS,SHE,0,0.2303,0,0.315121,0.315121,-1.623259,21.941176470588236,3,3,2.6354,3,1.93838,1.93838,1.623259,22.923076923076923,10
EPL,2021,2021-04-11 Tottenham-Manchester United,1,2020,14742,2021-04-11 15:30:00,82,89,Tottenham,Manchester United,MUN,TOT,0,0.46909999999999996,1,0.921801,0.921801,-1.1755690000000003,8.433333333333334,5,3,2.339,3,2.09737,2.09737,1.1755690000000003,8.030303030303031,8
EPL,2021,2021-04-11 West Ham-Leicester,1,2020,14744,2021-04-11 13:05:00,81,75,West Ham,Leicester,LEI,WHU,3,1.2339,3,1.02408,1.02408,-0.14779999999999993,25.214285714285715,4,0,1.4382000000000001,2,1.17188,1.17188,0.14779999999999993,6.838709677419355,7
EPL,2021,2021-04-12 Brighton-Everton,1,2020,14735,2021-04-12 19:15:00,220,72,Brighton,Everton,EVE,BRI,1,2.0894,0,1.16465,1.16465,0.858363,8.5,11,1,0.596,0,0.306287,0.306287,-0.858363,19.785714285714285,3
EPL,2021,2021-04-12 West Bromwich Albion-Southampton,1,2020,14743,2021-04-12 17:00:00,76,74,West Bromwich Albion,Southampton,SOU,WBA,3,2.2443,3,2.77089,2.00972,1.2706940000000002,7.666666666666667,12,0,0.5685,0,1.5002,0.739026,-1.2706940000000002,5.0,9
EPL,2021,2021-04-16 Everton-Tottenham,1,2020,14748,2021-04-16 19:00:00,72,82,Everton,Tottenham,TOT,EVE,1,1.9642,2,2.26022,1.49905,0.017549999999999955,10.695652173913043,6,1,0.8013999999999999,2,1.4815,1.4815,-0.017549999999999955,15.61111111111111,2
EPL,2021,2021-04-17 Newcastle United-West Ham,1,2020,14752,2021-04-17 11:30:00,86,81,Newcastle United,West Ham,WHU,NEW,3,1.6515,3,2.4314,2.4314,1.12516,19.0625,1,0,1.0937999999999999,2,2.06741,1.30624,-1.12516,9.6875,3
EPL,2021,2021-04-17 Wolverhampton Wanderers-Sheffield United,1,2020,14754,2021-04-17 19:15:00,229,238,Wolverhampton Wanderers,Sheffield United,SHE,WOL,3,2.2974,1,1.22604,1.22604,0.930115,36.857142857142854,3,0,0.45120000000000005,0,0.295925,0.295925,-0.930115,10.310344827586206,5
EPL,2021,2021-04-18 Arsenal-Fulham,1,2020,14745,2021-04-18 12:30:00,83,228,Arsenal,Fulham,FLH,ARS,1,2.7331,1,2.85573,2.85573,2.7777713,6.916666666666667,10,1,0.1603,1,0.839128,0.0779587,-2.7777713,16.6,3
EPL,2021,2021-04-18 Manchester United-Burnley,1,2020,14751,2021-04-18 15:00:00,89,92,Manchester United,Burnley,BUR,MUN,3,2.6566,3,2.87455,2.87455,1.914746,9.75,13,0,0.23049999999999998,1,0.959804,0.959804,-1.914746,13.818181818181818,5
EPL,2021,2021-04-19 Leeds-Liverpool,1,2020,14749,2021-04-19 19:00:00,245,87,Leeds,Liverpool,LIV,LED,1,2.0488,1,2.59719,2.59719,0.9967599999999999,9.222222222222221,10,1,0.7582,1,1.60043,1.60043,-0.9967599999999999,12.142857142857142,13
EPL,2021,2021-04-20 Chelsea-Brighton,1,2020,14747,2021-04-20 19:00:00,80,220,Chelsea,Brighton,BRI,CHE,1,1.7026,0,0.807348,0.807348,0.34778,12.470588235294118,4,1,0.9219999999999999,0,0.459568,0.459568,-0.34778,15.121212121212121,6
EPL,2021,2021-04-21 Aston Villa-Manchester City,1,2020,14746,2021-04-21 19:15:00,71,88,Aston Villa,Manchester City,MCI,AVL,0,0.7419,1,0.801733,0.801733,-0.7616669999999999,25.142857142857142,4,3,1.9989,2,1.5634,1.5634,0.7616669999999999,15.0,17
EPL,2021,2021-04-21 Tottenham-Southampton,1,2020,14722,2021-04-21 19:00:00,82,74,Tottenham,Southampton,SOU,TOT,3,1.5162,2,1.28824,0.527071,-0.534269,7.206896551724138,11,0,1.089,1,1.06134,1.06134,0.534269,18.8,2
EPL,2021,2021-04-22 Leicester-West Bromwich Albion,1,2020,14750,2021-04-22 19:00:00,75,76,Leicester,West Bromwich Albion,WBA,LEI,3,2.8297,3,2.6712,2.6712,2.394074,4.75,9,0,0.1057,0,0.277126,0.277126,-2.394074,20.36842105263158,4
EPL,2021,2021-04-23 Arsenal-Everton,1,2020,14755,2021-04-23 19:00:00,83,72,Arsenal,Everton,EVE,ARS,0,1.515,0,0.735767,0.735767,0.2060909999999999,15.0,8,3,1.0815000000000001,1,0.529676,0.529676,-0.2060909999999999,19.72222222222222,3
EPL,2021,2021-04-24 Liverpool-Newcastle United,1,2020,14760,2021-04-24 11:30:00,87,86,Liverpool,Newcastle United,NEW,LIV,1,2.5752,1,2.84708,2.84708,1.986386,6.757575757575758,11,1,0.2985,1,0.860694,0.860694,-1.986386,37.5,5
EPL,2021,2021-04-24 Sheffield United-Brighton,1,2020,14762,2021-04-24 19:00:00,238,220,Sheffield United,Brighton,BRI,SHE,3,0.40149999999999997,1,0.786324,0.786324,-1.2740559999999999,12.32258064516129,4,0,2.4046000000000003,0,2.06038,2.06038,1.2740559999999999,6.15,10
EPL,2021,2021-04-24 West Ham-Chelsea,1,2020,14763,2021-04-24 16:30:00,81,80,West Ham,Chelsea,CHE,WHU,0,0.10250000000000001,0,0.267123,0.267123,-2.2534669999999997,12.2,1,3,2.8291999999999997,1,2.52059,2.52059,2.2534669999999997,10.944444444444445,7
EPL,2021,2021-04-25 Aston Villa-West Bromwich Albion,1,2020,14756,2021-04-25 18:00:00,71,76,Aston Villa,West Bromwich Albion,WBA,AVL,1,2.1587,2,2.65394,1.89277,1.086296,4.944444444444445,11,1,0.6323,2,1.56764,0.806474,-1.086296,16.142857142857142,3
EPL,2021,2021-04-25 Leeds-Manchester United,1,2020,14758,2021-04-25 13:00:00,245,89,Leeds,Manchester United,MUN,LED,1,0.5233,0,0.216834,0.216834,-0.899516,10.44,2,1,2.1538,0,1.11635,1.11635,0.899516,7.090909090909091,12
EPL,2021,2021-04-25 Wolverhampton Wanderers-Burnley,1,2020,14764,2021-04-25 11:00:00,229,92,Wolverhampton Wanderers,Burnley,BUR,WOL,0,0.15739999999999998,0,0.351673,0.351673,-1.888817,8.058823529411764,0,3,2.7512000000000003,4,2.24049,2.24049,1.888817,11.541666666666666,3
EPL,2021,2021-04-26 Leicester-Crystal Palace,1,2020,14759,2021-04-26 19:00:00,75,78,Leicester,Crystal Palace,CRY,LEI,3,1.7734,2,1.23419,1.23419,0.5110779999999999,4.481481481481482,12,0,0.8893,1,0.723112,0.723112,-0.5110779999999999,17.529411764705884,1
EPL,2021,2021-04-30 Southampton-Leicester,1,2020,14772,2021-04-30 19:00:00,74,75,Southampton,Leicester,LEI,SOU,1,0.3569,1,0.954057,0.192888,-2.322292,21.75,2,1,2.4728,1,2.51518,2.51518,2.322292,3.9714285714285715,8
EPL,2021,2021-05-01 Brighton-Leeds,1,2020,14765,2021-05-01 14:00:00,220,245,Brighton,Leeds,LED,BRI,3,2.6997999999999998,2,2.52542,1.76428,1.253406,8.689655172413794,10,0,0.1933,0,0.510874,0.510874,-1.253406,14.071428571428571,2
EPL,2021,2021-05-01 Chelsea-Fulham,1,2020,14767,2021-05-01 16:30:00,80,228,Chelsea,Fulham,FLH,CHE,3,2.6106000000000003,2,1.8433,1.8433,1.553258,11.48,10,0,0.24810000000000001,0,0.290042,0.290042,-1.553258,12.347826086956522,9
EPL,2021,2021-05-01 Crystal Palace-Manchester City,1,2020,14768,2021-05-01 11:30:00,78,88,Crystal Palace,Manchester City,MCI,CRY,0,0.2477,0,0.361866,0.361866,-1.6825640000000002,21.157894736842106,3,3,2.6134999999999997,2,2.04443,2.04443,1.6825640000000002,5.423076923076923,8
EPL,2021,2021-05-01 Everton-Aston Villa,1,2020,14769,2021-05-01 19:00:00,72,71,Everton,Aston Villa,AVL,EVE,0,1.0494,1,1.223,1.223,-0.3651099999999998,15.941176470588236,8,3,1.6749,2,1.58811,1.58811,0.3651099999999998,10.863636363636363,6
EPL,2021,2021-05-02 Newcastle United-Arsenal,1,2020,14771,2021-05-02 13:00:00,86,83,Newcastle United,Arsenal,ARS,NEW,0,0.2134,0,0.172988,0.172988,-1.614522,29.09090909090909,0,3,2.6455,2,1.78751,1.78751,1.614522,12.9,7
EPL,2021,2021-05-02 Tottenham-Sheffield United,1,2020,14773,2021-05-02 18:15:00,82,238,Tottenham,Sheffield United,SHE,TOT,3,2.6185,4,2.26016,2.26016,1.791134,7.695652173913044,7,0,0.2545,0,0.469026,0.469026,-1.791134,30.875,6
EPL,2021,2021-05-03 Burnley-West Ham,1,2020,14766,2021-05-03 19:15:00,92,81,Burnley,West Ham,WHU,BUR,0,0.8768,1,1.68312,0.921949,-1.502821,14.764705882352942,4,3,1.8791000000000002,2,2.42477,2.42477,1.502821,10.9375,7
EPL,2021,2021-05-03 West Bromwich Albion-Wolverhampton Wanderers,1,2020,14774,2021-05-03 17:00:00,76,229,West Bromwich Albion,Wolverhampton Wanderers,WOL,WBA,1,1.5879999999999999,1,1.07133,1.07133,0.22719199999999984,8.96,5,1,1.0917999999999999,1,0.844138,0.844138,-0.22719199999999984,8.15,8
EPL,2021,2021-05-07 Leicester-Newcastle United,1,2020,14779,2021-05-07 19:00:00,75,86,Leicester,Newcastle United,NEW,LEI,0,1.005,2,2.315,2.315,-0.5576099999999999,4.793103448275862,9,3,1.7865,4,2.87261,2.87261,0.5576099999999999,16.27777777777778,3
EPL,2021,2021-05-08 Leeds-Tottenham,1,2020,14778,2021-05-08 11:30:00,245,82,Leeds,Tottenham,TOT,LED,3,2.4299,3,2.55216,2.55216,1.5183200000000001,5.2894736842105265,12,0,0.41359999999999997,1,1.03384,1.03384,-1.5183200000000001,8.814814814814815,5
EPL,2021,2021-05-08 Liverpool-Southampton,1,2020,14780,2021-05-08 19:15:00,87,74,Liverpool,Southampton,SOU,LIV,3,2.1184,2,2.26367,2.26367,1.0347699999999997,11.0,10,0,0.6642999999999999,0,1.2289,1.2289,-1.0347699999999997,20.3125,5
EPL,2021,2021-05-08 Manchester City-Chelsea,1,2020,14781,2021-05-08 16:30:00,88,80,Manchester City,Chelsea,CHE,MCI,0,2.3550999999999997,1,1.79168,1.03051,0.410786,13.107142857142858,10,3,0.4444,2,0.619724,0.619724,-0.410786,18.3,8
EPL,2021,2021-05-08 Sheffield United-Crystal Palace,1,2020,14782,2021-05-08 14:00:00,238,78,Sheffield United,Crystal Palace,CRY,SHE,0,0.36950000000000005,0,0.639325,0.639325,-1.6144950000000002,7.551724137931035,2,3,2.4709999999999996,2,2.25382,2.25382,1.6144950000000002,15.0,10
EPL,2021,2021-05-09 Arsenal-West Bromwich Albion,1,2020,14775,2021-05-09 18:00:00,83,76,Arsenal,West Bromwich Albion,WBA,ARS,3,0.7733,3,1.07042,1.07042,-0.76034,9.933333333333334,6,0,1.9847,1,1.83076,1.83076,0.76034,16.7,2
EPL,2021,2021-05-09 Aston Villa-Manchester United,1,2020,14776,2021-05-09 13:05:00,71,89,Aston Villa,Manchester United,MUN,AVL,0,0.3892,1,0.565472,0.565472,-0.561328,12.608695652173912,8,3,2.4334000000000002,3,1.88793,1.1268,0.561328,9.28,14
EPL,2021,2021-05-09 West Ham-Everton,1,2020,14783,2021-05-09 15:30:00,81,72,West Ham,Everton,EVE,WHU,0,0.9518,0,1.09704,1.09704,-0.4651799999999999,6.37037037037037,7,3,1.7381,1,1.56222,1.56222,0.4651799999999999,15.272727272727273,6
EPL,2021,2021-05-09 Wolverhampton Wanderers-Brighton,1,2020,14784,2021-05-09 11:00:00,229,220,Wolverhampton Wanderers,Brighton,BRI,WOL,3,2.1303,2,1.1199,1.1199,0.8441899999999999,9.19047619047619,9,0,0.5613,1,0.27571,0.27571,-0.8441899999999999,12.227272727272727,9
EPL,2021,2021-05-10 Fulham-Burnley,1,2020,14777,2021-05-10 19:00:00,228,92,Fulham,Burnley,BUR,FLH,0,0.6996,0,0.778074,0.778074,-0.8802359999999999,3.5238095238095237,14,3,2.0601000000000003,2,1.65831,1.65831,0.8802359999999999,10.4,11
EPL,2021,2021-05-11 Manchester United-Leicester,1,2020,14788,2021-05-11 17:00:00,89,75,Manchester United,Leicester,LEI,MUN,0,0.5524,1,0.212874,0.212874,-0.778648,20.46153846153846,2,3,2.1169000000000002,2,0.991522,0.991522,0.778648,11.96551724137931,2
EPL,2021,2021-05-11 Southampton-Crystal Palace,1,2020,14753,2021-05-11 21:00:00,74,78,Southampton,Crystal Palace,CRY,SOU,3,1.5599,3,1.58872,1.58872,1.0240299999999998,5.565217391304348,5,0,1.133,1,1.32586,0.56469,-1.0240299999999998,12.310344827586206,8
EPL,2021,2021-05-12 Chelsea-Arsenal,1,2020,14790,2021-05-12 19:15:00,80,83,Chelsea,Arsenal,ARS,CHE,0,2.0693,0,1.56786,1.56786,0.8758170000000001,20.272727272727273,14,3,0.6545,1,0.692043,0.692043,-0.8758170000000001,19.88888888888889,3
EPL,2021,2021-05-13 Aston Villa-Everton,1,2020,14616,2021-05-13 21:00:00,71,72,Aston Villa,Everton,EVE,AVL,1,0.9441,0,0.558976,0.558976,-0.416432,16.5,5,1,1.7121,0,0.975408,0.975408,0.416432,14.904761904761905,8
EPL,2021,2021-05-13 Manchester United-Liverpool,1,2020,14770,2021-05-13 19:15:00,89,87,Manchester United,Liverpool,LIV,MUN,0,0.6371,2,1.71328,1.71328,-1.2247200000000003,12.8,8,3,2.1899,4,2.938,2.938,1.2247200000000003,9.862068965517242,6
EPL,2021,2021-05-14 Newcastle United-Manchester City,1,2020,14791,2021-05-14 19:00:00,86,88,Newcastle United,Manchester City,MCI,NEW,0,1.9917,3,2.18312,0.489363,-0.9876370000000001,47.55555555555556,2,3,0.7524000000000001,4,1.477,1.477,0.9876370000000001,2.914285714285714,13
EPL,2021,2021-05-15 Brighton-West Ham,1,2020,14785,2021-05-15 19:00:00,220,81,Brighton,West Ham,WHU,BRI,1,0.6379,1,0.922587,0.922587,-1.001193,13.6,10,1,2.1406,1,1.92378,1.92378,1.001193,18.57894736842105,10
EPL,2021,2021-05-15 Burnley-Leeds,1,2020,14786,2021-05-15 11:30:00,92,245,Burnley,Leeds,LED,BUR,0,1.0386000000000002,0,1.41338,1.41338,-0.44316,12.0,13,3,1.7043,4,1.85654,1.85654,0.44316,13.142857142857142,9
EPL,2021,2021-05-15 Southampton-Fulham,1,2020,14792,2021-05-15 14:00:00,74,228,Southampton,Fulham,FLH,SOU,3,2.3479,3,2.29146,2.29146,1.4155029999999997,12.7,7,0,0.48040000000000005,1,0.875957,0.875957,-1.4155029999999997,10.0,8
EPL,2021,2021-05-16 Crystal Palace-Aston Villa,1,2020,14794,2021-05-16 11:00:00,78,71,Crystal Palace,Aston Villa,AVL,CRY,3,1.9828000000000001,3,1.95285,1.95285,0.72255,7.038461538461538,9,0,0.7758999999999999,2,1.2303,1.2303,-0.72255,7.823529411764706,13
EPL,2021,2021-05-16 Everton-Sheffield United,1,2020,14787,2021-05-16 18:00:00,72,238,Everton,Sheffield United,SHE,EVE,0,1.1866,0,1.24609,1.24609,-0.1449100000000001,9.65,12,3,1.4683,1,1.391,1.391,0.1449100000000001,14.428571428571429,5
EPL,2021,2021-05-16 Tottenham-Wolverhampton Wanderers,1,2020,14793,2021-05-16 13:05:00,82,229,Tottenham,Wolverhampton Wanderers,WOL,TOT,3,2.6144000000000003,2,3.13947,3.13947,2.04741,11.555555555555555,7,0,0.2744,0,1.09206,1.09206,-2.04741,18.45,5
EPL,2021,2021-05-16 West Bromwich Albion-Liverpool,1,2020,14789,2021-05-16 15:30:00,76,87,West Bromwich Albion,Liverpool,LIV,WBA,0,0.7599,1,1.14202,1.14202,-0.9365199999999998,21.857142857142858,3,3,2.0130000000000003,2,2.07854,2.07854,0.9365199999999998,4.052631578947368,20
EPL,2021,2021-05-18 Brighton-Manchester City,1,2020,14795,2021-05-18 18:00:00,220,88,Brighton,Manchester City,MCI,BRI,3,1.4321,3,1.22824,1.22824,0.15684999999999993,7.392857142857143,14,0,1.2473,2,1.07139,1.07139,-0.15684999999999993,18.3,1
EPL,2021,2021-05-18 Chelsea-Leicester,1,2020,14797,2021-05-18 19:15:00,80,75,Chelsea,Leicester,LEI,CHE,3,2.675,2,2.86149,2.10032,1.2677239999999999,6.964285714285714,11,0,0.2156,1,0.832596,0.832596,-1.2677239999999999,10.966666666666667,5
EPL,2021,2021-05-18 Manchester United-Fulham,1,2020,14800,2021-05-18 17:00:00,89,228,Manchester United,Fulham,FLH,MUN,1,1.3502,1,0.92243,0.92243,0.049787000000000026,11.24,6,1,1.316,1,0.872643,0.872643,-0.049787000000000026,11.148148148148149,2
EPL,2021,2021-05-18 Southampton-Leeds,1,2020,14802,2021-05-18 17:00:00,74,245,Southampton,Leeds,LED,SOU,0,1.1212,0,1.3084,1.3084,-0.27292000000000005,7.193548387096774,8,3,1.585,2,1.58132,1.58132,0.27292000000000005,6.193548387096774,7
EPL,2021,2021-05-19 Burnley-Liverpool,1,2020,14796,2021-05-19 19:15:00,92,87,Burnley,Liverpool,LIV,BUR,0,0.3093,0,0.837048,0.837048,-1.8961119999999998,11.64,11,3,2.5623,3,2.73316,2.73316,1.8961119999999998,13.153846153846153,13
EPL,2021,2021-05-19 Crystal Palace-Arsenal,1,2020,14798,2021-05-19 18:00:00,78,83,Crystal Palace,Arsenal,ARS,CRY,0,0.6924,1,0.998377,0.998377,-0.796123,16.05263157894737,6,3,2.0655,3,1.7945,1.7945,0.796123,9.846153846153847,7
EPL,2021,2021-05-19 Everton-Wolverhampton Wanderers,1,2020,14799,2021-05-19 17:00:00,72,229,Everton,Wolverhampton Wanderers,WOL,EVE,3,1.6935,1,0.670997,0.670997,0.40547099999999997,11.555555555555555,4,0,0.8480999999999999,0,0.265526,0.265526,-0.40547099999999997,8.869565217391305,1
EPL,2021,2021-05-19 Newcastle United-Sheffield United,1,2020,14801,2021-05-19 17:00:00,86,238,Newcastle United,Sheffield United,SHE,NEW,3,2.1208,1,1.82508,1.82508,0.9428380000000001,19.2,3,0,0.6508,0,0.882242,0.882242,-0.9428380000000001,18.58823529411765,5
EPL,2021,2021-05-19 Tottenham-Aston Villa,1,2020,14803,2021-05-19 17:00:00,82,71,Tottenham,Aston Villa,AVL,TOT,0,0.7892,1,0.89279,0.89279,-0.7439,9.0,11,3,1.9507999999999999,2,1.63669,1.63669,0.7439,10.133333333333333,10
EPL,2021,2021-05-19 West Bromwich Albion-West Ham,1,2020,14804,2021-05-19 19:15:00,76,81,West Bromwich Albion,West Ham,WHU,WBA,0,0.1184,1,1.10741,1.10741,-1.7013299999999998,8.823529411764707,6,3,2.8157,3,3.56991,2.80874,1.7013299999999998,9.352941176470589,9
EPL,2021,2021-05-23 Arsenal-Brighton,1,2020,14805,2021-05-23 15:00:00,83,220,Arsenal,Brighton,BRI,ARS,3,1.8621,2,0.772904,0.772904,0.578936,17.333333333333332,13,0,0.7005,0,0.193968,0.193968,-0.578936,18.941176470588236,4
EPL,2021,2021-05-23 Aston Villa-Chelsea,1,2020,14806,2021-05-23 15:00:00,71,80,Aston Villa,Chelsea,CHE,AVL,3,0.17070000000000002,2,0.980413,0.219244,-3.2148960000000004,18.375,5,0,2.7474,1,3.43414,3.43414,3.2148960000000004,6.333333333333333,19
EPL,2021,2021-05-23 Fulham-Newcastle United,1,2020,14807,2021-05-23 15:00:00,228,86,Fulham,Newcastle United,NEW,FLH,0,0.8055999999999999,0,0.98902,0.98902,0.14861599999999997,8.91304347826087,5,3,1.9198,2,1.60157,0.840404,-0.14861599999999997,40.875,3
EPL,2021,2021-05-23 Leeds-West Bromwich Albion,1,2020,14808,2021-05-23 15:00:00,245,76,Leeds,West Bromwich Albion,WBA,LED,3,2.4154,3,2.49009,1.72892,0.7068300000000001,4.269230769230769,9,0,0.4264,1,1.02209,1.02209,-0.7068300000000001,14.0,8
EPL,2021,2021-05-23 Leicester-Tottenham,1,2020,14809,2021-05-23 15:00:00,75,82,Leicester,Tottenham,TOT,LEI,0,1.3387,2,1.82554,0.3032,-1.54909,10.88888888888889,2,3,1.3210000000000002,4,1.85229,1.85229,1.54909,13.333333333333334,6
EPL,2021,2021-05-23 Liverpool-Crystal Palace,1,2020,14810,2021-05-23 15:00:00,87,78,Liverpool,Crystal Palace,CRY,LIV,3,2.4278000000000004,2,2.20348,2.20348,1.4311629999999997,5.391304347826087,17,0,0.3992,0,0.772317,0.772317,-1.4311629999999997,16.75,1
EPL,2021,2021-05-23 Manchester City-Everton,1,2020,14811,2021-05-23 15:00:00,88,72,Manchester City,Everton,EVE,MCI,3,2.5201,5,2.88355,2.88355,2.585746,10.0,9,0,0.3316,0,1.07258,0.297804,-2.585746,19.115384615384617,3
EPL,2021,2021-05-23 Sheffield United-Burnley,1,2020,14812,2021-05-23 15:00:00,238,92,Sheffield United,Burnley,BUR,SHE,3,1.1129,1,0.420006,0.420006,-0.13850200000000001,8.653846153846153,4,0,1.4201,0,0.558508,0.558508,0.13850200000000001,9.352941176470589,10
EPL,2021,2021-05-23 West Ham-Southampton,1,2020,14813,2021-05-23 15:00:00,81,74,West Ham,Southampton,SOU,WHU,3,1.8246,3,1.98344,1.98344,0.63165,17.764705882352942,2,0,0.9417,0,1.35179,1.35179,-0.63165,6.166666666666667,10
EPL,2021,2021-05-23 Wolverhampton Wanderers-Manchester United,1,2020,14814,2021-05-23 15:00:00,229,89,Wolverhampton Wanderers,Manchester United,MUN,WOL,0,0.4026,1,0.701256,0.701256,-0.589864,8.25,5,3,2.4249,2,2.05229,1.29112,0.589864,29.181818181818183,6
EPL,2122,2021-08-13 Brentford-Arsenal,1,2021,16376,2021-08-13 19:00:00,244,83,Brentford,Arsenal,ARS,BRE,3,2.1154,2,1.88818,1.88818,0.86433,16.11111111111111,7,0,0.6559,0,1.02385,1.02385,-0.86433,5.7727272727272725,10
EPL,2122,2021-08-14 Burnley-Brighton,1,2021,16378,2021-08-14 14:00:00,92,220,Burnley,Brighton,BRI,BUR,0,1.4559000000000002,1,1.79548,1.79548,0.11017999999999994,17.88888888888889,3,3,1.2564000000000002,2,1.6853,1.6853,-0.11017999999999994,7.933333333333334,7
EPL,2122,2021-08-14 Chelsea-Crystal Palace,1,2021,16379,2021-08-14 14:00:00,80,78,Chelsea,Crystal Palace,CRY,CHE,3,2.2037,3,1.18709,1.18709,0.865389,6.595238095238095,14,0,0.5141,0,0.321701,0.321701,-0.865389,71.0,3
EPL,2122,2021-08-14 Everton-Southampton,1,2021,16380,2021-08-14 14:00:00,72,74,Everton,Southampton,SOU,EVE,3,2.6311,3,2.38863,2.38863,1.8080289999999999,6.869565217391305,4,0,0.2455,1,0.580601,0.580601,-1.8080289999999999,5.592592592592593,6
EPL,2122,2021-08-14 Leicester-Wolverhampton Wanderers,1,2021,16381,2021-08-14 14:00:00,75,229,Leicester,Wolverhampton Wanderers,WOL,LEI,3,0.7799,1,0.668082,0.668082,-0.659058,11.5,6,0,1.9451,0,1.32714,1.32714,0.659058,20.263157894736842,7
EPL,2122,2021-08-14 Manchester United-Leeds,1,2021,16377,2021-08-14 11:30:00,89,245,Manchester United,Leeds,LED,MUN,3,2.2181,5,1.64248,1.64248,1.074138,12.590909090909092,8,0,0.5492,1,0.568342,0.568342,-1.074138,7.242424242424242,3
EPL,2122,2021-08-14 Norwich-Liverpool,1,2021,16383,2021-08-14 16:30:00,79,87,Norwich,Liverpool,LIV,NOR,0,1.0334999999999999,0,1.3333,1.3333,-0.45398000000000005,25.666666666666668,3,3,1.7064,3,1.78728,1.78728,0.45398000000000005,11.580645161290322,13
EPL,2122,2021-08-14 Watford-Aston Villa,1,2021,16382,2021-08-14 14:00:00,90,71,Watford,Aston Villa,AVL,WAT,3,1.4836,3,1.35036,1.35036,0.974349,14.428571428571429,4,0,1.1959,2,1.13718,0.376011,-0.974349,6.5,6
EPL,2122,2021-08-15 Newcastle United-West Ham,1,2021,16384,2021-08-15 13:00:00,86,81,Newcastle United,West Ham,WHU,NEW,0,0.5491,2,1.67926,1.67926,-0.41315000000000013,24.5,5,3,2.2684,4,3.00939,2.09241,0.41315000000000013,11.619047619047619,10
EPL,2122,2021-08-15 Tottenham-Manchester City,1,2021,16385,2021-08-15 15:30:00,82,88,Tottenham,Manchester City,MCI,TOT,3,0.6512,1,1.06014,1.06014,-1.0457100000000001,17.294117647058822,5,0,2.1266000000000003,0,2.10585,2.10585,1.0457100000000001,6.136363636363637,8
EPL,2122,2021-08-21 Aston Villa-Newcastle United,1,2021,16388,2021-08-21 14:00:00,71,86,Aston Villa,Newcastle United,NEW,AVL,3,1.9441,2,1.18426,0.423091,-0.20853900000000003,14.428571428571429,5,0,0.7396,0,0.63163,0.63163,0.20853900000000003,8.823529411764707,4
EPL,2122,2021-08-21 Brighton-Watford,1,2021,16391,2021-08-21 16:30:00,220,90,Brighton,Watford,WAT,BRI,3,2.5067,2,1.77896,1.77896,1.371736,12.666666666666666,7,0,0.32509999999999994,0,0.407224,0.407224,-1.371736,25.866666666666667,6
EPL,2122,2021-08-21 Crystal Palace-Brentford,1,2021,16389,2021-08-21 14:00:00,78,244,Crystal Palace,Brentford,BRE,CRY,1,1.2139,0,0.606313,0.606313,-0.10612600000000005,9.2,5,1,1.3954,0,0.712439,0.712439,0.10612600000000005,8.172413793103448,6
EPL,2122,2021-08-21 Leeds-Everton,1,2021,16390,2021-08-21 14:00:00,245,72,Leeds,Everton,EVE,LED,1,0.6439,2,0.966093,0.966093,-0.12986700000000007,5.428571428571429,4,1,2.1241000000000003,2,1.85713,1.09596,0.12986700000000007,17.0,6
EPL,2122,2021-08-21 Liverpool-Burnley,1,2021,16386,2021-08-21 11:30:00,87,92,Liverpool,Burnley,BUR,LIV,3,2.5683,2,2.63945,2.63945,1.948986,7.0,8,0,0.29879999999999995,0,0.690464,0.690464,-1.948986,12.727272727272727,3
EPL,2122,2021-08-21 Manchester City-Norwich,1,2021,16387,2021-08-21 14:00:00,88,79,Manchester City,Norwich,NOR,MCI,3,2.9245,5,2.43928,2.43928,2.4142712,7.617647058823529,16,0,0.0388,0,0.0250088,0.0250088,-2.4142712,27.583333333333332,0
EPL,2122,2021-08-22 Arsenal-Chelsea,1,2021,16394,2021-08-22 15:30:00,83,80,Arsenal,Chelsea,CHE,ARS,0,0.0659,0,0.630099,0.630099,-3.011221,16.347826086956523,3,3,2.8946,2,3.64132,3.64132,3.011221,10.4,19
EPL,2122,2021-08-22 Southampton-Manchester United,1,2021,16392,2021-08-22 13:00:00,74,89,Southampton,Manchester United,MUN,SOU,1,0.27690000000000003,1,0.587526,0.587526,-1.674204,8.870967741935484,3,1,2.58,1,2.26173,2.26173,1.674204,9.066666666666666,11
EPL,2122,2021-08-22 Wolverhampton Wanderers-Tottenham,1,2021,16393,2021-08-22 13:00:00,229,82,Wolverhampton Wanderers,Tottenham,TOT,WOL,0,1.1373000000000002,0,1.51127,1.51127,0.5460809999999999,7.37037037037037,9,3,1.5867,1,1.72636,0.965189,-0.5460809999999999,13.764705882352942,6
EPL,2122,2021-08-23 West Ham-Leicester,1,2021,16395,2021-08-23 19:00:00,81,75,West Ham,Leicester,LEI,WHU,3,2.4983,4,2.28613,2.28613,1.65937,23.357142857142858,5,0,0.3362,1,0.62676,0.62676,-1.65937,12.909090909090908,5
EPL,2122,2021-08-28 Aston Villa-Brentford,1,2021,16399,2021-08-28 14:00:00,71,244,Aston Villa,Brentford,BRE,AVL,1,0.6785,1,0.431464,0.431464,-0.7016559999999998,13.2,2,1,2.0072,1,1.13312,1.13312,0.7016559999999998,8.291666666666666,8
EPL,2122,2021-08-28 Brighton-Everton,1,2021,16400,2021-08-28 14:00:00,220,72,Brighton,Everton,EVE,BRI,0,0.6414,0,0.701622,0.701622,-0.08592200000000005,7.0,9,3,2.1092999999999997,2,1.54868,0.787544,0.08592200000000005,14.25925925925926,3
EPL,2122,2021-08-28 Liverpool-Chelsea,1,2021,16402,2021-08-28 16:30:00,87,80,Liverpool,Chelsea,CHE,LIV,1,2.4875,1,2.08462,1.32345,0.749812,7.275862068965517,6,1,0.3479,1,0.573638,0.573638,-0.749812,28.09090909090909,4
EPL,2122,2021-08-28 Manchester City-Arsenal,1,2021,16396,2021-08-28 11:30:00,88,83,Manchester City,Arsenal,ARS,MCI,3,2.9882999999999997,5,4.47273,4.47273,4.355925,5.055555555555555,14,0,0.0063,0,0.116805,0.116805,-4.355925,52.142857142857146,0
EPL,2122,2021-08-28 Newcastle United-Southampton,1,2021,16397,2021-08-28 14:00:00,86,74,Newcastle United,Southampton,SOU,NEW,1,0.1282,2,1.19077,1.19077,-1.50842,9.75,6,1,2.7954999999999997,2,3.46036,2.69919,1.50842,7.705882352941177,10
EPL,2122,2021-08-28 Norwich-Leicester,1,2021,16398,2021-08-28 14:00:00,79,75,Norwich,Leicester,LEI,NOR,0,1.5021,1,1.44084,0.679671,-0.5940389999999999,10.96,2,3,1.1889,2,1.27371,1.27371,0.5940389999999999,8.772727272727273,3
EPL,2122,2021-08-28 West Ham-Crystal Palace,1,2021,16401,2021-08-28 14:00:00,81,78,West Ham,Crystal Palace,CRY,WHU,1,1.1347,2,1.44748,1.44748,-0.22909999999999986,11.185185185185185,11,1,1.5829,2,1.67658,1.67658,0.22909999999999986,8.894736842105264,6
EPL,2122,2021-08-29 Burnley-Leeds,1,2021,16403,2021-08-29 13:00:00,92,245,Burnley,Leeds,LED,BUR,1,1.5185,1,1.71102,1.71102,0.19023999999999996,14.416666666666666,2,1,1.1537,1,1.52078,1.52078,-0.19023999999999996,8.133333333333333,9
EPL,2122,2021-08-29 Tottenham-Watford,1,2021,16404,2021-08-29 13:00:00,82,90,Tottenham,Watford,WAT,TOT,3,1.6041999999999998,1,0.920963,0.920963,0.324947,11.523809523809524,16,0,1.0348,0,0.596016,0.596016,-0.324947,19.25,4
EPL,2122,2021-08-29 Wolverhampton Wanderers-Manchester United,1,2021,16405,2021-08-29 15:30:00,229,89,Wolverhampton Wanderers,Manchester United,MUN,WOL,0,2.0745,0,1.79575,1.79575,0.851667,24.642857142857142,6,3,0.6585000000000001,1,0.944083,0.944083,-0.851667,9.153846153846153,8
EPL,2122,2021-09-11 Arsenal-Norwich,1,2021,16407,2021-09-11 14:00:00,83,79,Arsenal,Norwich,NOR,ARS,3,2.6841,1,2.68515,2.68515,2.1078580000000002,12.5,13,0,0.2151,0,0.577292,0.577292,-2.1078580000000002,19.363636363636363,5
EPL,2122,2021-09-11 Brentford-Brighton,1,2021,16408,2021-09-11 14:00:00,244,220,Brentford,Brighton,BRI,BRE,0,1.7654,0,0.729786,0.729786,0.44188400000000005,10.125,3,3,0.8029999999999999,1,0.287902,0.287902,-0.44188400000000005,6.615384615384615,6
EPL,2122,2021-09-11 Chelsea-Aston Villa,1,2021,16413,2021-09-11 16:30:00,80,71,Chelsea,Aston Villa,AVL,CHE,3,1.3641,3,1.22153,1.22153,0.04804000000000008,9.894736842105264,3,0,1.3221,0,1.17349,1.17349,-0.04804000000000008,9.870967741935484,6
EPL,2122,2021-09-11 Crystal Palace-Tottenham,1,2021,16406,2021-09-11 11:30:00,78,82,Crystal Palace,Tottenham,TOT,CRY,3,2.9736,3,2.89372,2.13255,2.0549854,6.035714285714286,7,0,0.0144,0,0.0775646,0.0775646,-2.0549854,12.761904761904763,1
EPL,2122,2021-09-11 Leicester-Manchester City,1,2021,16409,2021-09-11 14:00:00,75,88,Leicester,Manchester City,MCI,LEI,0,0.28190000000000004,0,0.8001,0.8001,-1.9504799999999998,77.75,6,3,2.5934,1,2.75058,2.75058,1.9504799999999998,9.461538461538462,14
EPL,2122,2021-09-11 Manchester United-Newcastle United,1,2021,16410,2021-09-11 14:00:00,89,86,Manchester United,Newcastle United,NEW,MUN,3,2.7596,4,2.77326,2.77326,2.151218,8.583333333333334,11,0,0.1559,1,0.622042,0.622042,-2.151218,36.42857142857143,1
EPL,2122,2021-09-11 Southampton-West Ham,1,2021,16411,2021-09-11 14:00:00,74,81,Southampton,West Ham,WHU,SOU,1,1.2896999999999998,0,0.692135,0.692135,-0.03327200000000008,23.916666666666668,4,1,1.3385999999999998,0,0.725407,0.725407,0.03327200000000008,7.7,1
EPL,2122,2021-09-11 Watford-Wolverhampton Wanderers,1,2021,16412,2021-09-11 14:00:00,90,229,Watford,Wolverhampton Wanderers,WOL,WAT,0,0.0432,0,0.185407,0.185407,-2.3738129999999997,14.047619047619047,3,3,2.9238,2,2.55922,2.55922,2.3738129999999997,7.225806451612903,7
EPL,2122,2021-09-12 Leeds-Liverpool,1,2021,16414,2021-09-12 15:30:00,245,87,Leeds,Liverpool,LIV,LED,0,0.0453,0,0.652514,0.652514,-3.749086,38.0,8,3,2.9307,3,4.4016,4.4016,3.749086,16.8,15
EPL,2122,2021-09-13 Everton-Burnley,1,2021,16415,2021-09-13 19:00:00,72,92,Everton,Burnley,BUR,EVE,3,1.3254000000000001,3,1.80386,1.80386,-0.016750000000000043,11.9375,7,0,1.404,1,1.82061,1.82061,0.016750000000000043,10.85,4
EPL,2122,2021-09-17 Newcastle United-Leeds,1,2021,16416,2021-09-17 19:00:00,86,245,Newcastle United,Leeds,LED,NEW,1,1.1684,1,1.17668,1.17668,-0.2532700000000001,16.9,10,1,1.5584000000000002,1,1.42995,1.42995,0.2532700000000001,5.538461538461538,13
EPL,2122,2021-09-18 Aston Villa-Everton,1,2021,16422,2021-09-18 16:30:00,71,72,Aston Villa,Everton,EVE,AVL,3,1.3357999999999999,3,0.777716,0.777716,0.02268099999999995,8.222222222222221,5,0,1.2992,0,0.755035,0.755035,-0.02268099999999995,11.882352941176471,2
EPL,2122,2021-09-18 Burnley-Arsenal,1,2021,16419,2021-09-18 14:00:00,92,83,Burnley,Arsenal,ARS,BUR,0,1.0198,0,0.775574,0.775574,-0.32370600000000005,12.695652173913043,9,3,1.6597,1,1.09928,1.09928,0.32370600000000005,10.823529411764707,7
EPL,2122,2021-09-18 Liverpool-Crystal Palace,1,2021,16420,2021-09-18 14:00:00,87,78,Liverpool,Crystal Palace,CRY,LIV,3,2.7229,3,2.76793,2.76793,2.1237619999999997,5.166666666666667,8,0,0.1891,0,0.644168,0.644168,-2.1237619999999997,20.333333333333332,8
EPL,2122,2021-09-18 Manchester City-Southampton,1,2021,16421,2021-09-18 14:00:00,88,74,Manchester City,Southampton,SOU,MCI,1,1.9761,0,1.22451,1.22451,0.733587,11.533333333333333,6,1,0.7269000000000001,0,0.490923,0.490923,-0.733587,16.5,6
EPL,2122,2021-09-18 Norwich-Watford,1,2021,16418,2021-09-18 14:00:00,79,90,Norwich,Watford,WAT,NOR,0,0.3517,1,0.782665,0.782665,-1.6422049999999997,8.074074074074074,12,3,2.5006,3,2.42487,2.42487,1.6422049999999997,10.4,7
EPL,2122,2021-09-18 Wolverhampton Wanderers-Brentford,1,2021,16417,2021-09-18 11:30:00,229,244,Wolverhampton Wanderers,Brentford,BRE,WOL,0,0.40850000000000003,0,1.02316,1.02316,-0.54311,12.571428571428571,4,3,2.4119,2,2.32741,1.56627,0.54311,10.782608695652174,3
EPL,2122,2021-09-19 Brighton-Leicester,1,2021,16423,2021-09-19 13:00:00,220,75,Brighton,Leicester,LEI,BRI,3,1.5399,2,1.47438,0.71321,-0.54052,13.761904761904763,6,0,1.1499,1,1.25373,1.25373,0.54052,8.857142857142858,12
EPL,2122,2021-09-19 Tottenham-Chelsea,1,2021,16425,2021-09-19 15:30:00,82,80,Tottenham,Chelsea,CHE,TOT,0,0.276,0,0.70567,0.70567,-1.88123,14.9,0,3,2.5953,3,2.5869,2.5869,1.88123,9.3125,15
EPL,2122,2021-09-19 West Ham-Manchester United,1,2021,16424,2021-09-19 13:00:00,81,89,West Ham,Manchester United,MUN,WHU,0,1.1842000000000001,1,1.6671,0.905935,-0.9894649999999999,16.8,7,3,1.5157,2,1.8954,1.8954,0.9894649999999999,12.555555555555555,7
EPL,2122,2021-09-25 Brentford-Liverpool,1,2021,16432,2021-09-25 16:30:00,244,87,Brentford,Liverpool,LIV,BRE,1,1.8647,3,2.94058,2.94058,0.6832200000000004,23.7,4,1,0.9266,3,2.25736,2.25736,-0.6832200000000004,6.705882352941177,12
EPL,2122,2021-09-25 Chelsea-Manchester City,1,2021,16426,2021-09-25 11:30:00,80,88,Chelsea,Manchester City,MCI,CHE,0,0.2603,0,0.194202,0.194202,-1.498238,21.4375,4,3,2.5655,1,1.69244,1.69244,1.498238,9.133333333333333,9
EPL,2122,2021-09-25 Everton-Norwich,1,2021,16428,2021-09-25 14:00:00,72,79,Everton,Norwich,NOR,EVE,3,2.5462,2,2.26681,1.50564,0.7047370000000001,10.607142857142858,6,0,0.29469999999999996,0,0.800903,0.800903,-0.7047370000000001,14.0,4
EPL,2122,2021-09-25 Leeds-West Ham,1,2021,16429,2021-09-25 14:00:00,245,81,Leeds,West Ham,WHU,LED,0,0.8236999999999999,1,1.1967,1.1967,-0.7929199999999998,13.642857142857142,8,3,1.9499,2,1.98962,1.98962,0.7929199999999998,20.333333333333332,5
EPL,2122,2021-09-25 Leicester-Burnley,1,2021,16430,2021-09-25 14:00:00,75,92,Leicester,Burnley,BUR,LEI,1,2.5699,2,2.16233,2.16233,1.733464,9.076923076923077,17,1,0.2818,2,0.428866,0.428866,-1.733464,14.08695652173913,9
EPL,2122,2021-09-25 Manchester United-Aston Villa,1,2021,16431,2021-09-25 11:30:00,89,71,Manchester United,Aston Villa,AVL,MUN,0,1.6249,0,1.9251,1.16393,-0.40856000000000003,6.277777777777778,5,3,1.1095,1,1.57249,1.57249,0.40856000000000003,9.409090909090908,6
EPL,2122,2021-09-25 Watford-Newcastle United,1,2021,16427,2021-09-25 14:00:00,90,86,Watford,Newcastle United,NEW,WAT,1,0.4043,1,0.904061,0.904061,-1.619319,5.379310344827586,3,1,2.4503,1,2.52338,2.52338,1.619319,8.0,4
EPL,2122,2021-09-26 Arsenal-Tottenham,1,2021,16434,2021-09-26 15:30:00,83,82,Arsenal,Tottenham,TOT,ARS,3,1.7799,3,1.44499,1.44499,0.464824,16.4,5,0,0.9357,1,0.980166,0.980166,-0.464824,12.5,2
EPL,2122,2021-09-26 Southampton-Wolverhampton Wanderers,1,2021,16433,2021-09-26 13:00:00,74,229,Southampton,Wolverhampton Wanderers,WOL,SOU,0,1.3033,0,0.909342,0.909342,-0.0004910000000000192,8.363636363636363,7,3,1.3647999999999998,1,0.909833,0.909833,0.0004910000000000192,32.375,3
EPL,2122,2021-09-27 Crystal Palace-Brighton,1,2021,16435,2021-09-27 19:00:00,78,220,Crystal Palace,Brighton,BRI,CRY,1,2.0753,1,1.36836,0.607196,-0.04237000000000002,17.38095238095238,4,1,0.6482,1,0.649566,0.649566,0.04237000000000002,11.043478260869565,5
EPL,2122,2021-10-02 Brighton-Arsenal,1,2021,16436,2021-10-02 16:30:00,220,83,Brighton,Arsenal,ARS,BRI,1,1.987,0,1.11551,1.11551,0.7512,8.75,9,1,0.6811,0,0.36431,0.36431,-0.7512,30.125,7
EPL,2122,2021-10-02 Burnley-Norwich,1,2021,16437,2021-10-02 14:00:00,92,79,Burnley,Norwich,NOR,BUR,1,1.1850999999999998,0,0.584725,0.584725,-0.08889199999999997,7.6923076923076925,6,1,1.4089,0,0.673617,0.673617,0.08889199999999997,16.166666666666668,9
EPL,2122,2021-10-02 Chelsea-Southampton,1,2021,16438,2021-10-02 14:00:00,80,74,Chelsea,Southampton,SOU,CHE,3,2.7201000000000004,3,3.79243,3.79243,3.027257,7.291666666666667,12,0,0.1839,1,1.52634,0.765173,-3.027257,9.472222222222221,4
EPL,2122,2021-10-02 Leeds-Watford,1,2021,16440,2021-10-02 14:00:00,245,90,Leeds,Watford,WAT,LED,3,2.5128000000000004,1,1.57388,1.57388,1.381086,6.75,9,0,0.2994,0,0.192794,0.192794,-1.381086,13.857142857142858,4
EPL,2122,2021-10-02 Manchester United-Everton,1,2021,16442,2021-10-02 11:30:00,89,72,Manchester United,Everton,EVE,MUN,1,1.123,1,1.0496,1.0496,-0.2725099999999998,8.133333333333333,12,1,1.5787,1,1.32211,1.32211,0.2725099999999998,19.8125,2
EPL,2122,2021-10-02 Wolverhampton Wanderers-Newcastle United,1,2021,16445,2021-10-02 14:00:00,229,86,Wolverhampton Wanderers,Newcastle United,NEW,WOL,3,1.6300000000000001,2,1.15849,1.15849,0.293273,10.666666666666666,3,0,1.0173999999999999,1,0.865217,0.865217,-0.293273,13.142857142857142,1
EPL,2122,2021-10-03 Crystal Palace-Leicester,1,2021,16439,2021-10-03 13:00:00,78,75,Crystal Palace,Leicester,LEI,CRY,1,1.4123999999999999,2,1.1703,1.1703,0.12707999999999986,6.8,13,1,1.2822,2,1.04322,1.04322,-0.12707999999999986,9.323529411764707,1
EPL,2122,2021-10-03 Liverpool-Manchester City,1,2021,16441,2021-10-03 15:30:00,87,88,Liverpool,Manchester City,MCI,LIV,1,1.2774,2,0.949368,0.949368,-0.09382200000000007,10.483870967741936,7,1,1.4001000000000001,2,1.04319,1.04319,0.09382200000000007,29.3,11
EPL,2122,2021-10-03 Tottenham-Aston Villa,1,2021,16443,2021-10-03 13:00:00,82,71,Tottenham,Aston Villa,AVL,TOT,3,1.8999000000000001,2,1.78187,1.78187,0.7079200000000001,7.85,11,0,0.8379,1,1.07395,1.07395,-0.7079200000000001,7.2727272727272725,11
EPL,2122,2021-10-03 West Ham-Brentford,1,2021,16444,2021-10-03 13:00:00,81,244,West Ham,Brentford,BRE,WHU,0,1.3847999999999998,1,1.37258,1.37258,0.07159999999999989,6.0,8,3,1.3241999999999998,2,1.30098,1.30098,-0.07159999999999989,13.428571428571429,1
EPL,2122,2021-10-16 Aston Villa-Wolverhampton Wanderers,1,2021,16447,2021-10-16 14:00:00,71,229,Aston Villa,Wolverhampton Wanderers,WOL,AVL,0,0.6525,2,1.21276,1.21276,-0.98357,12.6875,7,3,2.1291,3,2.19633,2.19633,0.98357,9.115384615384615,10
EPL,2122,2021-10-16 Brentford-Chelsea,1,2021,16448,2021-10-16 16:30:00,244,80,Brentford,Chelsea,CHE,BRE,0,2.5013,0,1.62169,1.62169,1.373434,14.263157894736842,16,3,0.3083,1,0.248256,0.248256,-1.373434,13.866666666666667,8
EPL,2122,2021-10-16 Leicester-Manchester United,1,2021,16450,2021-10-16 14:00:00,75,89,Leicester,Manchester United,MUN,LEI,3,2.6238,4,2.96611,2.96611,1.94117,13.285714285714286,10,0,0.2643,2,1.02494,1.02494,-1.94117,12.346153846153847,4
EPL,2122,2021-10-16 Manchester City-Burnley,1,2021,16451,2021-10-16 14:00:00,88,92,Manchester City,Burnley,BUR,MCI,3,2.223,2,2.15712,2.15712,1.0799299999999998,8.529411764705882,18,0,0.5535,0,1.07719,1.07719,-1.0799299999999998,23.466666666666665,6
EPL,2122,2021-10-16 Norwich-Brighton,1,2021,16453,2021-10-16 14:00:00,79,220,Norwich,Brighton,BRI,NOR,1,1.3029,0,1.16088,1.16088,-0.014840000000000186,24.0,6,1,1.3659,0,1.17572,1.17572,0.014840000000000186,5.913043478260869,15
EPL,2122,2021-10-16 Southampton-Leeds,1,2021,16454,2021-10-16 14:00:00,74,245,Southampton,Leeds,LED,SOU,3,2.4654000000000003,1,1.83082,1.83082,1.384647,7.647058823529412,4,0,0.348,0,0.446173,0.446173,-1.384647,5.612903225806452,4
EPL,2122,2021-10-16 Watford-Liverpool,1,2021,16455,2021-10-16 11:30:00,90,87,Watford,Liverpool,LIV,WAT,0,0.0189,0,0.302302,0.302302,-3.353228,45.09090909090909,5,3,2.9688000000000003,5,3.65553,3.65553,3.353228,4.88,10
EPL,2122,2021-10-17 Everton-West Ham,1,2021,16449,2021-10-17 13:00:00,72,81,Everton,West Ham,WHU,EVE,0,0.5223,0,0.854165,0.854165,-1.1761749999999997,18.41176470588235,8,3,2.2800000000000002,1,2.03034,2.03034,1.1761749999999997,11.307692307692308,9
EPL,2122,2021-10-17 Newcastle United-Tottenham,1,2021,16452,2021-10-17 15:30:00,86,82,Newcastle United,Tottenham,TOT,NEW,0,0.5596,2,0.645658,0.645658,-0.904422,11.5625,3,3,2.1853,3,1.55008,1.55008,0.904422,9.15,10
EPL,2122,2021-10-18 Arsenal-Crystal Palace,1,2021,16446,2021-10-18 19:00:00,83,78,Arsenal,Crystal Palace,CRY,ARS,1,2.3971,2,1.7436,1.7436,1.2513610000000002,16.894736842105264,10,1,0.40990000000000004,2,0.492239,0.492239,-1.2513610000000002,21.384615384615383,3
EPL,2122,2021-10-22 Arsenal-Aston Villa,1,2021,16456,2021-10-22 19:00:00,83,71,Arsenal,Aston Villa,AVL,ARS,3,2.6395,3,3.4984,2.62648,1.2156,9.73913043478261,14,0,0.2518,1,1.41088,1.41088,-1.2156,13.25,7
EPL,2122,2021-10-23 Brighton-Manchester City,1,2021,16458,2021-10-23 16:30:00,220,88,Brighton,Manchester City,MCI,BRI,0,0.1408,1,1.1695,0.408335,-3.165425,9.793103448275861,7,3,2.7781000000000002,4,3.57376,3.57376,3.165425,23.785714285714285,10
EPL,2122,2021-10-23 Chelsea-Norwich,1,2021,16459,2021-10-23 11:30:00,80,79,Chelsea,Norwich,NOR,CHE,3,2.9177,7,3.10509,2.34393,2.076501,6.888888888888889,10,0,0.047,0,0.267429,0.267429,-2.076501,18.166666666666668,0
EPL,2122,2021-10-23 Crystal Palace-Newcastle United,1,2021,16460,2021-10-23 14:00:00,78,86,Crystal Palace,Newcastle United,NEW,CRY,1,2.4970999999999997,1,2.25588,2.25588,1.5340669999999998,5.117647058823529,9,1,0.3356,1,0.721813,0.721813,-1.5340669999999998,25.666666666666668,4
EPL,2122,2021-10-23 Everton-Watford,1,2021,16461,2021-10-23 14:00:00,72,90,Everton,Watford,WAT,EVE,0,0.603,2,1.84089,1.84089,-1.26255,10.68421052631579,12,3,2.2206,5,3.10344,3.10344,1.26255,13.428571428571429,6
EPL,2122,2021-10-23 Leeds-Wolverhampton Wanderers,1,2021,16462,2021-10-23 14:00:00,245,229,Leeds,Wolverhampton Wanderers,WOL,LED,1,2.0893,1,1.71313,0.951964,0.09332000000000007,3.6,4,1,0.6571,1,0.858644,0.858644,-0.09332000000000007,15.555555555555555,2
EPL,2122,2021-10-23 Southampton-Burnley,1,2021,16464,2021-10-23 14:00:00,74,92,Southampton,Burnley,BUR,SOU,1,2.0092,2,1.42567,1.42567,0.752475,6.333333333333333,6,1,0.7062999999999999,2,0.673195,0.673195,-0.752475,9.727272727272727,4
EPL,2122,2021-10-24 Brentford-Leicester,1,2021,16457,2021-10-24 13:00:00,244,75,Brentford,Leicester,LEI,BRE,0,1.4951999999999999,1,1.16789,1.16789,0.1653500000000001,5.837837837837838,7,3,1.1802000000000001,2,1.00254,1.00254,-0.1653500000000001,21.333333333333332,5
EPL,2122,2021-10-24 Manchester United-Liverpool,1,2021,16463,2021-10-24 15:30:00,89,87,Manchester United,Liverpool,LIV,MUN,0,0.1523,0,1.35584,1.35584,-2.6918100000000003,60.714285714285715,7,3,2.7818,5,4.04765,4.04765,2.6918100000000003,8.23076923076923,13
EPL,2122,2021-10-24 West Ham-Tottenham,1,2021,16465,2021-10-24 13:00:00,81,82,West Ham,Tottenham,TOT,WHU,3,2.2542,1,1.73468,1.73468,1.0624820000000001,21.58823529411765,6,0,0.5223,0,0.672198,0.672198,-1.0624820000000001,11.3,2
EPL,2122,2021-10-30 Burnley-Brentford,1,2021,16467,2021-10-30 14:00:00,92,244,Burnley,Brentford,BRE,BUR,3,2.609,3,2.72901,2.72901,1.894698,16.263157894736842,2,0,0.2717,1,0.834312,0.834312,-1.894698,9.210526315789474,2
EPL,2122,2021-10-30 Leicester-Arsenal,1,2021,16468,2021-10-30 11:30:00,75,83,Leicester,Arsenal,ARS,LEI,0,2.0833,0,1.98801,1.98801,0.88513,9.105263157894736,9,3,0.685,2,1.10288,1.10288,-0.88513,24.933333333333334,5
EPL,2122,2021-10-30 Liverpool-Brighton,1,2021,16469,2021-10-30 14:00:00,87,220,Liverpool,Brighton,BRI,LIV,1,1.2456,2,1.39778,1.39778,-0.11254000000000008,11.826086956521738,11,1,1.4754,2,1.51032,1.51032,0.11254000000000008,26.4,4
EPL,2122,2021-10-30 Manchester City-Crystal Palace,1,2021,16470,2021-10-30 14:00:00,88,78,Manchester City,Crystal Palace,CRY,MCI,0,0.9416,0,0.65739,0.65739,-0.3928999999999999,7.2,12,3,1.7303,2,1.05029,1.05029,0.3928999999999999,16.68421052631579,5
EPL,2122,2021-10-30 Newcastle United-Chelsea,1,2021,16471,2021-10-30 14:00:00,86,80,Newcastle United,Chelsea,CHE,NEW,0,0.0815,0,0.157616,0.157616,-1.2472940000000001,21.066666666666666,0,3,2.8571,3,2.16608,1.40491,1.2472940000000001,3.8947368421052633,14
EPL,2122,2021-10-30 Tottenham-Manchester United,1,2021,16473,2021-10-30 16:30:00,82,89,Tottenham,Manchester United,MUN,TOT,0,1.1688,0,1.15787,1.15787,-0.22825000000000006,7.172413793103448,3,3,1.5243,3,1.38612,1.38612,0.22825000000000006,10.275862068965518,9
EPL,2122,2021-10-30 Watford-Southampton,1,2021,16474,2021-10-30 14:00:00,90,74,Watford,Southampton,SOU,WAT,0,0.5717,0,0.852556,0.852556,-1.055014,10.038461538461538,4,3,2.2118,1,1.90757,1.90757,1.055014,7.052631578947368,11
EPL,2122,2021-10-31 Aston Villa-West Ham,1,2021,16466,2021-10-31 16:30:00,71,81,Aston Villa,West Ham,WHU,AVL,0,0.153,1,0.687551,0.687551,-1.976359,22.75,3,3,2.7567000000000004,4,2.66391,2.66391,1.976359,6.869565217391305,4
EPL,2122,2021-10-31 Norwich-Leeds,1,2021,16472,2021-10-31 14:00:00,79,245,Norwich,Leeds,LED,NOR,0,0.8668,1,0.661887,0.661887,-0.506663,8.727272727272727,2,3,1.8229,2,1.16855,1.16855,0.506663,4.285714285714286,5
EPL,2122,2021-11-01 Wolverhampton Wanderers-Everton,1,2021,16475,2021-11-01 20:00:00,229,72,Wolverhampton Wanderers,Everton,EVE,WOL,3,1.3435,2,1.69344,1.69344,-0.004229999999999956,8.5,6,0,1.3842999999999999,1,1.69767,1.69767,0.004229999999999956,13.464285714285714,7
EPL,2122,2021-11-05 Southampton-Aston Villa,1,2021,16484,2021-11-05 20:00:00,74,71,Southampton,Aston Villa,AVL,SOU,3,1.7231999999999998,1,0.89818,0.89818,0.36210299999999995,5.458333333333333,8,0,0.9174,0,0.536077,0.536077,-0.36210299999999995,10.652173913043478,13
EPL,2122,2021-11-06 Brentford-Norwich,1,2021,16477,2021-11-06 15:00:00,244,79,Brentford,Norwich,NOR,BRE,0,2.503,1,2.79229,2.79229,2.395453,6.782608695652174,11,3,0.3436,2,1.15797,0.396837,-2.395453,14.722222222222221,4
EPL,2122,2021-11-06 Brighton-Newcastle United,1,2021,16478,2021-11-06 17:30:00,220,86,Brighton,Newcastle United,NEW,BRI,1,2.5305999999999997,1,1.43123,0.670063,0.44274199999999997,7.0344827586206895,6,1,0.2857,1,0.227321,0.227321,-0.44274199999999997,20.3,1
EPL,2122,2021-11-06 Chelsea-Burnley,1,2021,16479,2021-11-06 15:00:00,80,92,Chelsea,Burnley,BUR,CHE,1,2.7323000000000004,1,3.00585,3.00585,2.331778,13.6,16,1,0.1748,1,0.674072,0.674072,-2.331778,15.904761904761905,5
EPL,2122,2021-11-06 Crystal Palace-Wolverhampton Wanderers,1,2021,16480,2021-11-06 15:00:00,78,229,Crystal Palace,Wolverhampton Wanderers,WOL,CRY,3,2.8632,2,2.65161,2.65161,2.3974499999999996,6.419354838709677,10,0,0.07980000000000001,0,0.25416,0.25416,-2.3974499999999996,16.047619047619047,2
EPL,2122,2021-11-06 Manchester United-Manchester City,1,2021,16483,2021-11-06 12:30:00,89,88,Manchester United,Manchester City,MCI,MUN,0,0.44189999999999996,0,0.759561,0.759561,-1.2824589999999998,23.470588235294116,0,3,2.3672999999999997,2,2.04202,2.04202,1.2824589999999998,10.304347826086957,8
EPL,2122,2021-11-07 Arsenal-Watford,1,2021,16476,2021-11-07 14:00:00,83,90,Arsenal,Watford,WAT,ARS,3,2.2822,1,1.49208,0.730909,0.23925000000000002,11.866666666666667,7,0,0.4729,0,0.491659,0.491659,-0.23925000000000002,10.892857142857142,1
EPL,2122,2021-11-07 Everton-Tottenham,1,2021,16481,2021-11-07 14:00:00,72,82,Everton,Tottenham,TOT,EVE,1,1.0875,0,0.597906,0.597906,-0.20389199999999996,10.419354838709678,9,1,1.5282,0,0.801798,0.801798,0.20389199999999996,9.041666666666666,3
EPL,2122,2021-11-07 Leeds-Leicester,1,2021,16482,2021-11-07 14:00:00,245,75,Leeds,Leicester,LEI,LED,1,2.3402000000000003,1,1.96551,1.96551,1.1702180000000002,8.772727272727273,5,1,0.452,1,0.795292,0.795292,-1.1702180000000002,12.444444444444445,4
EPL,2122,2021-11-07 West Ham-Liverpool,1,2021,16485,2021-11-07 16:30:00,81,87,West Ham,Liverpool,LIV,WHU,3,1.2139,3,1.25298,1.25298,-0.20343,20.6,3,0,1.5019,2,1.45641,1.45641,0.20343,6.636363636363637,16
EPL,2122,2021-11-20 Aston Villa-Brighton,1,2021,16486,2021-11-20 15:00:00,71,220,Aston Villa,Brighton,BRI,AVL,3,1.7925,2,1.06946,1.06946,0.486673,17.818181818181817,6,0,0.8714999999999999,0,0.582787,0.582787,-0.486673,7.590909090909091,4
EPL,2122,2021-11-20 Burnley-Crystal Palace,1,2021,16487,2021-11-20 15:00:00,92,78,Burnley,Crystal Palace,CRY,BUR,1,0.8682000000000001,3,1.04224,1.04224,-0.70615,11.782608695652174,5,1,1.8903,3,1.74839,1.74839,0.70615,17.875,9
EPL,2122,2021-11-20 Leicester-Chelsea,1,2021,16488,2021-11-20 12:30:00,75,80,Leicester,Chelsea,CHE,LEI,0,0.1647,0,0.499504,0.499504,-2.072276,10.0,1,3,2.733,3,2.57178,2.57178,2.072276,8.869565217391305,8
EPL,2122,2021-11-20 Liverpool-Arsenal,1,2021,16489,2021-11-20 17:30:00,87,83,Liverpool,Arsenal,ARS,LIV,3,2.9878,4,3.97374,3.97374,3.7057149999999996,6.774193548387097,13,0,0.006699999999999999,0,0.268025,0.268025,-3.7057149999999996,28.133333333333333,0
EPL,2122,2021-11-20 Newcastle United-Brentford,1,2021,16491,2021-11-20 15:00:00,86,244,Newcastle United,Brentford,BRE,NEW,1,2.0484999999999998,3,2.18388,2.18388,0.9511299999999998,7.7,8,1,0.7258,3,1.23275,1.23275,-0.9511299999999998,7.65,6
EPL,2122,2021-11-20 Norwich-Southampton,1,2021,16492,2021-11-20 15:00:00,79,74,Norwich,Southampton,SOU,NOR,3,0.7430999999999999,2,0.43778,0.43778,-0.6934,10.75,4,0,1.9398,1,1.13118,1.13118,0.6934,7.764705882352941,9
EPL,2122,2021-11-20 Watford-Manchester United,1,2021,16494,2021-11-20 15:00:00,90,89,Watford,Manchester United,MUN,WAT,3,2.0904000000000003,4,2.73393,1.97277,0.30482999999999993,13.037037037037036,7,0,0.7023,1,1.66794,1.66794,-0.30482999999999993,24.4,9
EPL,2122,2021-11-20 Wolverhampton Wanderers-West Ham,1,2021,16495,2021-11-20 15:00:00,229,81,Wolverhampton Wanderers,West Ham,WHU,WOL,3,2.1129,1,1.31903,1.31903,0.8826989999999999,21.692307692307693,5,0,0.6138,0,0.436331,0.436331,-0.8826989999999999,11.714285714285714,7
EPL,2122,2021-11-21 Manchester City-Everton,1,2021,16490,2021-11-21 14:00:00,88,72,Manchester City,Everton,EVE,MCI,3,2.8228000000000004,3,2.61302,2.61302,2.346126,6.833333333333333,14,0,0.1081,0,0.266894,0.266894,-2.346126,58.0,3
EPL,2122,2021-11-21 Tottenham-Leeds,1,2021,16493,2021-11-21 16:30:00,82,245,Tottenham,Leeds,LED,TOT,3,2.0156,2,2.31744,2.31744,0.8505499999999999,9.59375,8,0,0.7541,1,1.46689,1.46689,-0.8505499999999999,7.419354838709677,5
EPL,2122,2021-11-27 Arsenal-Newcastle United,1,2021,16496,2021-11-27 12:30:00,83,86,Arsenal,Newcastle United,NEW,ARS,3,2.91,2,2.84493,2.84493,2.6595470000000003,7.037037037037037,13,0,0.0531,0,0.185383,0.185383,-2.6595470000000003,16.736842105263158,4
EPL,2122,2021-11-27 Brighton-Leeds,1,2021,16498,2021-11-27 17:30:00,220,245,Brighton,Leeds,LED,BRI,1,2.1563000000000003,0,1.90498,1.90498,1.0401509999999998,9.238095238095237,13,1,0.6196999999999999,0,0.864829,0.864829,-1.0401509999999998,6.837837837837838,6
EPL,2122,2021-11-27 Crystal Palace-Aston Villa,1,2021,16501,2021-11-27 15:00:00,78,71,Crystal Palace,Aston Villa,AVL,CRY,0,1.8546999999999998,1,0.962129,0.962129,0.507824,9.05,5,3,0.7950999999999999,2,0.454305,0.454305,-0.507824,26.307692307692307,6
EPL,2122,2021-11-27 Liverpool-Southampton,1,2021,16503,2021-11-27 15:00:00,87,74,Liverpool,Southampton,SOU,LIV,3,2.6828000000000003,4,3.07278,3.07278,2.106648,9.61111111111111,14,0,0.2162,0,0.966132,0.966132,-2.106648,15.217391304347826,2
EPL,2122,2021-11-27 Norwich-Wolverhampton Wanderers,1,2021,16505,2021-11-27 15:00:00,79,229,Norwich,Wolverhampton Wanderers,WOL,NOR,1,2.3478999999999997,0,1.4047,1.4047,1.1075430000000002,13.333333333333334,9,1,0.4192,0,0.297157,0.297157,-1.1075430000000002,16.0,5
EPL,2122,2021-11-28 Brentford-Everton,1,2021,16497,2021-11-28 14:00:00,244,72,Brentford,Everton,EVE,BRE,3,1.5935,1,1.19813,0.436957,-0.531118,13.210526315789474,3,0,1.0775,0,0.968075,0.968075,0.531118,6.9655172413793105,9
EPL,2122,2021-11-28 Chelsea-Manchester United,1,2021,16500,2021-11-28 16:30:00,80,89,Chelsea,Manchester United,MUN,CHE,1,2.6473,1,2.34525,1.58408,1.020713,5.375,5,1,0.21699999999999997,1,0.563367,0.563367,-1.020713,16.7,2
EPL,2122,2021-11-28 Leicester-Watford,1,2021,16502,2021-11-28 14:00:00,75,90,Leicester,Watford,WAT,LEI,3,1.2363,4,2.16027,2.16027,0.5376100000000001,11.8,8,0,1.5234,2,2.38383,1.62266,-0.5376100000000001,5.0,4
EPL,2122,2021-11-28 Manchester City-West Ham,1,2021,16504,2021-11-28 14:00:00,88,81,Manchester City,West Ham,WHU,MCI,3,2.8989,2,2.72187,2.72187,2.550107,7.333333333333333,9,0,0.0579,1,0.171763,0.171763,-2.550107,23.88235294117647,5
EPL,2122,2021-11-30 Leeds-Crystal Palace,1,2021,16508,2021-11-30 20:15:00,245,78,Leeds,Crystal Palace,CRY,LED,3,2.4334000000000002,1,1.9818,1.22063,0.5133020000000001,3.8421052631578947,5,0,0.3847,0,0.707328,0.707328,-0.5133020000000001,12.636363636363637,4
EPL,2122,2021-11-30 Newcastle United-Norwich,1,2021,16513,2021-11-30 19:30:00,86,79,Newcastle United,Norwich,NOR,NEW,1,1.0794,1,1.15636,0.395187,-1.115653,36.625,2,1,1.62,1,1.51084,1.51084,1.115653,4.923076923076923,8
EPL,2122,2021-12-01 Aston Villa-Manchester City,1,2021,16506,2021-12-01 20:15:00,71,88,Aston Villa,Manchester City,MCI,AVL,0,1.1260999999999999,1,0.772083,0.772083,-0.24688699999999997,15.1,4,3,1.5287,2,1.01897,1.01897,0.24688699999999997,8.727272727272727,9
EPL,2122,2021-12-01 Everton-Liverpool,1,2021,16507,2021-12-01 20:15:00,72,87,Everton,Liverpool,LIV,EVE,0,0.1388,1,0.512263,0.512263,-2.348407,15.636363636363637,1,3,2.786,4,2.86067,2.86067,2.348407,4.461538461538462,10
EPL,2122,2021-12-01 Southampton-Leicester,1,2021,16514,2021-12-01 19:30:00,74,75,Southampton,Leicester,LEI,SOU,1,1.748,2,1.91169,1.91169,0.47158999999999995,10.076923076923077,10,1,1.0004,2,1.4401,1.4401,-0.47158999999999995,8.833333333333334,5
EPL,2122,2021-12-01 Watford-Chelsea,1,2021,16509,2021-12-01 19:30:00,90,80,Watford,Chelsea,CHE,WAT,0,1.3971,1,0.990877,0.990877,0.08230300000000002,6.9655172413793105,7,3,1.2695999999999998,2,0.908574,0.908574,-0.08230300000000002,7.875,7
EPL,2122,2021-12-01 West Ham-Brighton,1,2021,16510,2021-12-01 19:30:00,81,220,West Ham,Brighton,BRI,WHU,1,1.2522000000000002,1,1.14679,1.14679,-0.11390999999999996,13.375,5,1,1.428,1,1.2607,1.2607,0.11390999999999996,3.5357142857142856,10
EPL,2122,2021-12-01 Wolverhampton Wanderers-Burnley,1,2021,16511,2021-12-01 19:30:00,229,92,Wolverhampton Wanderers,Burnley,BUR,WOL,1,1.8234,0,0.711691,0.711691,0.516154,7.0,5,1,0.7197,0,0.195537,0.195537,-0.516154,14.0,6
EPL,2122,2021-12-02 Manchester United-Arsenal,1,2021,16512,2021-12-02 20:15:00,89,83,Manchester United,Arsenal,ARS,MUN,3,1.9234999999999998,3,1.85597,1.0948,-0.07157999999999998,14.85,9,0,0.8204,2,1.16638,1.16638,0.07157999999999998,11.647058823529411,4
EPL,2122,2021-12-02 Tottenham-Brentford,1,2021,16515,2021-12-02 19:30:00,82,244,Tottenham,Brentford,BRE,TOT,3,2.7792,2,2.07248,2.07248,1.846988,17.5,6,0,0.1308,0,0.225492,0.225492,-1.846988,15.8125,7
EPL,2122,2021-12-04 Newcastle United-Burnley,1,2021,16520,2021-12-04 15:00:00,86,92,Newcastle United,Burnley,BUR,NEW,3,2.2519,1,1.70609,1.70609,1.1014910000000002,16.25,4,0,0.5245,0,0.604599,0.604599,-1.1014910000000002,6.666666666666667,6
EPL,2122,2021-12-04 Southampton-Brighton,1,2021,16521,2021-12-04 15:00:00,74,220,Southampton,Brighton,BRI,SOU,1,1.2105,1,1.34236,1.34236,-0.14484000000000008,8.652173913043478,8,1,1.5093,1,1.4872,1.4872,0.14484000000000008,4.24,6
EPL,2122,2021-12-04 Watford-Manchester City,1,2021,16523,2021-12-04 17:30:00,90,88,Watford,Manchester City,MCI,WAT,0,0.0801,1,0.675105,0.675105,-3.3571250000000004,32.13333333333333,2,3,2.8824,3,4.03223,4.03223,3.3571250000000004,6.235294117647059,27
EPL,2122,2021-12-04 West Ham-Chelsea,1,2021,16524,2021-12-04 12:30:00,81,80,West Ham,Chelsea,CHE,WHU,3,1.8787000000000003,3,2.0174,1.25623,-0.11426000000000003,12.6,4,0,0.8833,2,1.37049,1.37049,0.11426000000000003,9.45,13
EPL,2122,2021-12-04 Wolverhampton Wanderers-Liverpool,1,2021,16525,2021-12-04 15:00:00,229,87,Wolverhampton Wanderers,Liverpool,LIV,WOL,0,0.0681,0,0.095167,0.095167,-2.328153,39.625,1,3,2.8788,1,2.42332,2.42332,2.328153,7.333333333333333,16
EPL,2122,2021-12-05 Aston Villa-Leicester,1,2021,16516,2021-12-05 16:30:00,71,75,Aston Villa,Leicester,LEI,AVL,3,2.0334,2,1.84818,1.84818,0.865566,13.5,7,0,0.7368,1,0.982614,0.982614,-0.865566,4.076923076923077,12
EPL,2122,2021-12-05 Leeds-Brentford,1,2021,16518,2021-12-05 14:00:00,245,244,Leeds,Brentford,BRE,LED,1,1.5383,2,1.41896,1.41896,0.21937000000000006,4.785714285714286,7,1,1.1591,2,1.19959,1.19959,-0.21937000000000006,11.08695652173913,5
EPL,2122,2021-12-05 Manchester United-Crystal Palace,1,2021,16519,2021-12-05 14:00:00,89,78,Manchester United,Crystal Palace,CRY,MUN,3,1.6221999999999999,1,0.870376,0.870376,0.34978300000000007,7.0,13,0,0.9988,0,0.520593,0.520593,-0.34978300000000007,14.866666666666667,3
EPL,2122,2021-12-05 Tottenham-Norwich,1,2021,16522,2021-12-05 14:00:00,82,79,Tottenham,Norwich,NOR,TOT,3,2.0734,3,2.00668,2.00668,0.9410599999999998,24.05263157894737,3,0,0.6900999999999999,0,1.06562,1.06562,-0.9410599999999998,22.545454545454547,9
EPL,2122,2021-12-06 Everton-Arsenal,1,2021,16517,2021-12-06 20:00:00,72,83,Everton,Arsenal,ARS,EVE,3,1.3362999999999998,2,1.06108,1.06108,0.003850000000000131,15.434782608695652,5,0,1.3465,1,1.05723,1.05723,-0.003850000000000131,9.0,8
EPL,2122,2021-12-10 Brentford-Watford,1,2021,16527,2021-12-10 20:00:00,244,90,Brentford,Watford,WAT,BRE,3,2.4263,2,1.82799,1.06682,0.5052660000000001,4.103448275862069,6,0,0.38450000000000006,1,0.561554,0.561554,-0.5052660000000001,10.217391304347826,2
EPL,2122,2021-12-11 Arsenal-Southampton,1,2021,16526,2021-12-11 15:00:00,83,74,Arsenal,Southampton,SOU,ARS,3,2.5278,3,2.08429,2.08429,1.5820750000000001,21.375,7,0,0.31889999999999996,0,0.502215,0.502215,-1.5820750000000001,20.0,2
EPL,2122,2021-12-11 Chelsea-Leeds,1,2021,16530,2021-12-11 15:00:00,80,245,Chelsea,Leeds,LED,CHE,3,2.1049,3,2.74844,1.2261,0.25792799999999994,7.0,8,0,0.6751,2,1.72934,0.968172,-0.25792799999999994,11.722222222222221,1
EPL,2122,2021-12-11 Liverpool-Aston Villa,1,2021,16533,2021-12-11 15:00:00,87,71,Liverpool,Aston Villa,AVL,LIV,3,2.9112,1,2.71181,1.95064,1.8100669999999999,5.233333333333333,15,0,0.0507,0,0.140573,0.140573,-1.8100669999999999,24.727272727272727,4
EPL,2122,2021-12-11 Manchester City-Wolverhampton Wanderers,1,2021,16534,2021-12-11 12:30:00,88,229,Manchester City,Wolverhampton Wanderers,WOL,MCI,3,2.9398,1,2.99915,2.23799,2.1617061,6.25,23,0,0.0325,0,0.0762839,0.0762839,-2.1617061,47.42857142857143,1
EPL,2122,2021-12-11 Norwich-Manchester United,1,2021,16535,2021-12-11 17:30:00,79,89,Norwich,Manchester United,MUN,NOR,0,0.5436,0,0.986107,0.986107,-0.350893,24.7,8,3,2.2566,1,2.09817,1.337,0.350893,8.551724137931034,9
EPL,2122,2021-12-12 Burnley-West Ham,1,2021,16529,2021-12-12 14:00:00,92,81,Burnley,West Ham,WHU,BUR,1,0.9123,0,0.54801,0.54801,-0.45080299999999995,11.411764705882353,3,1,1.7400000000000002,0,0.998813,0.998813,0.45080299999999995,7.176470588235294,8
EPL,2122,2021-12-12 Crystal Palace-Everton,1,2021,16531,2021-12-12 16:30:00,78,72,Crystal Palace,Everton,EVE,CRY,3,1.996,3,2.09864,2.09864,0.82308,8.125,8,0,0.7711,1,1.27556,1.27556,-0.82308,9.612903225806452,5
EPL,2122,2021-12-12 Leicester-Newcastle United,1,2021,16532,2021-12-12 14:00:00,75,86,Leicester,Newcastle United,NEW,LEI,3,2.6016999999999997,4,2.05771,1.29654,0.784606,12.166666666666666,8,0,0.2635,0,0.511934,0.511934,-0.784606,7.387096774193548,7
EPL,2122,2021-12-14 Manchester City-Leeds,1,2021,16545,2021-12-14 20:00:00,88,245,Manchester City,Leeds,LED,MCI,3,2.9211,7,3.31349,3.31349,3.0859919999999996,11.65,14,0,0.04529999999999999,0,0.227498,0.227498,-3.0859919999999996,27.0,2
EPL,2122,2021-12-14 Norwich-Aston Villa,1,2021,16541,2021-12-14 19:45:00,79,71,Norwich,Aston Villa,AVL,NOR,0,0.2555,0,0.502647,0.502647,-1.4599630000000001,8.772727272727273,5,3,2.5811,2,1.96261,1.96261,1.4599630000000001,14.15,14
EPL,2122,2021-12-15 Arsenal-West Ham,1,2021,16536,2021-12-15 20:00:00,83,81,Arsenal,West Ham,WHU,ARS,3,2.8489,2,2.81482,2.05365,1.714795,9.090909090909092,13,0,0.09430000000000001,0,0.338855,0.338855,-1.714795,13.444444444444445,0
EPL,2122,2021-12-15 Brighton-Wolverhampton Wanderers,1,2021,16538,2021-12-15 19:30:00,220,229,Brighton,Wolverhampton Wanderers,WOL,BRI,0,1.4464,0,1.20118,1.20118,0.08382,6.333333333333333,2,3,1.2184,1,1.11736,1.11736,-0.08382,17.933333333333334,3
EPL,2122,2021-12-15 Crystal Palace-Southampton,1,2021,16542,2021-12-15 19:30:00,78,74,Crystal Palace,Southampton,SOU,CRY,1,2.1068,2,1.49244,1.49244,0.867257,5.333333333333333,4,1,0.641,2,0.625183,0.625183,-0.867257,6.358974358974359,2
EPL,2122,2021-12-16 Chelsea-Everton,1,2021,16543,2021-12-16 19:45:00,80,72,Chelsea,Everton,EVE,CHE,1,2.8005,1,3.20239,3.20239,2.574862,5.066666666666666,14,1,0.1248,1,0.627528,0.627528,-2.574862,25.235294117647058,0
EPL,2122,2021-12-16 Liverpool-Newcastle United,1,2021,16544,2021-12-16 20:00:00,87,86,Liverpool,Newcastle United,NEW,LIV,3,2.9406000000000003,3,2.93912,2.93912,2.73272,5.12,14,0,0.033,1,0.2064,0.2064,-2.73272,35.3,2
EPL,2122,2021-12-18 Leeds-Arsenal,1,2021,16548,2021-12-18 17:30:00,245,83,Leeds,Arsenal,ARS,LED,0,0.2098,1,1.31408,0.55291,-3.1371700000000002,14.125,7,3,2.6982999999999997,4,3.69008,3.69008,3.1371700000000002,7.483870967741935,14
EPL,2122,2021-12-19 Newcastle United-Manchester City,1,2021,16550,2021-12-19 14:15:00,86,88,Newcastle United,Manchester City,MCI,NEW,0,0.012,0,0.174208,0.174208,-3.472652,23.263157894736842,5,3,2.9772000000000003,4,3.64686,3.64686,3.472652,9.588235294117647,11
EPL,2122,2021-12-19 Tottenham-Liverpool,1,2021,16552,2021-12-19 16:30:00,82,87,Tottenham,Liverpool,LIV,TOT,1,2.2655000000000003,2,2.79777,2.79777,1.24833,21.181818181818183,11,1,0.5444,2,1.54944,1.54944,-1.24833,6.638888888888889,13
EPL,2122,2021-12-19 Wolverhampton Wanderers-Chelsea,1,2021,16555,2021-12-19 14:00:00,229,80,Wolverhampton Wanderers,Chelsea,CHE,WOL,1,0.7828,0,0.321371,0.321371,-0.472581,33.5,4,1,1.81,0,0.793952,0.793952,0.472581,10.416666666666666,11
EPL,2122,2021-12-26 Aston Villa-Chelsea,1,2021,16556,2021-12-26 17:30:00,71,80,Aston Villa,Chelsea,CHE,AVL,0,0.0974,1,0.474029,0.474029,-0.832131,23.0,6,3,2.8468999999999998,3,2.8285,1.30616,0.832131,9.233333333333333,14
EPL,2122,2021-12-26 Brighton-Brentford,1,2021,16557,2021-12-26 20:00:00,220,244,Brighton,Brentford,BRE,BRI,3,1.1899,2,0.943363,0.943363,-0.16005700000000012,10.32,7,0,1.4949999999999999,0,1.10342,1.10342,0.16005700000000012,12.631578947368421,7
EPL,2122,2021-12-26 Manchester City-Leicester,1,2021,16560,2021-12-26 15:00:00,88,75,Manchester City,Leicester,LEI,MCI,3,2.28,6,3.82869,2.30635,-0.1278999999999999,8.958333333333334,12,0,0.5574,3,2.43425,2.43425,0.1278999999999999,43.0,6
EPL,2122,2021-12-26 Norwich-Arsenal,1,2021,16562,2021-12-26 15:00:00,79,83,Norwich,Arsenal,ARS,NOR,0,0.0342,0,0.154212,0.154212,-1.960008,13.88,1,3,2.9385,5,2.87539,2.11422,1.960008,9.5625,10
EPL,2122,2021-12-26 Tottenham-Crystal Palace,1,2021,16563,2021-12-26 15:00:00,82,78,Tottenham,Crystal Palace,CRY,TOT,3,2.9006000000000003,3,2.82148,2.82148,2.6431560000000003,5.666666666666667,15,0,0.0596,0,0.178324,0.178324,-2.6431560000000003,14.0,2
EPL,2122,2021-12-26 West Ham-Southampton,1,2021,16564,2021-12-26 15:00:00,81,74,West Ham,Southampton,SOU,WHU,0,1.5153,2,1.53745,1.53745,0.942193,9.555555555555555,10,3,1.1727,3,1.35643,0.595257,-0.942193,9.363636363636363,2
EPL,2122,2021-12-27 Newcastle United-Manchester United,1,2021,16561,2021-12-27 20:00:00,86,89,Newcastle United,Manchester United,MUN,NEW,1,0.9808000000000001,1,1.26586,1.26586,-0.49001000000000006,14.181818181818182,5,1,1.7344,1,1.75587,1.75587,0.49001000000000006,5.588235294117647,4
EPL,2122,2021-12-28 Crystal Palace-Norwich,1,2021,16570,2021-12-28 15:00:00,78,79,Crystal Palace,Norwich,NOR,CRY,3,2.6129,3,2.38978,1.62862,1.0344859999999998,10.894736842105264,8,0,0.263,0,0.594134,0.594134,-1.0344859999999998,11.142857142857142,5
EPL,2122,2021-12-28 Leicester-Liverpool,1,2021,16573,2021-12-28 20:00:00,75,87,Leicester,Liverpool,LIV,LEI,3,0.1549,1,0.615892,0.615892,-1.247728,18.583333333333332,6,0,2.7552999999999996,0,2.72682,1.86362,1.247728,6.0,22
EPL,2122,2021-12-28 Southampton-Tottenham,1,2021,16575,2021-12-28 15:00:00,74,82,Southampton,Tottenham,TOT,SOU,1,0.1031,1,0.353043,0.353043,-1.694957,8.142857142857142,0,1,2.8348999999999998,1,2.80917,2.048,1.694957,7.642857142857143,10
EPL,2122,2021-12-28 Watford-West Ham,1,2021,16569,2021-12-28 15:00:00,90,81,Watford,West Ham,WHU,WAT,0,0.3019,1,1.0143,1.0143,-1.0653700000000002,9.043478260869565,3,3,2.5771,4,2.84084,2.07967,1.0653700000000002,4.724137931034483,6
EPL,2122,2021-12-29 Brentford-Manchester City,1,2021,16567,2021-12-29 20:15:00,244,88,Brentford,Manchester City,MCI,BRE,0,0.496,0,0.238829,0.238829,-0.7788010000000001,13.090909090909092,3,3,2.2096,1,1.01763,1.01763,0.7788010000000001,5.090909090909091,6
EPL,2122,2021-12-29 Chelsea-Brighton,1,2021,16568,2021-12-29 19:30:00,80,220,Chelsea,Brighton,BRI,CHE,1,1.3023,1,0.763458,0.763458,-0.02317200000000008,9.222222222222221,10,1,1.3281,1,0.78663,0.78663,0.02317200000000008,12.625,11
EPL,2122,2021-12-30 Manchester United-Burnley,1,2021,16574,2021-12-30 20:15:00,89,92,Manchester United,Burnley,BUR,MUN,3,2.0819,3,1.80776,1.80776,0.936022,20.2,6,0,0.6896,1,0.871738,0.871738,-0.936022,11.857142857142858,6
EPL,2122,2022-01-01 Arsenal-Manchester City,1,2021,16576,2022-01-01 12:30:00,83,88,Arsenal,Manchester City,MCI,ARS,0,0.4979,1,0.836949,0.836949,-0.34811099999999995,13.12,4,3,2.2895000000000003,2,1.94623,1.18506,0.34811099999999995,7.0,8
EPL,2122,2022-01-01 Crystal Palace-West Ham,1,2021,16579,2022-01-01 17:30:00,78,81,Crystal Palace,West Ham,WHU,CRY,0,1.6874,2,2.69204,2.69204,1.22175,10.2,11,3,1.0835000000000001,3,2.23146,1.47029,-1.22175,9.823529411764707,4
EPL,2122,2022-01-01 Watford-Tottenham,1,2021,16585,2022-01-01 15:00:00,90,82,Watford,Tottenham,TOT,WAT,0,0.2414,0,0.303514,0.303514,-1.6340059999999998,31.77777777777778,0,3,2.621,1,1.93752,1.93752,1.6340059999999998,5.64,20
EPL,2122,2022-01-02 Brentford-Aston Villa,1,2021,16577,2022-01-02 14:00:00,244,71,Brentford,Aston Villa,AVL,BRE,3,0.7686,2,0.501329,0.501329,-0.6368809999999999,8.1,4,0,1.9134000000000002,1,1.13821,1.13821,0.6368809999999999,12.941176470588236,6
EPL,2122,2022-01-02 Chelsea-Liverpool,1,2021,16578,2022-01-02 16:30:00,80,87,Chelsea,Liverpool,LIV,CHE,1,1.0459,2,1.389,1.389,-0.39996999999999994,8.833333333333334,8,1,1.6882000000000001,2,1.78897,1.78897,0.39996999999999994,12.36,4
EPL,2122,2022-01-02 Everton-Brighton,1,2021,16580,2022-01-02 14:00:00,72,220,Everton,Brighton,BRI,EVE,0,1.6211,2,1.82698,1.06581,-0.4181600000000001,11.31578947368421,5,3,1.0883,3,1.48397,1.48397,0.4181600000000001,8.08695652173913,8
EPL,2122,2022-01-02 Leeds-Burnley,1,2021,16581,2022-01-02 14:00:00,245,92,Leeds,Burnley,BUR,LED,3,2.1539,3,2.04186,2.04186,1.0813669999999997,6.166666666666667,8,0,0.6182,1,0.960493,0.960493,-1.0813669999999997,8.619047619047619,2
EPL,2122,2022-01-03 Manchester United-Wolverhampton Wanderers,1,2021,16583,2022-01-03 17:30:00,89,229,Manchester United,Wolverhampton Wanderers,WOL,MUN,0,1.2470999999999999,0,0.768752,0.768752,-0.07217300000000004,14.058823529411764,3,3,1.3995,1,0.840925,0.840925,0.07217300000000004,14.11111111111111,7
EPL,2122,2022-01-11 Southampton-Brentford,1,2021,16551,2022-01-11 21:45:00,74,244,Southampton,Brentford,BRE,SOU,3,2.1879,4,1.59306,1.59306,0.971594,8.576923076923077,1,0,0.5670000000000001,1,0.621466,0.621466,-0.971594,9.777777777777779,3
EPL,2122,2022-01-12 West Ham-Norwich,1,2021,16554,2022-01-12 21:45:00,81,79,West Ham,Norwich,NOR,WHU,3,2.8644,2,2.89217,2.89217,2.548823,9.55,12,0,0.0849,0,0.343347,0.343347,-2.548823,28.5,4
EPL,2122,2022-01-14 Brighton-Crystal Palace,1,2021,16587,2022-01-14 20:00:00,220,78,Brighton,Crystal Palace,CRY,BRI,1,2.6221,1,2.18053,1.41937,0.909689,5.321428571428571,11,1,0.23170000000000002,1,0.509681,0.509681,-0.909689,24.583333333333332,4
EPL,2122,2022-01-15 Aston Villa-Manchester United,1,2021,16586,2022-01-15 17:30:00,71,89,Aston Villa,Manchester United,MUN,AVL,1,1.7497,2,1.82784,1.82784,0.4740599999999999,14.368421052631579,12,1,0.9864999999999999,2,1.35378,1.35378,-0.4740599999999999,10.655172413793103,4
EPL,2122,2022-01-15 Manchester City-Chelsea,1,2021,16590,2022-01-15 12:30:00,88,80,Manchester City,Chelsea,CHE,MCI,3,1.5598,1,0.901703,0.901703,0.28794600000000004,13.347826086956522,6,0,1.0597,0,0.613757,0.613757,-0.28794600000000004,16.9,2
EPL,2122,2022-01-15 Newcastle United-Watford,1,2021,16591,2022-01-15 15:00:00,86,90,Newcastle United,Watford,WAT,NEW,1,1.0046,1,1.03855,1.03855,-0.45767999999999986,7.34375,4,1,1.7258,1,1.49623,1.49623,0.45767999999999986,10.238095238095237,7
EPL,2122,2022-01-15 Norwich-Everton,1,2021,16592,2022-01-15 15:00:00,79,72,Norwich,Everton,EVE,NOR,3,1.8435000000000001,2,1.00153,1.00153,0.460503,12.1,4,0,0.8229,1,0.541027,0.541027,-0.460503,5.346153846153846,7
EPL,2122,2022-01-15 Wolverhampton Wanderers-Southampton,1,2021,16595,2022-01-15 15:00:00,229,74,Wolverhampton Wanderers,Southampton,SOU,WOL,3,2.4564000000000004,3,2.29917,1.538,0.62072,9.48,4,0,0.3762,1,0.91728,0.91728,-0.62072,12.846153846153847,8
EPL,2122,2022-01-16 Liverpool-Brentford,1,2021,16589,2022-01-16 14:00:00,87,244,Liverpool,Brentford,BRE,LIV,3,2.9013999999999998,3,3.49099,3.49099,3.114334,8.823529411764707,11,0,0.061,0,0.376656,0.376656,-3.114334,15.15,5
EPL,2122,2022-01-16 West Ham-Leeds,1,2021,16594,2022-01-16 14:00:00,81,245,West Ham,Leeds,LED,WHU,0,1.4292999999999998,2,2.3549,2.3549,0.08606000000000025,9.36,9,3,1.3017999999999998,3,2.26884,2.26884,-0.08606000000000025,8.45,6
EPL,2122,2022-01-18 Brighton-Chelsea,1,2021,16607,2022-01-18 09:45:00,220,80,Brighton,Chelsea,CHE,BRI,1,1.5013,1,0.747557,0.747557,0.17456300000000002,14.217391304347826,13,1,1.1167,1,0.572994,0.572994,-0.17456300000000002,13.125,11
EPL,2122,2022-01-19 Brentford-Manchester United,1,2021,16537,2022-01-19 20:00:00,244,89,Brentford,Manchester United,MUN,BRE,0,1.3774000000000002,1,2.081,2.081,0.021310000000000162,10.52,8,3,1.3777,3,2.05969,2.05969,-0.021310000000000162,12.0625,6
EPL,2122,2022-01-19 Leicester-Tottenham,1,2021,16540,2022-01-19 19:30:00,75,82,Leicester,Tottenham,TOT,LEI,0,0.3056,2,1.95031,1.95031,-2.2968,29.5,6,3,2.5865,3,4.24711,4.24711,2.2968,16.130434782608695,11
EPL,2122,2022-01-21 Watford-Norwich,1,2021,16605,2022-01-21 20:00:00,90,79,Watford,Norwich,NOR,WAT,0,1.6481000000000001,0,1.30606,1.30606,0.38084799999999996,5.090909090909091,9,3,1.034,3,0.925212,0.925212,-0.38084799999999996,8.25,2
EPL,2122,2022-01-22 Brentford-Wolverhampton Wanderers,1,2021,16597,2022-01-22 15:00:00,244,229,Brentford,Wolverhampton Wanderers,WOL,BRE,0,1.8158999999999998,1,0.742573,0.742573,0.524362,10.08695652173913,6,3,0.7401,2,0.218211,0.218211,-0.524362,15.933333333333334,2
EPL,2122,2022-01-22 Everton-Aston Villa,1,2021,16600,2022-01-22 12:30:00,72,71,Everton,Aston Villa,AVL,EVE,0,1.6768,0,1.2384,1.2384,0.3781549999999999,6.620689655172414,1,3,1.0054,1,0.860245,0.860245,-0.3781549999999999,4.875,5
EPL,2122,2022-01-22 Leeds-Newcastle United,1,2021,16601,2022-01-22 15:00:00,245,86,Leeds,Newcastle United,NEW,LED,0,1.3423,0,1.12992,1.12992,-0.029120000000000035,6.105263157894737,11,3,1.3516,1,1.15904,1.15904,0.029120000000000035,13.210526315789474,9
EPL,2122,2022-01-22 Manchester United-West Ham,1,2021,16603,2022-01-22 15:00:00,89,81,Manchester United,West Ham,WHU,MUN,3,2.738,1,1.75857,1.75857,1.520543,12.052631578947368,12,0,0.152,0,0.238027,0.238027,-1.520543,11.84,3
EPL,2122,2022-01-22 Southampton-Manchester City,1,2021,16604,2022-01-22 17:30:00,74,88,Southampton,Manchester City,MCI,SOU,1,0.8467,1,1.00222,1.00222,-0.6268499999999999,20.941176470588236,1,1,1.8553000000000002,1,1.62907,1.62907,0.6268499999999999,4.9,17
EPL,2122,2022-01-23 Arsenal-Burnley,1,2021,16596,2022-01-23 14:00:00,83,92,Arsenal,Burnley,BUR,ARS,1,2.1715,0,1.35507,1.35507,0.966107,6.0,11,1,0.5587,0,0.388963,0.388963,-0.966107,24.785714285714285,5
EPL,2122,2022-01-23 Chelsea-Tottenham,1,2021,16598,2022-01-23 16:30:00,80,82,Chelsea,Tottenham,TOT,CHE,3,2.0021999999999998,2,1.04212,1.04212,0.7133019999999999,5.645161290322581,4,0,0.6659999999999999,0,0.328818,0.328818,-0.7133019999999999,16.956521739130434,4
EPL,2122,2022-01-23 Crystal Palace-Liverpool,1,2021,16599,2022-01-23 14:00:00,78,87,Crystal Palace,Liverpool,LIV,CRY,0,1.4757,1,1.62615,1.62615,0.890348,10.88888888888889,5,3,1.2296999999999998,3,1.49697,0.735802,-0.890348,13.571428571428571,11
EPL,2122,2022-01-23 Leicester-Brighton,1,2021,16602,2022-01-23 14:00:00,75,220,Leicester,Brighton,BRI,LEI,1,1.799,1,1.70979,1.70979,0.5124099999999998,16.72222222222222,10,1,0.9332,1,1.19738,1.19738,-0.5124099999999998,10.217391304347826,8
EPL,2122,2022-02-05 Burnley-Watford,1,2021,16539,2022-02-05 18:00:00,92,90,Burnley,Watford,WAT,BUR,1,1.1766999999999999,0,0.765905,0.765905,-0.1680600000000001,8.31578947368421,5,1,1.4773,0,0.933965,0.933965,0.1680600000000001,9.19047619047619,9
EPL,2122,2022-02-08 Burnley-Manchester United,1,2021,16608,2022-02-08 20:00:00,92,89,Burnley,Manchester United,MUN,BUR,1,0.5867,1,0.772721,0.772721,-1.061149,12.19047619047619,5,1,2.1767000000000003,1,1.83387,1.83387,1.061149,7.625,14
EPL,2122,2022-02-08 Newcastle United-Everton,1,2021,16612,2022-02-08 19:45:00,86,72,Newcastle United,Everton,EVE,NEW,3,2.6226,3,2.68732,2.68732,1.8637130000000002,6.948717948717949,3,0,0.2541,1,0.823607,0.823607,-1.8637130000000002,5.32,1
EPL,2122,2022-02-08 West Ham-Watford,1,2021,16610,2022-02-08 19:45:00,81,90,West Ham,Watford,WAT,WHU,3,1.9581000000000002,1,0.905143,0.905143,0.569669,7.7368421052631575,9,0,0.6828,0,0.335474,0.335474,-0.569669,22.8,5
EPL,2122,2022-02-09 Aston Villa-Leeds,1,2021,16606,2022-02-09 20:00:00,71,245,Aston Villa,Leeds,LED,AVL,1,0.6474,3,1.5013,1.5013,-1.0278399999999999,13.857142857142858,2,1,2.1414,3,2.52914,2.52914,1.0278399999999999,9.866666666666667,8
EPL,2122,2022-02-09 Manchester City-Brentford,1,2021,16615,2022-02-09 19:45:00,88,244,Manchester City,Brentford,BRE,MCI,3,2.5501000000000005,2,1.98246,1.22129,0.7599849999999999,5.2,11,0,0.29410000000000003,0,0.461305,0.461305,-0.7599849999999999,16.470588235294116,3
EPL,2122,2022-02-09 Norwich-Crystal Palace,1,2021,16609,2022-02-09 19:45:00,79,78,Norwich,Crystal Palace,CRY,NOR,1,0.4135,1,0.296411,0.296411,-0.17125100000000004,17.52173913043478,2,1,2.3404000000000003,1,1.22883,0.467662,0.17125100000000004,4.62962962962963,3
EPL,2122,2022-02-09 Tottenham-Southampton,1,2021,16613,2022-02-09 19:45:00,82,74,Tottenham,Southampton,SOU,TOT,0,1.3881000000000001,2,1.74286,1.74286,0.009929999999999994,10.842105263157896,4,3,1.3425000000000002,3,1.73293,1.73293,-0.009929999999999994,9.48,7
EPL,2122,2022-02-10 Liverpool-Leicester,1,2021,16614,2022-02-10 19:45:00,87,75,Liverpool,Leicester,LEI,LIV,3,2.7248,2,2.72997,2.72997,2.1850159999999996,4.523809523809524,12,0,0.176,0,0.544954,0.544954,-2.1850159999999996,23.666666666666668,5
EPL,2122,2022-02-10 Wolverhampton Wanderers-Arsenal,1,2021,16611,2022-02-10 19:45:00,229,83,Wolverhampton Wanderers,Arsenal,ARS,WOL,0,0.5597,0,0.641359,0.641359,-0.8111109999999999,9.052631578947368,2,3,2.1926,1,1.45247,1.45247,0.8111109999999999,15.75,9
EPL,2122,2022-02-12 Brentford-Crystal Palace,1,2021,16616,2022-02-12 15:00:00,244,78,Brentford,Crystal Palace,CRY,BRE,1,2.5614,0,1.97576,1.97576,1.4777399999999998,9.08,7,1,0.2835,0,0.49802,0.49802,-1.4777399999999998,5.7,5
EPL,2122,2022-02-12 Everton-Leeds,1,2021,16619,2022-02-12 15:00:00,72,245,Everton,Leeds,LED,EVE,3,2.8679,3,2.58561,2.58561,2.342942,11.148148148148149,10,0,0.0782,0,0.242668,0.242668,-2.342942,6.043478260869565,4
EPL,2122,2022-02-12 Manchester United-Southampton,1,2021,16621,2022-02-12 12:30:00,89,74,Manchester United,Southampton,SOU,MUN,1,2.789,1,2.99207,2.99207,2.3146839999999997,10.608695652173912,8,1,0.1409,1,0.677386,0.677386,-2.3146839999999997,9.068965517241379,7
EPL,2122,2022-02-12 Norwich-Manchester City,1,2021,16623,2022-02-12 17:30:00,79,88,Norwich,Manchester City,MCI,NOR,0,0.007500000000000001,0,0.356755,0.356755,-3.103485,39.111111111111114,5,3,2.9874,4,4.44653,3.46024,3.103485,9.235294117647058,21
EPL,2122,2022-02-12 Watford-Brighton,1,2021,16625,2022-02-12 15:00:00,90,220,Watford,Brighton,BRI,WAT,0,0.35719999999999996,0,0.532979,0.532979,-1.2715809999999999,10.8,5,3,2.4593000000000003,2,1.80456,1.80456,1.2715809999999999,5.703703703703703,5
EPL,2122,2022-02-13 Burnley-Liverpool,1,2021,16617,2022-02-13 14:00:00,92,87,Burnley,Liverpool,LIV,BUR,0,0.6067,0,1.16081,1.16081,-0.7964100000000001,13.62962962962963,1,3,2.1237999999999997,1,1.95722,1.95722,0.7964100000000001,8.1,6
EPL,2122,2022-02-13 Leicester-West Ham,1,2021,16620,2022-02-13 16:30:00,75,81,Leicester,West Ham,WHU,LEI,1,1.9497,2,1.40693,0.645761,-0.09930699999999992,11.318181818181818,3,1,0.7605,2,0.745068,0.745068,0.09930699999999992,15.857142857142858,7
EPL,2122,2022-02-13 Newcastle United-Aston Villa,1,2021,16622,2022-02-13 14:00:00,86,71,Newcastle United,Aston Villa,AVL,NEW,3,1.3447,1,0.527571,0.527571,0.07236500000000001,6.757575757575758,2,0,1.192,0,0.455206,0.455206,-0.07236500000000001,3.9615384615384617,5
EPL,2122,2022-02-13 Tottenham-Wolverhampton Wanderers,1,2021,16624,2022-02-13 14:00:00,82,229,Tottenham,Wolverhampton Wanderers,WOL,TOT,0,0.5387,0,0.838197,0.838197,-1.032063,9.68,8,3,2.2487,2,1.87026,1.87026,1.032063,18.38888888888889,4
EPL,2122,2022-02-15 Manchester United-Brighton,1,2021,16549,2022-02-15 20:15:00,89,220,Manchester United,Brighton,BRI,MUN,3,2.3247,2,2.74936,2.74936,1.4875699999999998,12.48,8,0,0.4998,0,1.26179,1.26179,-1.4875699999999998,9.36,4
EPL,2122,2022-02-19 Arsenal-Brentford,1,2021,16626,2022-02-19 15:00:00,83,244,Arsenal,Brentford,BRE,ARS,3,2.0689,2,1.52247,1.52247,0.881744,7.304347826086956,3,0,0.6603999999999999,1,0.640726,0.640726,-0.881744,24.1,4
EPL,2122,2022-02-19 Aston Villa-Watford,1,2021,16627,2022-02-19 15:00:00,71,90,Aston Villa,Watford,WAT,AVL,0,0.715,0,1.0267,1.0267,-0.7938100000000001,9.0,18,3,2.0503,1,1.82051,1.82051,0.7938100000000001,21.857142857142858,4
EPL,2122,2022-02-19 Brighton-Burnley,1,2021,16628,2022-02-19 15:00:00,220,92,Brighton,Burnley,BUR,BRI,0,0.9099999999999999,0,0.44587,0.44587,-0.37535799999999997,5.15,6,3,1.6996000000000002,3,0.821228,0.821228,0.37535799999999997,13.695652173913043,2
EPL,2122,2022-02-19 Crystal Palace-Chelsea,1,2021,16629,2022-02-19 15:00:00,78,80,Crystal Palace,Chelsea,CHE,CRY,0,0.8432,0,0.624023,0.624023,-0.4993670000000001,14.5,3,3,1.8439999999999999,1,1.12339,1.12339,0.4993670000000001,5.696969696969697,7
EPL,2122,2022-02-19 Liverpool-Norwich,1,2021,16631,2022-02-19 15:00:00,87,79,Liverpool,Norwich,NOR,LIV,3,2.7498,3,3.15449,3.15449,2.48474,7.681818181818182,21,0,0.1656,1,0.66975,0.66975,-2.48474,25.428571428571427,5
EPL,2122,2022-02-19 Manchester City-Tottenham,1,2021,16632,2022-02-19 17:30:00,88,82,Manchester City,Tottenham,TOT,MCI,0,1.5803000000000003,2,2.31773,1.55656,-0.4457899999999999,8.541666666666666,22,3,1.1663000000000001,3,2.00235,2.00235,0.4457899999999999,62.0,2
EPL,2122,2022-02-19 Southampton-Everton,1,2021,16633,2022-02-19 15:00:00,74,72,Southampton,Everton,EVE,SOU,3,2.8855000000000004,2,2.72851,2.72851,2.5286,5.884615384615385,9,0,0.0673,0,0.19991,0.19991,-2.5286,9.88888888888889,8
EPL,2122,2022-02-19 West Ham-Newcastle United,1,2021,16634,2022-02-19 12:30:00,81,86,West Ham,Newcastle United,NEW,WHU,1,1.2407,1,0.847948,0.847948,-0.08462599999999998,23.4,7,1,1.4255,1,0.932574,0.932574,0.08462599999999998,12.0625,9
EPL,2122,2022-02-20 Leeds-Manchester United,1,2021,16630,2022-02-20 14:00:00,245,89,Leeds,Manchester United,MUN,LED,0,0.8092,2,1.74476,1.74476,-0.8652299999999997,5.133333333333334,6,3,1.9773999999999998,4,2.60999,2.60999,0.8652299999999997,8.310344827586206,12
EPL,2122,2022-02-20 Wolverhampton Wanderers-Leicester,1,2021,16635,2022-02-20 16:30:00,229,75,Wolverhampton Wanderers,Leicester,LEI,WOL,3,0.4078,2,0.472777,0.472777,-1.077703,26.0,4,0,2.3895999999999997,1,1.55048,1.55048,1.077703,7.64,8
EPL,2122,2022-02-23 Burnley-Tottenham,1,2021,16499,2022-02-23 19:30:00,92,82,Burnley,Tottenham,TOT,BUR,3,2.1451,1,1.55576,1.55576,0.864105,12.1,3,0,0.6121,0,0.691655,0.691655,-0.864105,9.5,11
EPL,2122,2022-02-23 Liverpool-Leeds,1,2021,16559,2022-02-23 19:45:00,87,245,Liverpool,Leeds,LED,LIV,3,2.9976000000000003,6,5.3303,3.80797,3.666423,11.272727272727273,13,0,0.0015,0,0.141547,0.141547,-3.666423,25.58823529411765,3
EPL,2122,2022-02-23 Watford-Crystal Palace,1,2021,16553,2022-02-23 19:30:00,90,78,Watford,Crystal Palace,CRY,WAT,0,2.1715999999999998,1,1.71917,1.71917,0.9007670000000001,26.76923076923077,4,3,0.5962999999999999,4,0.818403,0.818403,-0.9007670000000001,10.92,2
EPL,2122,2022-02-24 Arsenal-Wolverhampton Wanderers,1,2021,16566,2022-02-24 19:45:00,83,229,Arsenal,Wolverhampton Wanderers,WOL,ARS,3,2.2782,2,2.50961,2.50961,1.40027,9.26923076923077,23,0,0.5385,1,1.10934,1.10934,-1.40027,12.857142857142858,2
EPL,2122,2022-02-25 Southampton-Norwich,1,2021,16644,2022-02-25 20:00:00,74,79,Southampton,Norwich,NOR,SOU,3,2.8648,2,3.08863,3.08863,2.6637530000000003,9.380952380952381,9,0,0.0835,0,0.424877,0.424877,-2.6637530000000003,15.714285714285714,4
EPL,2122,2022-02-26 Brentford-Newcastle United,1,2021,16637,2022-02-26 15:00:00,244,86,Brentford,Newcastle United,NEW,BRE,0,0.3033,0,0.494232,0.494232,-1.759498,11.619047619047619,5,3,2.5512,2,2.25373,2.25373,1.759498,5.631578947368421,8
EPL,2122,2022-02-26 Brighton-Aston Villa,1,2021,16638,2022-02-26 15:30:00,220,71,Brighton,Aston Villa,AVL,BRI,0,0.7048,0,0.627107,0.627107,-0.675593,6.28,5,3,2.0098,2,1.3027,1.3027,0.675593,16.7,4
EPL,2122,2022-02-26 Crystal Palace-Burnley,1,2021,16640,2022-02-26 15:00:00,78,92,Crystal Palace,Burnley,BUR,CRY,1,2.1414,1,1.03765,1.03765,0.781662,21.625,7,1,0.546,1,0.255988,0.255988,-0.781662,8.333333333333334,2
EPL,2122,2022-02-26 Everton-Manchester City,1,2021,16641,2022-02-26 17:30:00,72,88,Everton,Manchester City,MCI,EVE,0,0.4503,0,0.770819,0.770819,-1.163401,16.136363636363637,6,3,2.3489999999999998,1,1.93422,1.93422,1.163401,6.0,10
EPL,2122,2022-02-26 Leeds-Tottenham,1,2021,16642,2022-02-26 12:30:00,245,82,Leeds,Tottenham,TOT,LED,0,1.0085,0,1.89569,1.89569,-0.57456,7.945945945945946,16,3,1.7696,4,2.47025,2.47025,0.57456,17.916666666666668,10
EPL,2122,2022-02-26 Manchester United-Watford,1,2021,16643,2022-02-26 15:00:00,89,90,Manchester United,Watford,WAT,MUN,1,2.6788999999999996,0,2.41457,2.41457,1.977385,9.11111111111111,11,1,0.2111,0,0.437185,0.437185,-1.977385,15.380952380952381,1
EPL,2122,2022-02-27 West Ham-Wolverhampton Wanderers,1,2021,16645,2022-02-27 14:00:00,81,229,West Ham,Wolverhampton Wanderers,WOL,WHU,3,1.9858000000000002,1,1.62241,1.62241,0.7303919999999999,13.192307692307692,14,0,0.7543,0,0.892018,0.892018,-0.7303919999999999,31.0,7
EPL,2122,2022-03-01 Burnley-Leicester,1,2021,16588,2022-03-01 19:45:00,92,75,Burnley,Leicester,LEI,BUR,0,0.8051999999999999,0,1.04214,1.04214,-0.7534399999999999,8.0,6,3,1.9392000000000003,2,1.79558,1.79558,0.7534399999999999,7.9523809523809526,7
EPL,2122,2022-03-05 Aston Villa-Southampton,1,2021,16646,2022-03-05 15:00:00,71,74,Aston Villa,Southampton,SOU,AVL,3,2.3496,4,2.85379,2.85379,1.5243200000000001,16.88888888888889,12,0,0.48929999999999996,0,1.32947,1.32947,-1.5243200000000001,8.227272727272727,4
EPL,2122,2022-03-05 Burnley-Chelsea,1,2021,16647,2022-03-05 15:00:00,92,80,Burnley,Chelsea,CHE,BUR,0,0.3016,0,0.849232,0.849232,-1.437568,16.133333333333333,4,3,2.5338999999999996,4,2.2868,2.2868,1.437568,10.0,6
EPL,2122,2022-03-05 Leicester-Leeds,1,2021,16648,2022-03-05 12:30:00,75,245,Leicester,Leeds,LED,LEI,3,0.2368,1,0.359129,0.359129,-1.7847609999999998,11.619047619047619,6,0,2.6335,0,2.14389,2.14389,1.7847609999999998,11.208333333333334,12
EPL,2122,2022-03-05 Liverpool-West Ham,1,2021,16649,2022-03-05 17:30:00,87,81,Liverpool,West Ham,WHU,LIV,3,1.9755999999999998,1,2.18865,2.18865,0.85036,10.555555555555555,13,0,0.8008,0,1.33829,1.33829,-0.85036,34.0,3
EPL,2122,2022-03-05 Newcastle United-Brighton,1,2021,16651,2022-03-05 15:00:00,86,220,Newcastle United,Brighton,BRI,NEW,3,1.2952,2,1.58028,1.58028,-0.06967000000000012,17.58823529411765,2,0,1.4047,1,1.64995,1.64995,0.06967000000000012,7.388888888888889,12
EPL,2122,2022-03-05 Norwich-Brentford,1,2021,16652,2022-03-05 15:00:00,79,244,Norwich,Brentford,BRE,NOR,0,0.34450000000000003,1,0.77334,0.77334,0.07503700000000002,7.421052631578948,5,3,2.4979,3,2.22064,0.698303,-0.07503700000000002,9.48,5
EPL,2122,2022-03-05 Wolverhampton Wanderers-Crystal Palace,1,2021,16655,2022-03-05 15:00:00,229,78,Wolverhampton Wanderers,Crystal Palace,CRY,WOL,0,0.1801,0,0.710865,0.710865,-1.0655550000000003,4.818181818181818,8,3,2.7151,2,2.53759,1.77642,1.0655550000000003,14.8,9
EPL,2122,2022-03-06 Manchester City-Manchester United,1,2021,16650,2022-03-06 16:30:00,88,89,Manchester City,Manchester United,MUN,MCI,3,2.8181,4,2.74434,2.74434,2.382558,6.433333333333334,15,0,0.1121,1,0.361782,0.361782,-2.382558,22.80952380952381,6
EPL,2122,2022-03-06 Watford-Arsenal,1,2021,16654,2022-03-06 14:00:00,90,83,Watford,Arsenal,ARS,WAT,0,1.5877999999999999,2,1.29603,1.29603,0.29146000000000005,15.333333333333334,6,3,1.1300000000000001,3,1.00457,1.00457,-0.29146000000000005,7.193548387096774,10
EPL,2122,2022-03-07 Tottenham-Everton,1,2021,16653,2022-03-07 20:00:00,82,72,Tottenham,Everton,EVE,TOT,3,2.9293,5,3.24279,3.24279,3.0345269999999998,9.928571428571429,13,0,0.0415,0,0.208263,0.208263,-3.0345269999999998,21.428571428571427,2
EPL,2122,2022-03-10 Leeds-Aston Villa,1,2021,16572,2022-03-10 19:45:00,245,71,Leeds,Aston Villa,AVL,LED,0,0.4279,0,0.194028,0.194028,-1.0788719999999998,6.542857142857143,1,3,2.2945,3,1.2729,1.2729,1.0788719999999998,11.85,8
EPL,2122,2022-03-10 Norwich-Chelsea,1,2021,16672,2022-03-10 19:30:00,79,80,Norwich,Chelsea,CHE,NOR,0,0.5409,1,0.965723,0.204554,-1.926246,27.933333333333334,2,3,2.2335000000000003,3,2.1308,2.1308,1.926246,10.5,17
EPL,2122,2022-03-10 Southampton-Newcastle United,1,2021,16584,2022-03-10 19:30:00,74,86,Southampton,Newcastle United,NEW,SOU,0,2.1947,1,1.79835,1.79835,0.9861169999999999,8.11111111111111,8,3,0.5851999999999999,2,0.812233,0.812233,-0.9861169999999999,14.636363636363637,5
EPL,2122,2022-03-10 Wolverhampton Wanderers-Watford,1,2021,16565,2022-03-10 19:30:00,229,90,Wolverhampton Wanderers,Watford,WAT,WOL,3,2.2603000000000004,4,1.55037,1.55037,1.051674,9.0,5,0,0.5077,0,0.498696,0.498696,-1.051674,31.2,4
EPL,2122,2022-03-12 Brentford-Burnley,1,2021,16657,2022-03-12 15:00:00,244,92,Brentford,Burnley,BUR,BRE,3,2.2026,2,1.82002,1.05885,0.23353900000000005,12.23076923076923,4,0,0.5667,0,0.825311,0.825311,-0.23353900000000005,16.866666666666667,7
EPL,2122,2022-03-12 Brighton-Liverpool,1,2021,16658,2022-03-12 12:30:00,220,87,Brighton,Liverpool,LIV,BRI,0,0.2673,0,0.629316,0.629316,-1.092634,11.529411764705882,4,3,2.6037,2,2.48312,1.72195,1.092634,9.923076923076923,15
EPL,2122,2022-03-12 Manchester United-Tottenham,1,2021,16663,2022-03-12 17:30:00,89,82,Manchester United,Tottenham,TOT,MUN,3,0.8264999999999999,3,1.0181,1.0181,0.155528,27.0,5,0,1.8900000000000001,2,1.62374,0.862572,-0.155528,11.380952380952381,12
EPL,2122,2022-03-13 Arsenal-Leicester,1,2021,16656,2022-03-13 16:30:00,83,75,Arsenal,Leicester,LEI,ARS,3,2.7911,2,2.93665,2.17548,1.6263699999999999,22.625,9,0,0.1325,0,0.54911,0.54911,-1.6263699999999999,16.473684210526315,6
EPL,2122,2022-03-13 Chelsea-Newcastle United,1,2021,16659,2022-03-13 14:00:00,80,86,Chelsea,Newcastle United,NEW,CHE,3,2.1966,1,1.07072,1.07072,0.8246829999999998,4.0,6,0,0.5145,0,0.246037,0.246037,-0.8246829999999998,14.666666666666666,1
EPL,2122,2022-03-13 Everton-Wolverhampton Wanderers,1,2021,16661,2022-03-13 14:00:00,72,229,Everton,Wolverhampton Wanderers,WOL,EVE,0,0.9760000000000001,0,0.397268,0.397268,-0.31486699999999995,17.428571428571427,4,3,1.5958,1,0.712135,0.712135,0.31486699999999995,9.125,3
EPL,2122,2022-03-13 Leeds-Norwich,1,2021,16662,2022-03-13 14:00:00,245,79,Leeds,Norwich,NOR,LED,3,2.5278,2,3.11755,3.11755,1.71607,5.555555555555555,10,0,0.3369,1,1.40148,1.40148,-1.71607,11.777777777777779,12
EPL,2122,2022-03-13 Southampton-Watford,1,2021,16664,2022-03-13 14:00:00,74,90,Southampton,Watford,WAT,SOU,0,1.3351,1,1.25696,1.25696,-0.03688999999999987,6.555555555555555,5,3,1.3639,2,1.29385,1.29385,0.03688999999999987,13.823529411764707,5
EPL,2122,2022-03-13 West Ham-Aston Villa,1,2021,16665,2022-03-13 14:00:00,81,71,West Ham,Aston Villa,AVL,WHU,3,1.8246,2,1.58468,1.58468,0.5307700000000002,16.25,9,0,0.8996999999999999,1,1.05391,1.05391,-0.5307700000000002,14.647058823529411,7
EPL,2122,2022-03-14 Crystal Palace-Manchester City,1,2021,16660,2022-03-14 20:00:00,78,88,Crystal Palace,Manchester City,MCI,CRY,1,0.2973,0,0.474002,0.474002,-1.566208,32.36363636363637,6,1,2.5536000000000003,0,2.04021,2.04021,1.566208,4.290322580645161,14
EPL,2122,2022-03-16 Arsenal-Liverpool,1,2021,16636,2022-03-16 20:15:00,83,87,Arsenal,Liverpool,LIV,ARS,0,0.5846,0,0.534265,0.534265,-0.742545,16.25,1,3,2.1236,2,1.27681,1.27681,0.742545,11.68,4
EPL,2122,2022-03-16 Brighton-Tottenham,1,2021,16528,2022-03-16 19:30:00,220,82,Brighton,Tottenham,TOT,BRI,0,0.6984,0,1.04171,1.04171,-1.0102499999999999,10.612903225806452,6,3,2.0847,2,2.05196,2.05196,1.0102499999999999,17.0,4
EPL,2122,2022-03-17 Everton-Newcastle United,1,2021,16571,2022-03-17 19:45:00,72,86,Everton,Newcastle United,NEW,EVE,3,1.2871000000000001,1,0.708809,0.708809,-0.04922099999999996,10.636363636363637,4,0,1.3339,0,0.75803,0.75803,0.04922099999999996,7.176470588235294,10
EPL,2122,2022-03-18 Wolverhampton Wanderers-Leeds,1,2021,16675,2022-03-18 20:00:00,229,245,Wolverhampton Wanderers,Leeds,LED,WOL,0,0.43110000000000004,2,1.24075,1.24075,-1.58028,13.6,8,3,2.4144,3,2.82103,2.82103,1.58028,8.366666666666667,6
EPL,2122,2022-03-19 Aston Villa-Arsenal,1,2021,16666,2022-03-19 12:30:00,71,83,Aston Villa,Arsenal,ARS,AVL,0,0.5175,0,0.309375,0.309375,-0.835845,21.571428571428573,3,3,2.1957,1,1.14522,1.14522,0.835845,13.666666666666666,11
EPL,2122,2022-03-20 Leicester-Brentford,1,2021,16668,2022-03-20 14:00:00,75,244,Leicester,Brentford,BRE,LEI,3,1.0108000000000001,2,1.27865,1.27865,-0.44601,11.043478260869565,6,0,1.7344,1,1.72466,1.72466,0.44601,15.2,12
EPL,2122,2022-03-20 Tottenham-West Ham,1,2021,16673,2022-03-20 16:30:00,82,81,Tottenham,West Ham,WHU,TOT,3,2.6248,3,2.54795,2.54795,1.9029860000000003,19.705882352941178,5,0,0.25570000000000004,1,0.644964,0.644964,-1.9029860000000003,24.733333333333334,3
EPL,2122,2022-04-02 Brighton-Norwich,1,2021,16685,2022-04-02 14:00:00,220,79,Brighton,Norwich,NOR,BRI,1,2.6649000000000003,0,2.38297,1.6218,1.127688,6.208333333333333,14,1,0.2157,0,0.494112,0.494112,-1.127688,16.9,4
EPL,2122,2022-04-02 Burnley-Manchester City,1,2021,16684,2022-04-02 14:00:00,92,88,Burnley,Manchester City,MCI,BUR,0,0.1886,0,0.0591223,0.0591223,-1.5609577,30.333333333333332,0,3,2.6498,2,1.62008,1.62008,1.5609577,12.0,12
EPL,2122,2022-04-02 Chelsea-Brentford,1,2021,16683,2022-04-02 14:00:00,80,244,Chelsea,Brentford,BRE,CHE,0,0.6713,1,1.29014,1.29014,-1.1440799999999998,7.529411764705882,10,3,2.1407000000000003,4,2.43422,2.43422,1.1440799999999998,20.2,7
EPL,2122,2022-04-02 Leeds-Southampton,1,2021,16681,2022-04-02 14:00:00,245,74,Leeds,Southampton,SOU,LED,1,0.9089,1,1.50715,1.50715,-0.5567200000000001,6.476190476190476,18,1,1.8314000000000001,1,2.06387,2.06387,0.5567200000000001,19.846153846153847,11
EPL,2122,2022-04-02 Liverpool-Watford,1,2021,16680,2022-04-02 11:30:00,87,90,Liverpool,Watford,WAT,LIV,3,2.4655,2,2.23651,1.47534,0.7220330000000001,4.769230769230769,7,0,0.3646,0,0.753307,0.753307,-0.7220330000000001,28.142857142857142,3
EPL,2122,2022-04-02 Manchester United-Leicester,1,2021,16679,2022-04-02 16:30:00,89,75,Manchester United,Leicester,LEI,MUN,1,1.1835,1,0.902127,0.902127,-0.17425299999999988,14.894736842105264,7,1,1.4886000000000001,1,1.07638,1.07638,0.17425299999999988,12.192307692307692,4
EPL,2122,2022-04-02 Wolverhampton Wanderers-Aston Villa,1,2021,16676,2022-04-02 14:00:00,229,71,Wolverhampton Wanderers,Aston Villa,AVL,WOL,3,1.1251,2,1.62151,1.62151,0.4701200000000001,12.181818181818182,4,0,1.5871,1,1.91256,1.15139,-0.4701200000000001,12.090909090909092,8
EPL,2122,2022-04-03 Tottenham-Newcastle United,1,2021,16678,2022-04-03 15:30:00,82,86,Tottenham,Newcastle United,NEW,TOT,3,2.8855,5,3.6081,3.6081,3.069948,13.4375,7,0,0.0733,1,0.538152,0.538152,-3.069948,27.133333333333333,2
EPL,2122,2022-04-03 West Ham-Everton,1,2021,16677,2022-04-03 13:00:00,81,72,West Ham,Everton,EVE,WHU,3,2.1228,2,1.49657,1.49657,0.8387239999999999,29.571428571428573,6,0,0.6297,1,0.657846,0.657846,-0.8387239999999999,24.846153846153847,9
EPL,2122,2022-04-04 Crystal Palace-Arsenal,1,2021,16682,2022-04-04 19:00:00,78,83,Crystal Palace,Arsenal,ARS,CRY,3,1.6827,3,1.39707,0.635906,-0.416084,22.375,1,0,1.0164,0,1.05199,1.05199,0.416084,5.555555555555555,8
EPL,2122,2022-04-06 Burnley-Everton,1,2021,16558,2022-04-06 18:30:00,92,72,Burnley,Everton,EVE,BUR,3,1.3068,3,2.24439,2.24439,1.450955,3.8181818181818183,12,0,1.4121000000000001,2,2.31574,0.793435,-1.450955,5.7272727272727275,6
EPL,2122,2022-04-08 Newcastle United-Wolverhampton Wanderers,1,2021,16689,2022-04-08 19:00:00,86,229,Newcastle United,Wolverhampton Wanderers,WOL,NEW,3,2.4613,1,1.43878,0.677611,0.37074399999999996,28.333333333333332,5,0,0.34240000000000004,0,0.306867,0.306867,-0.37074399999999996,10.318181818181818,1
EPL,2122,2022-04-09 Arsenal-Brighton,1,2021,16695,2022-04-09 14:00:00,83,220,Arsenal,Brighton,BRI,ARS,0,2.6027,1,2.35153,2.35153,1.7554239999999999,6.5,12,3,0.263,2,0.596106,0.596106,-1.7554239999999999,9.571428571428571,6
EPL,2122,2022-04-09 Aston Villa-Tottenham,1,2021,16694,2022-04-09 16:30:00,71,82,Aston Villa,Tottenham,TOT,AVL,0,1.7482,0,1.48712,1.48712,0.503519,10.96551724137931,12,3,0.9712000000000001,4,0.983601,0.983601,-0.503519,15.142857142857142,5
EPL,2122,2022-04-09 Everton-Manchester United,1,2021,16692,2022-04-09 11:30:00,72,89,Everton,Manchester United,MUN,EVE,3,0.8654999999999999,1,0.357295,0.357295,-0.405062,18.6875,1,0,1.7286,0,0.762357,0.762357,0.405062,6.0,15
EPL,2122,2022-04-09 Southampton-Chelsea,1,2021,16687,2022-04-09 14:00:00,74,80,Southampton,Chelsea,CHE,SOU,0,0.018,0,0.564726,0.564726,-3.8321039999999997,24.470588235294116,2,3,2.9682,6,4.39683,4.39683,3.8321039999999997,6.208333333333333,14
EPL,2122,2022-04-09 Watford-Leeds,1,2021,16686,2022-04-09 14:00:00,90,245,Watford,Leeds,LED,WAT,0,1.5357,0,1.07422,1.07422,0.178608,6.857142857142857,2,3,1.1109,3,0.895612,0.895612,-0.178608,4.5,2
EPL,2122,2022-04-10 Brentford-West Ham,1,2021,16693,2022-04-10 13:00:00,244,81,Brentford,West Ham,WHU,BRE,3,2.6483000000000003,2,1.85534,1.85534,1.610516,32.45454545454545,14,0,0.2153,0,0.244824,0.244824,-1.610516,20.5,3
EPL,2122,2022-04-10 Leicester-Crystal Palace,1,2021,16691,2022-04-10 13:00:00,75,78,Leicester,Crystal Palace,CRY,LEI,3,0.7836000000000001,2,0.879235,0.879235,0.20341399999999998,10.757575757575758,4,0,1.9377000000000002,1,1.52767,0.675821,-0.20341399999999998,16.15,6
EPL,2122,2022-04-10 Manchester City-Liverpool,1,2021,16690,2022-04-10 15:30:00,88,87,Manchester City,Liverpool,LIV,MCI,1,1.3553,2,1.34647,1.34647,0.046640000000000015,16.625,7,1,1.3463,2,1.29983,1.29983,-0.046640000000000015,18.85,7
EPL,2122,2022-04-10 Norwich-Burnley,1,2021,16688,2022-04-10 13:00:00,79,92,Norwich,Burnley,BUR,NOR,3,1.5326999999999997,2,1.6723,1.6723,0.22577999999999987,13.583333333333334,5,0,1.1919,0,1.44652,1.44652,-0.22577999999999987,6.578947368421052,5
EPL,2122,2022-04-16 Manchester United-Norwich,1,2021,16702,2022-04-16 14:00:00,89,79,Manchester United,Norwich,NOR,MUN,3,1.2915999999999999,3,1.66737,1.66737,-0.1301699999999999,10.590909090909092,19,0,1.4634999999999998,2,1.79754,1.79754,0.1301699999999999,14.15,12
EPL,2122,2022-04-16 Southampton-Arsenal,1,2021,16700,2022-04-16 14:00:00,74,83,Southampton,Arsenal,ARS,SOU,3,1.1366,1,1.04007,1.04007,-0.30994999999999995,25.166666666666668,4,0,1.5461,0,1.35002,1.35002,0.30994999999999995,7.636363636363637,12
EPL,2122,2022-04-16 Tottenham-Brighton,1,2021,16699,2022-04-16 11:30:00,82,220,Tottenham,Brighton,BRI,TOT,0,1.1765,0,0.58624,0.58624,-0.124915,9.892857142857142,5,3,1.4147,1,0.711155,0.711155,0.124915,10.6,4
EPL,2122,2022-04-16 Watford-Brentford,1,2021,16698,2022-04-16 14:00:00,90,244,Watford,Brentford,BRE,WAT,0,0.8718000000000001,1,1.50381,1.50381,-0.6207599999999998,7.2592592592592595,6,3,1.8687,2,2.12457,2.12457,0.6207599999999998,9.68421052631579,4
EPL,2122,2022-04-17 Newcastle United-Leicester,1,2021,16701,2022-04-17 13:15:00,86,75,Newcastle United,Leicester,LEI,NEW,3,2.7671,2,2.54294,2.54294,2.001856,12.607142857142858,4,0,0.1508,1,0.541084,0.541084,-2.001856,3.3448275862068964,7
EPL,2122,2022-04-17 West Ham-Burnley,1,2021,16697,2022-04-17 13:15:00,81,92,West Ham,Burnley,BUR,WHU,1,2.0667000000000004,1,2.79175,2.79175,1.6715499999999999,14.777777777777779,12,1,0.7011,1,1.88137,1.1202,-1.6715499999999999,16.176470588235293,4
EPL,2122,2022-04-19 Liverpool-Manchester United,1,2021,16669,2022-04-19 19:00:00,87,89,Liverpool,Manchester United,MUN,LIV,3,2.8224,4,2.25967,2.25967,2.1494429999999998,11.944444444444445,14,0,0.1002,0,0.110227,0.110227,-2.1494429999999998,30.05263157894737,3
EPL,2122,2022-04-20 Chelsea-Arsenal,1,2021,16618,2022-04-20 18:45:00,80,83,Chelsea,Arsenal,ARS,CHE,0,0.4258,2,0.593801,0.593801,-0.5183389999999999,8.473684210526315,11,3,2.3863,4,1.87331,1.11214,0.5183389999999999,16.476190476190474,6
EPL,2122,2022-04-20 Everton-Leicester,1,2021,16547,2022-04-20 18:45:00,72,75,Everton,Leicester,LEI,EVE,1,2.1176000000000004,1,1.68819,1.68819,0.9018570000000001,15.73913043478261,6,1,0.6446000000000001,1,0.786333,0.786333,-0.9018570000000001,7.3478260869565215,12
EPL,2122,2022-04-20 Manchester City-Brighton,1,2021,16670,2022-04-20 19:00:00,88,220,Manchester City,Brighton,BRI,MCI,3,2.5262,3,1.52844,1.52844,1.411086,8.36,11,0,0.27290000000000003,0,0.117354,0.117354,-1.411086,19.833333333333332,3
EPL,2122,2022-04-20 Newcastle United-Crystal Palace,1,2021,16671,2022-04-20 18:45:00,86,78,Newcastle United,Crystal Palace,CRY,NEW,3,1.6306,1,0.767855,0.767855,0.33506699999999995,14.148148148148149,5,0,0.9682,0,0.432788,0.432788,-0.33506699999999995,5.393939393939394,4
EPL,2122,2022-04-21 Burnley-Southampton,1,2021,16667,2022-04-21 18:45:00,92,74,Burnley,Southampton,SOU,BUR,3,1.9838999999999998,2,2.14743,2.14743,0.8290599999999999,15.6,4,0,0.7872,0,1.31837,1.31837,-0.8290599999999999,9.882352941176471,4
EPL,2122,2022-04-23 Arsenal-Manchester United,1,2021,16715,2022-04-23 11:30:00,83,89,Arsenal,Manchester United,MUN,ARS,3,1.7779,3,2.54173,1.78057,0.4993000000000001,15.266666666666667,7,0,0.9742000000000001,1,2.04244,1.28127,-0.4993000000000001,17.625,3
EPL,2122,2022-04-23 Brentford-Tottenham,1,2021,16714,2022-04-23 16:30:00,244,82,Brentford,Tottenham,TOT,BRE,1,2.0374,0,1.3153,1.3153,0.797545,14.875,5,1,0.6763,0,0.517755,0.517755,-0.797545,14.357142857142858,6
EPL,2122,2022-04-23 Leicester-Aston Villa,1,2021,16709,2022-04-23 14:00:00,75,71,Leicester,Aston Villa,AVL,LEI,1,0.8581,0,0.235635,0.235635,-0.35756699999999997,4.56,4,1,1.6549,0,0.593202,0.593202,0.35756699999999997,25.53846153846154,5
EPL,2122,2022-04-23 Manchester City-Watford,1,2021,16707,2022-04-23 14:00:00,88,90,Manchester City,Watford,WAT,MCI,3,2.9332,5,3.68,2.91883,2.49251,4.0,20,0,0.0409,1,0.42632,0.42632,-2.49251,25.133333333333333,0
EPL,2122,2022-04-23 Norwich-Newcastle United,1,2021,16706,2022-04-23 14:00:00,79,86,Norwich,Newcastle United,NEW,NOR,0,0.44789999999999996,0,0.657661,0.657661,-1.217919,11.25925925925926,6,3,2.3538,3,1.87558,1.87558,1.217919,10.142857142857142,8
EPL,2122,2022-04-24 Brighton-Southampton,1,2021,16713,2022-04-24 13:00:00,220,74,Brighton,Southampton,SOU,BRI,1,2.2691999999999997,2,1.87343,1.87343,0.9466659999999999,6.818181818181818,5,1,0.525,2,0.926764,0.926764,-0.9466659999999999,8.125,7
EPL,2122,2022-04-24 Burnley-Wolverhampton Wanderers,1,2021,16712,2022-04-24 13:00:00,92,229,Burnley,Wolverhampton Wanderers,WOL,BUR,3,1.9952999999999999,1,1.27298,1.27298,0.680078,12.642857142857142,5,0,0.7185,0,0.592902,0.592902,-0.680078,6.4,14
EPL,2122,2022-04-24 Chelsea-West Ham,1,2021,16711,2022-04-24 13:00:00,80,81,Chelsea,West Ham,WHU,CHE,3,2.6984,1,2.34959,1.58842,1.1994449999999999,9.647058823529411,13,0,0.191,0,0.388975,0.388975,-1.1994449999999999,27.0,4
EPL,2122,2022-04-24 Liverpool-Everton,1,2021,16708,2022-04-24 15:30:00,87,72,Liverpool,Everton,EVE,LIV,3,2.4032,2,1.70397,1.70397,1.279009,3.6,15,0,0.39559999999999995,0,0.424961,0.424961,-1.279009,29.153846153846153,2
EPL,2122,2022-04-25 Crystal Palace-Leeds,1,2021,16710,2022-04-25 19:00:00,78,245,Crystal Palace,Leeds,LED,CRY,1,2.4001,0,1.61656,1.61656,1.242516,5.628571428571429,7,1,0.3964,0,0.374044,0.374044,-1.242516,6.121951219512195,3
EPL,2122,2022-04-28 Manchester United-Chelsea,1,2021,16742,2022-04-28 18:45:00,89,80,Manchester United,Chelsea,CHE,MUN,1,0.2652,1,0.618456,0.618456,-1.8502239999999999,22.46153846153846,8,1,2.6067,1,2.46868,2.46868,1.8502239999999999,7.375,12
EPL,2122,2022-04-30 Aston Villa-Norwich,1,2021,16725,2022-04-30 14:00:00,71,79,Aston Villa,Norwich,NOR,AVL,3,2.6698,2,2.31192,2.31192,1.9597080000000002,9.129032258064516,9,0,0.2107,0,0.352212,0.352212,-1.9597080000000002,14.214285714285714,6
EPL,2122,2022-04-30 Leeds-Manchester City,1,2021,16723,2022-04-30 16:30:00,245,88,Leeds,Manchester City,MCI,LED,0,0.3008,0,1.03608,1.03608,-1.9782300000000002,23.375,3,3,2.5765999999999996,4,3.01431,3.01431,1.9782300000000002,16.5,12
EPL,2122,2022-04-30 Newcastle United-Liverpool,1,2021,16721,2022-04-30 11:30:00,86,87,Newcastle United,Liverpool,LIV,NEW,0,0.028,0,0.115353,0.115353,-2.6189970000000002,14.545454545454545,1,3,2.9482,1,2.73435,2.73435,2.6189970000000002,3.6666666666666665,10
EPL,2122,2022-04-30 Southampton-Crystal Palace,1,2021,16720,2022-04-30 14:00:00,74,78,Southampton,Crystal Palace,CRY,SOU,0,1.2252999999999998,1,0.650256,0.650256,-0.10596100000000008,10.666666666666666,5,3,1.4014,2,0.756217,0.756217,0.10596100000000008,10.642857142857142,5
EPL,2122,2022-04-30 Watford-Burnley,1,2021,16718,2022-04-30 14:00:00,90,92,Watford,Burnley,BUR,WAT,0,0.8694,1,0.785742,0.785742,-0.5844779999999999,8.222222222222221,6,3,1.8528000000000002,2,1.37022,1.37022,0.5844779999999999,8.625,11
EPL,2122,2022-04-30 Wolverhampton Wanderers-Brighton,1,2021,16716,2022-04-30 14:00:00,229,220,Wolverhampton Wanderers,Brighton,BRI,WOL,0,0.11780000000000002,0,0.525912,0.525912,-0.858548,16.75,5,3,2.8237999999999994,3,2.90679,1.38446,0.858548,12.347826086956522,6
EPL,2122,2022-05-01 Everton-Chelsea,1,2021,16724,2022-05-01 13:00:00,72,80,Everton,Chelsea,CHE,EVE,3,1.2618,1,1.11712,1.11712,-0.09429000000000021,17.136363636363637,5,0,1.4328000000000003,0,1.21141,1.21141,0.09429000000000021,4.4375,11
EPL,2122,2022-05-01 Tottenham-Leicester,1,2021,16719,2022-05-01 13:00:00,82,75,Tottenham,Leicester,LEI,TOT,3,2.4659999999999997,3,1.65338,1.65338,1.3792470000000001,13.96551724137931,10,0,0.339,1,0.274133,0.274133,-1.3792470000000001,11.047619047619047,2
EPL,2122,2022-05-01 West Ham-Arsenal,1,2021,16717,2022-05-01 15:30:00,81,83,West Ham,Arsenal,ARS,WHU,0,0.8552,1,0.451976,0.451976,-0.512588,17.5,3,3,1.7876,2,0.964564,0.964564,0.512588,16.63157894736842,4
EPL,2122,2022-05-02 Manchester United-Brentford,1,2021,16722,2022-05-02 19:00:00,89,244,Manchester United,Brentford,BRE,MUN,3,2.361,3,1.84111,1.07994,0.39851499999999995,15.615384615384615,5,0,0.43920000000000003,0,0.681425,0.681425,-0.39851499999999995,39.45454545454545,9
EPL,2122,2022-05-07 Brentford-Southampton,1,2021,16734,2022-05-07 14:00:00,244,74,Brentford,Southampton,SOU,BRE,3,2.7891999999999997,3,3.68223,3.68223,2.6936560000000003,8.458333333333334,11,0,0.1444,0,0.988574,0.988574,-2.6936560000000003,9.3125,5
EPL,2122,2022-05-07 Brighton-Manchester United,1,2021,16733,2022-05-07 16:30:00,220,89,Brighton,Manchester United,MUN,BRI,3,2.6574,4,2.82636,2.82636,1.8956450000000002,12.23076923076923,18,0,0.23070000000000002,0,0.930715,0.930715,-1.8956450000000002,11.733333333333333,5
EPL,2122,2022-05-07 Burnley-Aston Villa,1,2021,16732,2022-05-07 14:00:00,92,71,Burnley,Aston Villa,AVL,BUR,0,0.9653,1,1.31028,1.31028,-0.5022800000000001,9.25,4,3,1.7546,3,1.81256,1.81256,0.5022800000000001,13.894736842105264,5
EPL,2122,2022-05-07 Chelsea-Wolverhampton Wanderers,1,2021,16731,2022-05-07 14:00:00,80,229,Chelsea,Wolverhampton Wanderers,WOL,CHE,1,1.4872,2,1.82098,1.05981,-0.62439,9.636363636363637,10,1,1.2538,2,1.6842,1.6842,0.62439,18.3125,3
EPL,2122,2022-05-07 Crystal Palace-Watford,1,2021,16730,2022-05-07 14:00:00,78,90,Crystal Palace,Watford,WAT,CRY,3,2.8436,1,2.49142,1.73025,1.474877,7.529411764705882,7,0,0.0935,0,0.255373,0.255373,-1.474877,12.52,1
EPL,2122,2022-05-07 Liverpool-Tottenham,1,2021,16728,2022-05-07 18:45:00,87,82,Liverpool,Tottenham,TOT,LIV,1,1.3493000000000002,1,1.0481,1.0481,0.065465,6.3,13,1,1.3259,1,0.982635,0.982635,-0.065465,22.333333333333332,6
EPL,2122,2022-05-08 Arsenal-Leeds,1,2021,16735,2022-05-08 13:00:00,83,245,Arsenal,Leeds,LED,ARS,3,2.6662999999999997,2,2.7227,2.7227,2.0259150000000004,8.821428571428571,14,0,0.2201,1,0.696785,0.696785,-2.0259150000000004,20.4,3
EPL,2122,2022-05-08 Leicester-Everton,1,2021,16729,2022-05-08 13:00:00,75,72,Leicester,Everton,EVE,LEI,0,1.2793999999999999,1,1.47479,1.47479,-0.08155999999999985,7.555555555555555,10,3,1.4396,2,1.55635,1.55635,0.08155999999999985,22.533333333333335,4
EPL,2122,2022-05-08 Manchester City-Newcastle United,1,2021,16727,2022-05-08 15:30:00,88,86,Manchester City,Newcastle United,NEW,MCI,3,2.8754,5,4.05613,4.05613,3.061031,8.352941176470589,17,0,0.0839,0,0.995099,0.995099,-3.061031,28.0,3
EPL,2122,2022-05-08 Norwich-West Ham,1,2021,16726,2022-05-08 13:00:00,79,81,Norwich,West Ham,WHU,NOR,0,0.07980000000000001,0,0.77895,0.77895,-1.71882,22.57894736842105,5,3,2.8718999999999997,4,3.25894,2.49777,1.71882,16.642857142857142,10
EPL,2122,2022-05-10 Aston Villa-Liverpool,1,2021,16705,2022-05-10 19:00:00,71,87,Aston Villa,Liverpool,LIV,AVL,0,1.0753,1,1.44726,1.44726,-0.30691,20.214285714285715,3,3,1.5892,2,1.75417,1.75417,0.30691,6.392857142857143,13
EPL,2122,2022-05-11 Leeds-Chelsea,1,2021,16703,2022-05-11 18:30:00,245,80,Leeds,Chelsea,CHE,LED,0,0.6066,0,0.499789,0.499789,-0.9687409999999999,21.347826086956523,0,3,2.1207,3,1.46853,1.46853,0.9687409999999999,9.846153846153847,9
EPL,2122,2022-05-11 Leicester-Norwich,1,2021,16582,2022-05-11 18:45:00,75,79,Leicester,Norwich,NOR,LEI,3,2.3043,3,2.57058,2.57058,1.3509200000000001,7.642857142857143,13,0,0.5082,0,1.21966,1.21966,-1.3509200000000001,37.0,3
EPL,2122,2022-05-11 Watford-Everton,1,2021,16674,2022-05-11 18:45:00,90,72,Watford,Everton,EVE,WAT,1,0.6885000000000001,0,0.232236,0.232236,-0.5799570000000001,18.642857142857142,3,1,1.8954,0,0.812193,0.812193,0.5799570000000001,10.392857142857142,6
EPL,2122,2022-05-11 Wolverhampton Wanderers-Manchester City,1,2021,16696,2022-05-11 19:15:00,229,88,Wolverhampton Wanderers,Manchester City,MCI,WOL,0,0.0534,1,0.411857,0.411857,-2.981183,36.2,6,3,2.9112,5,3.39304,3.39304,2.981183,9.25,13
EPL,2122,2022-05-12 Tottenham-Arsenal,1,2021,16593,2022-05-12 18:45:00,82,83,Tottenham,Arsenal,ARS,TOT,3,2.9146,3,3.42522,2.66405,2.276604,10.523809523809524,9,0,0.0517,0,0.387446,0.387446,-2.276604,35.3,4
EPL,2122,2022-05-15 Aston Villa-Crystal Palace,1,2021,16745,2022-05-15 13:00:00,71,78,Aston Villa,Crystal Palace,CRY,AVL,1,0.7421,1,0.799443,0.799443,-0.590647,13.727272727272727,3,1,1.9622000000000002,1,1.39009,1.39009,0.590647,8.785714285714286,5
EPL,2122,2022-05-15 Everton-Brentford,1,2021,16744,2022-05-15 15:30:00,72,244,Everton,Brentford,BRE,EVE,0,2.0349000000000004,2,2.69589,1.93472,0.11846000000000001,27.545454545454547,5,3,0.7674000000000001,3,1.81626,1.81626,-0.11846000000000001,5.857142857142857,7
EPL,2122,2022-05-15 Leeds-Brighton,1,2021,16743,2022-05-15 13:00:00,245,220,Leeds,Brighton,BRI,LED,1,1.3639000000000001,1,2.22282,2.22282,-0.03616000000000019,6.76,10,1,1.4101,1,2.25898,2.25898,0.03616000000000019,13.928571428571429,12
EPL,2122,2022-05-15 Tottenham-Burnley,1,2021,16739,2022-05-15 11:00:00,82,92,Tottenham,Burnley,BUR,TOT,3,2.5970999999999997,1,2.39449,1.63332,1.003432,9.058823529411764,9,0,0.2712,0,0.629888,0.629888,-1.003432,16.136363636363637,7
EPL,2122,2022-05-15 Watford-Leicester,1,2021,16738,2022-05-15 13:00:00,90,75,Watford,Leicester,LEI,WAT,0,1.5939999999999999,1,2.58968,2.58968,0.31671000000000005,18.72222222222222,4,3,1.1772999999999998,5,2.27297,2.27297,-0.31671000000000005,8.85,8
EPL,2122,2022-05-15 West Ham-Manchester City,1,2021,16737,2022-05-15 13:00:00,81,88,West Ham,Manchester City,MCI,WHU,1,0.5686,2,1.0088,1.0088,-0.37726000000000015,36.714285714285715,3,1,2.2192000000000003,2,2.14723,1.38606,0.37726000000000015,6.769230769230769,19
EPL,2122,2022-05-15 Wolverhampton Wanderers-Norwich,1,2021,16736,2022-05-15 13:00:00,229,79,Wolverhampton Wanderers,Norwich,NOR,WOL,1,0.9243999999999999,1,0.999066,0.999066,-0.5330539999999999,13.466666666666667,5,1,1.8010000000000002,1,1.53212,1.53212,0.5330539999999999,22.384615384615383,0
EPL,2122,2022-05-16 Newcastle United-Arsenal,1,2021,16741,2022-05-16 19:00:00,86,83,Newcastle United,Arsenal,ARS,NEW,3,2.3302,2,1.68299,1.68299,1.190536,7.260869565217392,9,0,0.4621,0,0.492454,0.492454,-1.190536,11.142857142857142,5
EPL,2122,2022-05-17 Southampton-Liverpool,1,2021,16740,2022-05-17 18:45:00,74,87,Southampton,Liverpool,LIV,SOU,0,0.39559999999999995,1,0.121506,0.121506,-1.070274,19.0,3,3,2.3047999999999997,2,1.19178,1.19178,1.070274,7.75,12
EPL,2122,2022-05-19 Aston Villa-Burnley,1,2021,16546,2022-05-19 19:00:00,71,92,Aston Villa,Burnley,BUR,AVL,1,0.7696000000000001,1,0.996403,0.996403,0.12640200000000001,7.071428571428571,12,1,1.9870000000000003,1,1.63117,0.870001,-0.12640200000000001,20.0,5
EPL,2122,2022-05-19 Chelsea-Leicester,1,2021,16639,2022-05-19 19:00:00,80,75,Chelsea,Leicester,LEI,CHE,1,2.6633999999999998,1,1.61996,1.61996,1.5781628,8.88,11,1,0.17820000000000003,1,0.0417972,0.0417972,-1.5781628,36.166666666666664,0
EPL,2122,2022-05-19 Everton-Crystal Palace,1,2021,16704,2022-05-19 18:45:00,72,78,Everton,Crystal Palace,CRY,EVE,3,0.6057,3,0.813157,0.813157,-0.789143,13.55,4,0,2.1339,2,1.6023,1.6023,0.789143,7.117647058823529,3
EPL,2122,2022-05-22 Arsenal-Everton,1,2021,16746,2022-05-22 15:00:00,83,72,Arsenal,Everton,EVE,ARS,3,2.9208,5,4.35597,3.5948,2.5087900000000003,4.8,11,0,0.0474,1,1.08601,1.08601,-2.5087900000000003,49.666666666666664,5
EPL,2122,2022-05-22 Brentford-Leeds,1,2021,16747,2022-05-22 15:00:00,244,245,Brentford,Leeds,LED,BRE,0,0.7797000000000001,1,0.844985,0.844985,0.12829899999999994,9.80952380952381,4,3,1.9476,2,1.47786,0.716686,-0.12829899999999994,13.1,4
EPL,2122,2022-05-22 Brighton-West Ham,1,2021,16748,2022-05-22 15:00:00,220,81,Brighton,West Ham,WHU,BRI,3,2.4922,3,1.67774,1.67774,1.408895,17.285714285714285,21,0,0.3235,1,0.268845,0.268845,-1.408895,16.642857142857142,4
EPL,2122,2022-05-22 Burnley-Newcastle United,1,2021,16749,2022-05-22 15:00:00,92,86,Burnley,Newcastle United,NEW,BUR,0,1.1266,1,1.49164,1.49164,0.509901,21.0,6,3,1.5748,2,1.74291,0.981739,-0.509901,7.473684210526316,4
EPL,2122,2022-05-22 Chelsea-Watford,1,2021,16750,2022-05-22 15:00:00,80,90,Chelsea,Watford,WAT,CHE,3,2.6772,2,2.59231,2.59231,2.016555,6.375,14,0,0.21689999999999998,1,0.575755,0.575755,-2.016555,30.071428571428573,3
EPL,2122,2022-05-22 Crystal Palace-Manchester United,1,2021,16751,2022-05-22 15:00:00,78,89,Crystal Palace,Manchester United,MUN,CRY,3,0.8426,1,0.354618,0.354618,-0.42738699999999996,15.5,4,0,1.7546,0,0.782005,0.782005,0.42738699999999996,5.888888888888889,5
EPL,2122,2022-05-22 Leicester-Southampton,1,2021,16752,2022-05-22 15:00:00,75,74,Leicester,Southampton,SOU,LEI,3,2.7887999999999997,4,3.42058,3.42058,3.130338,12.4375,7,0,0.1395,1,1.05141,0.290242,-3.130338,12.6,5
EPL,2122,2022-05-22 Liverpool-Wolverhampton Wanderers,1,2021,16753,2022-05-22 15:00:00,87,229,Liverpool,Wolverhampton Wanderers,WOL,LIV,3,2.6115,3,3.19385,3.19385,2.07677,10.28,24,0,0.27659999999999996,1,1.11708,1.11708,-2.07677,33.36363636363637,4
EPL,2122,2022-05-22 Manchester City-Aston Villa,1,2021,16754,2022-05-22 15:00:00,88,71,Manchester City,Aston Villa,AVL,MCI,3,2.9495,3,3.3209,3.3209,3.0730589999999998,7.294117647058823,22,0,0.0308,2,0.247841,0.247841,-3.0730589999999998,23.5,1
EPL,2122,2022-05-22 Norwich-Tottenham,1,2021,16755,2022-05-22 15:00:00,79,82,Norwich,Tottenham,TOT,NOR,0,0.021699999999999997,0,0.310789,0.310789,-3.5042109999999997,16.791666666666668,6,3,2.9625999999999997,5,3.815,3.815,3.5042109999999997,17.071428571428573,12
EPL,2223,2022-08-05 Crystal Palace-Arsenal,1,2022,18202,2022-08-05 19:00:00,78,83,Crystal Palace,Arsenal,ARS,CRY,0,1.1503999999999999,0,1.20637,1.20637,-0.22964000000000007,10.25,8,3,1.5583999999999998,2,1.43601,1.43601,0.22964000000000007,12.678571428571429,13
EPL,2223,2022-08-06 Bournemouth-Aston Villa,1,2022,18204,2022-08-06 14:00:00,73,71,Bournemouth,Aston Villa,AVL,BOU,3,1.4036,2,0.588341,0.588341,0.09944599999999998,11.68,3,0,1.1566999999999998,0,0.488895,0.488895,-0.09944599999999998,6.608695652173913,11
EPL,2223,2022-08-06 Everton-Chelsea,1,2022,18208,2022-08-06 16:30:00,72,80,Everton,Chelsea,CHE,EVE,0,0.3517,0,0.541983,0.541983,-0.619997,12.0,3,3,2.4766,1,1.92315,1.16198,0.619997,6.1923076923076925,7
EPL,2223,2022-08-06 Fulham-Liverpool,1,2022,18203,2022-08-06 11:30:00,228,87,Fulham,Liverpool,LIV,FLH,1,0.5808,2,1.26822,0.507047,-1.834063,18.473684210526315,4,1,2.2058999999999997,2,2.34111,2.34111,1.834063,6.333333333333333,11
EPL,2223,2022-08-06 Leeds-Wolverhampton Wanderers,1,2022,18205,2022-08-06 14:00:00,245,229,Leeds,Wolverhampton Wanderers,WOL,LED,3,1.156,2,0.88917,0.88917,-0.21201999999999988,9.285714285714286,5,0,1.5274,1,1.10119,1.10119,0.21201999999999988,10.647058823529411,9
EPL,2223,2022-08-06 Newcastle United-Nottingham Forest,1,2022,18206,2022-08-06 14:00:00,86,249,Newcastle United,Nottingham Forest,NOT,NEW,3,2.5764000000000005,2,1.8591,1.8591,1.623275,6.08,24,0,0.2541,0,0.235825,0.235825,-1.623275,13.333333333333334,2
EPL,2223,2022-08-06 Tottenham-Southampton,1,2022,18207,2022-08-06 14:00:00,82,74,Tottenham,Southampton,SOU,TOT,3,2.3215,4,1.6172,1.6172,1.230654,5.7,12,0,0.4576,1,0.386546,0.386546,-1.230654,15.545454545454545,7
EPL,2223,2022-08-07 Leicester-Brentford,1,2022,18210,2022-08-07 13:00:00,75,244,Leicester,Brentford,BRE,LEI,1,0.8336000000000001,2,0.455695,0.455695,-0.47537199999999996,17.705882352941178,5,1,1.8173,2,0.931067,0.931067,0.47537199999999996,22.214285714285715,3
EPL,2223,2022-08-07 Manchester United-Brighton,1,2022,18209,2022-08-07 13:00:00,89,220,Manchester United,Brighton,BRI,MUN,0,1.112,1,1.42103,1.42103,-0.3078700000000001,10.090909090909092,7,3,1.6190000000000002,2,1.7289,1.7289,0.3078700000000001,9.961538461538462,5
EPL,2223,2022-08-07 West Ham-Manchester City,1,2022,18211,2022-08-07 15:30:00,81,88,West Ham,Manchester City,MCI,WHU,0,0.08,0,0.246188,0.246188,-1.580042,26.0,2,3,2.8649,2,2.58739,1.82623,1.580042,25.5,11
EPL,2223,2022-08-13 Arsenal-Leicester,1,2022,18217,2022-08-13 14:00:00,83,75,Arsenal,Leicester,LEI,ARS,3,2.7487000000000004,4,3.0107,3.0107,2.3200209999999997,10.333333333333334,10,0,0.16599999999999998,2,0.690679,0.690679,-2.3200209999999997,14.0,5
EPL,2223,2022-08-13 Aston Villa-Everton,1,2022,18212,2022-08-13 11:30:00,71,72,Aston Villa,Everton,EVE,AVL,3,2.3254,2,2.66696,2.66696,1.29189,9.304347826086957,13,0,0.4885,1,1.37507,1.37507,-1.29189,18.615384615384617,4
EPL,2223,2022-08-13 Brentford-Manchester United,1,2022,18218,2022-08-13 16:30:00,244,89,Brentford,Manchester United,MUN,BRE,3,1.7733999999999999,4,1.38785,1.38785,0.491812,20.4,3,0,0.9319,0,0.896038,0.896038,-0.491812,6.6923076923076925,11
EPL,2223,2022-08-13 Brighton-Newcastle United,1,2022,18213,2022-08-13 14:00:00,220,86,Brighton,Newcastle United,NEW,BRI,1,2.5527,0,1.60835,1.60835,1.424398,6.291666666666667,15,1,0.2676,0,0.183952,0.183952,-1.424398,9.294117647058824,2
EPL,2223,2022-08-13 Manchester City-Bournemouth,1,2022,18214,2022-08-13 14:00:00,88,73,Manchester City,Bournemouth,BOU,MCI,3,2.6035999999999997,4,1.69064,1.69064,1.566694,12.157894736842104,11,0,0.2243,0,0.123946,0.123946,-1.566694,51.166666666666664,0
EPL,2223,2022-08-13 Southampton-Leeds,1,2022,18215,2022-08-13 14:00:00,74,245,Southampton,Leeds,LED,SOU,1,0.9052,2,1.40906,1.40906,-0.58788,13.263157894736842,4,1,1.8274000000000001,2,1.99694,1.99694,0.58788,4.852941176470588,9
EPL,2223,2022-08-13 Wolverhampton Wanderers-Fulham,1,2022,18216,2022-08-13 14:00:00,229,228,Wolverhampton Wanderers,Fulham,FLH,WOL,1,1.1558,0,0.975375,0.975375,0.648409,11.733333333333333,1,1,1.4798000000000002,0,1.08813,0.326966,-0.648409,14.714285714285714,2
EPL,2223,2022-08-14 Chelsea-Tottenham,1,2022,18220,2022-08-14 15:30:00,80,82,Chelsea,Tottenham,TOT,CHE,1,1.554,2,1.83945,1.83945,0.25237,6.655172413793103,12,1,1.1907,2,1.58708,1.58708,-0.25237,12.285714285714286,2
EPL,2223,2022-08-14 Nottingham Forest-West Ham,1,2022,18219,2022-08-14 13:00:00,249,81,Nottingham Forest,West Ham,WHU,NOT,3,1.2978,1,1.9717,1.9717,0.64653,10.8125,4,0,1.4451,0,2.08634,1.32517,-0.64653,8.2,7
EPL,2223,2022-08-15 Liverpool-Crystal Palace,1,2022,18221,2022-08-15 19:00:00,87,78,Liverpool,Crystal Palace,CRY,LIV,1,1.7697,1,2.23596,2.23596,0.59128,3.4146341463414633,20,1,0.9993,1,1.64468,1.64468,-0.59128,41.27272727272727,2
EPL,2223,2022-08-20 Bournemouth-Arsenal,1,2022,18227,2022-08-20 16:30:00,73,83,Bournemouth,Arsenal,ARS,BOU,0,0.242,0,0.211335,0.211335,-1.499475,15.652173913043478,1,3,2.6008999999999998,3,1.71081,1.71081,1.499475,8.72,8
EPL,2223,2022-08-20 Crystal Palace-Aston Villa,1,2022,18223,2022-08-20 14:00:00,78,71,Crystal Palace,Aston Villa,AVL,CRY,3,2.6914,3,2.91137,2.00662,1.2027919999999999,13.944444444444445,8,0,0.2122,1,0.803828,0.803828,-1.2027919999999999,7.411764705882353,3
EPL,2223,2022-08-20 Everton-Nottingham Forest,1,2022,18224,2022-08-20 14:00:00,72,249,Everton,Nottingham Forest,NOT,EVE,1,1.7744,1,1.43408,1.43408,0.515765,18.615384615384617,8,1,0.9539,1,0.918315,0.918315,-0.515765,15.785714285714286,1
EPL,2223,2022-08-20 Fulham-Brentford,1,2022,18225,2022-08-20 14:00:00,228,244,Fulham,Brentford,BRE,FLH,3,2.2969,3,2.89934,2.89934,1.30582,9.625,7,0,0.5215,2,1.59352,1.59352,-1.30582,11.153846153846153,8
EPL,2223,2022-08-20 Leicester-Southampton,1,2022,18226,2022-08-20 14:00:00,75,74,Leicester,Southampton,SOU,LEI,0,0.4478,1,0.242948,0.242948,-0.998602,4.806451612903226,5,3,2.282,2,1.24155,1.24155,0.998602,15.761904761904763,4
EPL,2223,2022-08-20 Tottenham-Wolverhampton Wanderers,1,2022,18222,2022-08-20 11:30:00,82,229,Tottenham,Wolverhampton Wanderers,WOL,TOT,3,2.0355,1,1.46608,1.46608,0.779957,11.6,8,0,0.708,0,0.686123,0.686123,-0.779957,20.642857142857142,6
EPL,2223,2022-08-21 Leeds-Chelsea,1,2022,18228,2022-08-21 13:00:00,245,80,Leeds,Chelsea,CHE,LED,3,2.6486,3,2.20971,2.20971,1.5172179999999997,8.5625,1,0,0.2243,0,0.692492,0.692492,-1.5172179999999997,4.633333333333334,7
EPL,2223,2022-08-21 Newcastle United-Manchester City,1,2022,18230,2022-08-21 15:30:00,86,88,Newcastle United,Manchester City,MCI,NEW,1,0.6023,3,2.2127,2.2127,-1.4611200000000002,12.068965517241379,9,1,2.2403,3,3.67382,3.67382,1.4611200000000002,6.777777777777778,9
EPL,2223,2022-08-21 West Ham-Brighton,1,2022,18229,2022-08-21 13:00:00,81,220,West Ham,Brighton,BRI,WHU,0,0.5258,0,0.768634,0.768634,-0.29664599999999997,26.1,6,3,2.2613,2,1.82645,1.06528,0.29664599999999997,18.857142857142858,2
EPL,2223,2022-08-22 Manchester United-Liverpool,1,2022,18231,2022-08-22 19:00:00,89,87,Manchester United,Liverpool,LIV,MUN,3,1.7319,2,2.01764,2.01764,0.4946300000000001,17.7,8,0,1.0188000000000001,1,1.52301,1.52301,-0.4946300000000001,6.578947368421052,16
EPL,2223,2022-08-27 Arsenal-Fulham,1,2022,18238,2022-08-27 16:30:00,83,228,Arsenal,Fulham,FLH,ARS,3,2.4378,2,2.47427,2.47427,1.5482630000000002,5.421052631578948,17,0,0.3972,1,0.926007,0.926007,-1.5482630000000002,14.863636363636363,1
EPL,2223,2022-08-27 Brentford-Everton,1,2022,18233,2022-08-27 14:00:00,244,72,Brentford,Everton,EVE,BRE,1,1.8569,1,2.28391,2.28391,0.6292600000000002,11.5,9,1,0.911,1,1.65465,1.65465,-0.6292600000000002,17.4,7
EPL,2223,2022-08-27 Brighton-Leeds,1,2022,18234,2022-08-27 14:00:00,220,245,Brighton,Leeds,LED,BRI,3,1.7092,1,1.60986,1.60986,0.46112,12.35,6,0,1.0015,0,1.14874,1.14874,-0.46112,5.5,5
EPL,2223,2022-08-27 Chelsea-Leicester,1,2022,18235,2022-08-27 14:00:00,80,75,Chelsea,Leicester,LEI,CHE,3,1.2501,2,1.74916,1.74916,-0.21106999999999987,11.24,3,0,1.4883,1,1.96023,1.96023,0.21106999999999987,21.5,10
EPL,2223,2022-08-27 Liverpool-Bournemouth,1,2022,18236,2022-08-27 14:00:00,87,73,Liverpool,Bournemouth,BOU,LIV,3,2.9969,9,4.86035,4.86035,4.679359000000001,8.88888888888889,18,0,0.0017000000000000001,0,0.180991,0.180991,-4.679359000000001,29.583333333333332,4
EPL,2223,2022-08-27 Manchester City-Crystal Palace,1,2022,18237,2022-08-27 14:00:00,88,78,Manchester City,Crystal Palace,CRY,MCI,3,2.8698,4,2.3853,2.3853,2.293324,6.904761904761905,18,0,0.0732,2,0.091976,0.091976,-2.293324,56.0,1
EPL,2223,2022-08-27 Southampton-Manchester United,1,2022,18232,2022-08-27 11:30:00,74,89,Southampton,Manchester United,MUN,SOU,0,1.3067,0,1.35887,1.35887,0.01527999999999996,12.5625,11,3,1.3577,1,1.34359,1.34359,-0.01527999999999996,8.333333333333334,11
EPL,2223,2022-08-28 Aston Villa-West Ham,1,2022,18239,2022-08-28 13:00:00,71,81,Aston Villa,West Ham,WHU,AVL,0,1.1528,0,0.304555,0.304555,-0.030034000000000005,13.5,4,3,1.2731000000000001,1,0.334589,0.334589,0.030034000000000005,17.55,3
EPL,2223,2022-08-28 Nottingham Forest-Tottenham,1,2022,18241,2022-08-28 15:30:00,249,82,Nottingham Forest,Tottenham,TOT,NOT,0,0.3642,0,0.801369,0.801369,-0.882191,9.724137931034482,11,3,2.4975,2,2.44473,1.68356,0.882191,15.11111111111111,6
EPL,2223,2022-08-28 Wolverhampton Wanderers-Newcastle United,1,2022,18240,2022-08-28 13:00:00,229,86,Wolverhampton Wanderers,Newcastle United,NEW,WOL,1,0.8057000000000001,1,1.13248,1.13248,-0.80114,18.923076923076923,3,1,1.9597999999999998,1,1.93362,1.93362,0.80114,9.461538461538462,13
EPL,2223,2022-08-30 Crystal Palace-Brentford,1,2022,18243,2022-08-30 18:30:00,78,244,Crystal Palace,Brentford,BRE,CRY,1,0.7246,1,0.777363,0.777363,-0.8407169999999999,13.0,1,1,2.0356,1,1.61808,1.61808,0.8407169999999999,14.473684210526315,8
EPL,2223,2022-08-30 Fulham-Brighton,1,2022,18242,2022-08-30 18:30:00,228,220,Fulham,Brighton,BRI,FLH,3,0.7675,2,1.07093,1.07093,0.07851399999999997,14.090909090909092,7,0,1.9695999999999998,1,1.75359,0.992416,-0.07851399999999997,6.6,4
EPL,2223,2022-08-30 Leeds-Everton,1,2022,18245,2022-08-30 19:00:00,245,72,Leeds,Everton,EVE,LED,1,1.2206,1,1.04551,1.04551,-0.12638000000000016,5.857142857142857,9,1,1.4663,1,1.17189,1.17189,0.12638000000000016,13.64,3
EPL,2223,2022-08-30 Southampton-Chelsea,1,2022,18244,2022-08-30 18:45:00,74,80,Southampton,Chelsea,CHE,SOU,3,1.2903,2,1.44086,1.44086,-0.0638399999999999,12.125,3,0,1.4181000000000001,1,1.5047,1.5047,0.0638399999999999,3.4074074074074074,7
EPL,2223,2022-08-31 Arsenal-Aston Villa,1,2022,18247,2022-08-31 18:30:00,83,71,Arsenal,Aston Villa,AVL,ARS,3,2.8527,2,2.79971,2.79971,2.502542,9.882352941176471,18,0,0.08940000000000001,1,0.297168,0.297168,-2.502542,14.631578947368421,3
EPL,2223,2022-08-31 Bournemouth-Wolverhampton Wanderers,1,2022,18248,2022-08-31 18:30:00,73,229,Bournemouth,Wolverhampton Wanderers,WOL,BOU,1,0.4185,0,0.362035,0.362035,-1.1704249999999998,17.61111111111111,7,1,2.3577000000000004,0,1.53246,1.53246,1.1704249999999998,6.833333333333333,14
EPL,2223,2022-08-31 Liverpool-Newcastle United,1,2022,18250,2022-08-31 19:00:00,87,86,Liverpool,Newcastle United,NEW,LIV,3,2.2571,2,1.76119,1.76119,1.117644,9.916666666666666,13,0,0.5213,1,0.643546,0.643546,-1.117644,21.235294117647058,2
EPL,2223,2022-08-31 Manchester City-Nottingham Forest,1,2022,18246,2022-08-31 18:30:00,88,249,Manchester City,Nottingham Forest,NOT,MCI,3,2.8749,6,3.83759,3.83759,3.107838,6.391304347826087,13,0,0.0807,0,0.729752,0.729752,-3.107838,46.4,1
EPL,2223,2022-08-31 West Ham-Tottenham,1,2022,18249,2022-08-31 18:45:00,81,82,West Ham,Tottenham,TOT,WHU,1,2.0176,1,1.52267,1.52267,0.799385,28.25,3,1,0.7243,1,0.723285,0.723285,-0.799385,18.9,6
EPL,2223,2022-09-01 Leicester-Manchester United,1,2022,18251,2022-09-01 19:00:00,75,89,Leicester,Manchester United,MUN,LEI,0,0.8414999999999999,0,0.615266,0.615266,-0.4844240000000001,12.0,2,3,1.8186,1,1.09969,1.09969,0.4844240000000001,22.941176470588236,11
EPL,2223,2022-09-03 Aston Villa-Manchester City,1,2022,18258,2022-09-03 16:30:00,71,88,Aston Villa,Manchester City,MCI,AVL,1,0.2217,1,0.279392,0.279392,-1.6420379999999999,43.90909090909091,2,1,2.6436,1,1.92143,1.92143,1.6420379999999999,13.545454545454545,12
EPL,2223,2022-09-03 Brentford-Leeds,1,2022,18257,2022-09-03 14:00:00,244,245,Brentford,Leeds,LED,BRE,3,2.0549,5,2.7485,1.98734,0.19134000000000007,6.7,5,0,0.7259,2,1.796,1.796,-0.19134000000000007,3.3548387096774195,9
EPL,2223,2022-09-03 Chelsea-West Ham,1,2022,18260,2022-09-03 14:00:00,80,81,Chelsea,West Ham,WHU,CHE,3,0.5895,2,0.707333,0.707333,-0.712267,9.647058823529411,4,0,2.1213,1,1.4196,1.4196,0.712267,23.357142857142858,1
EPL,2223,2022-09-03 Everton-Liverpool,1,2022,18252,2022-09-03 11:30:00,72,87,Everton,Liverpool,LIV,EVE,1,1.3898,0,1.39169,1.39169,0.005520000000000191,23.09090909090909,10,1,1.3394,0,1.38617,1.38617,-0.005520000000000191,6.083333333333333,12
EPL,2223,2022-09-03 Newcastle United-Crystal Palace,1,2022,18253,2022-09-03 14:00:00,86,78,Newcastle United,Crystal Palace,CRY,NEW,1,2.5724,0,2.90672,2.90672,1.986125,6.303030303030303,10,1,0.3035,0,0.920595,0.920595,-1.986125,11.866666666666667,4
EPL,2223,2022-09-03 Nottingham Forest-Bournemouth,1,2022,18254,2022-09-03 14:00:00,249,73,Nottingham Forest,Bournemouth,BOU,NOT,0,1.7698,2,1.32895,0.567779,-0.33726199999999995,13.647058823529411,6,3,0.9244000000000001,3,0.905041,0.905041,0.33726199999999995,15.6875,10
EPL,2223,2022-09-03 Tottenham-Fulham,1,2022,18255,2022-09-03 14:00:00,82,228,Tottenham,Fulham,FLH,TOT,3,2.8029,2,2.67823,2.67823,2.2966740000000003,12.052631578947368,16,0,0.1251,1,0.381556,0.381556,-2.2966740000000003,16.22222222222222,1
EPL,2223,2022-09-03 Wolverhampton Wanderers-Southampton,1,2022,18256,2022-09-03 14:00:00,229,74,Wolverhampton Wanderers,Southampton,SOU,WOL,3,1.2716,1,1.10039,1.10039,-0.10799000000000003,9.368421052631579,8,0,1.4135,0,1.20838,1.20838,0.10799000000000003,7.517241379310345,12
EPL,2223,2022-09-04 Brighton-Leicester,1,2022,18259,2022-09-04 13:00:00,220,75,Brighton,Leicester,LEI,BRI,3,2.4690000000000003,5,2.73166,1.97049,0.905,11.84,10,0,0.37770000000000004,2,1.06549,1.06549,-0.905,45.0,4
EPL,2223,2022-09-04 Manchester United-Arsenal,1,2022,18261,2022-09-04 15:30:00,89,83,Manchester United,Arsenal,ARS,MUN,3,1.8214,3,2.02904,2.02904,0.6066600000000002,16.066666666666666,5,0,0.9433,1,1.42238,1.42238,-0.6066600000000002,8.444444444444445,16
EPL,2223,2022-09-16 Aston Villa-Southampton,1,2022,18272,2022-09-16 19:00:00,71,74,Aston Villa,Southampton,SOU,AVL,3,2.4747,1,1.34365,1.34365,1.125348,5.948717948717949,6,0,0.31379999999999997,0,0.218302,0.218302,-1.125348,8.04,2
EPL,2223,2022-09-16 Nottingham Forest-Fulham,1,2022,18273,2022-09-16 19:00:00,249,228,Nottingham Forest,Fulham,FLH,NOT,0,1.4134000000000002,2,1.41541,1.41541,0.06581000000000015,16.105263157894736,2,3,1.3054000000000001,3,1.3496,1.3496,-0.06581000000000015,12.11111111111111,2
EPL,2223,2022-09-17 Newcastle United-Bournemouth,1,2022,18275,2022-09-17 14:00:00,86,73,Newcastle United,Bournemouth,BOU,NEW,1,1.8407999999999998,1,1.54758,0.786407,-0.19054100000000007,4.241379310344827,18,1,0.8562000000000001,1,0.976948,0.976948,0.19054100000000007,20.357142857142858,5
EPL,2223,2022-09-17 Tottenham-Leicester,1,2022,18278,2022-09-17 16:30:00,82,75,Tottenham,Leicester,LEI,TOT,3,1.6507,6,1.98619,1.98619,1.1528639999999999,21.214285714285715,6,0,1.0978,2,1.59449,0.833326,-1.1528639999999999,17.11111111111111,10
EPL,2223,2022-09-17 Wolverhampton Wanderers-Manchester City,1,2022,18274,2022-09-17 11:30:00,229,88,Wolverhampton Wanderers,Manchester City,MCI,WOL,0,0.4089,0,0.310995,0.310995,-1.1132049999999998,18.217391304347824,4,3,2.3667,3,1.4242,1.4242,1.1132049999999998,14.333333333333334,8
EPL,2223,2022-09-18 Brentford-Arsenal,1,2022,18280,2022-09-18 11:00:00,244,83,Brentford,Arsenal,ARS,BRE,0,0.7047,0,0.54011,0.54011,-0.7801000000000001,11.541666666666666,3,3,2.0088,3,1.32021,1.32021,0.7801000000000001,10.055555555555555,9
EPL,2223,2022-09-18 Everton-West Ham,1,2022,18277,2022-09-18 13:15:00,72,81,Everton,West Ham,WHU,EVE,3,1.0071,1,0.39773,0.39773,-0.25762100000000004,15.461538461538462,3,0,1.5435,0,0.655351,0.655351,0.25762100000000004,11.380952380952381,2
EPL,2223,2022-10-01 Arsenal-Tottenham,1,2022,18282,2022-10-01 11:30:00,83,82,Arsenal,Tottenham,TOT,ARS,3,2.1046,3,2.48403,2.48403,1.7425040000000003,10.38888888888889,12,0,0.6607,1,1.5027,0.741526,-1.7425040000000003,18.46153846153846,2
EPL,2223,2022-10-01 Bournemouth-Brentford,1,2022,18283,2022-10-01 14:00:00,73,244,Bournemouth,Brentford,BRE,BOU,1,1.0694,0,0.758128,0.758128,-0.287872,19.0625,6,1,1.6037,0,1.046,1.046,0.287872,7.64,9
EPL,2223,2022-10-01 Crystal Palace-Chelsea,1,2022,18284,2022-10-01 14:00:00,78,80,Crystal Palace,Chelsea,CHE,CRY,0,0.8415,1,0.70987,0.70987,-0.5451900000000001,17.0,2,3,1.8501,2,1.25506,1.25506,0.5451900000000001,7.8076923076923075,12
EPL,2223,2022-10-01 Fulham-Newcastle United,1,2022,18285,2022-10-01 14:00:00,228,86,Fulham,Newcastle United,NEW,FLH,0,0.0083,1,0.683701,0.683701,-3.9882789999999995,32.18181818181818,5,3,2.9858,4,4.67198,4.67198,3.9882789999999995,8.166666666666666,17
EPL,2223,2022-10-01 Liverpool-Brighton,1,2022,18288,2022-10-01 14:00:00,87,220,Liverpool,Brighton,BRI,LIV,1,1.2212,3,2.1515,2.1515,-0.2141700000000002,12.95,13,1,1.5401,3,2.36567,2.36567,0.2141700000000002,17.333333333333332,7
EPL,2223,2022-10-01 Southampton-Everton,1,2022,18290,2022-10-01 14:00:00,74,72,Southampton,Everton,EVE,SOU,0,1.3222999999999998,1,1.95961,1.95961,-0.04017999999999988,9.238095238095237,12,3,1.4327,2,1.99979,1.99979,0.04017999999999988,14.4375,4
EPL,2223,2022-10-01 West Ham-Wolverhampton Wanderers,1,2022,18291,2022-10-01 16:30:00,81,229,West Ham,Wolverhampton Wanderers,WOL,WHU,3,1.7294,2,1.03934,1.03934,0.4633519999999999,21.384615384615383,4,0,0.9389,0,0.575988,0.575988,-0.4633519999999999,20.2,10
EPL,2223,2022-10-02 Leeds-Aston Villa,1,2022,18286,2022-10-02 15:30:00,245,71,Leeds,Aston Villa,AVL,LED,1,0.2483,0,0.298626,0.298626,-1.597824,13.333333333333334,6,1,2.6060000000000003,0,1.89645,1.89645,1.597824,9.583333333333334,12
EPL,2223,2022-10-02 Manchester City-Manchester United,1,2022,18289,2022-10-02 13:00:00,88,89,Manchester City,Manchester United,MUN,MCI,3,2.2432,6,3.01103,3.01103,2.0588539999999997,15.157894736842104,17,0,0.5653,3,1.71335,0.952176,-2.0588539999999997,19.57894736842105,5
EPL,2223,2022-10-03 Leicester-Nottingham Forest,1,2022,18287,2022-10-03 19:00:00,75,249,Leicester,Nottingham Forest,NOT,LEI,3,1.3701999999999999,4,1.2497,1.2497,0.02801000000000009,10.03448275862069,7,0,1.345,0,1.22169,1.22169,-0.02801000000000009,21.53846153846154,4
EPL,2223,2022-10-08 Bournemouth-Leicester,1,2022,18293,2022-10-08 14:00:00,73,75,Bournemouth,Leicester,LEI,BOU,3,1.2888,2,1.14891,1.14891,-0.03233999999999981,37.55555555555556,7,0,1.38,1,1.18125,1.18125,0.03233999999999981,8.678571428571429,8
EPL,2223,2022-10-08 Brighton-Tottenham,1,2022,18294,2022-10-08 16:30:00,220,82,Brighton,Tottenham,TOT,BRI,0,1.4115000000000002,0,0.899735,0.899735,0.12809399999999993,14.333333333333334,15,3,1.2318,1,0.771641,0.771641,-0.12809399999999993,14.166666666666666,6
EPL,2223,2022-10-08 Chelsea-Wolverhampton Wanderers,1,2022,18295,2022-10-08 14:00:00,80,229,Chelsea,Wolverhampton Wanderers,WOL,CHE,3,2.4922999999999997,3,2.43092,2.43092,1.682471,11.291666666666666,11,0,0.36469999999999997,0,0.748449,0.748449,-1.682471,39.125,4
EPL,2223,2022-10-08 Manchester City-Southampton,1,2022,18298,2022-10-08 14:00:00,88,74,Manchester City,Southampton,SOU,MCI,3,2.8790999999999998,4,2.73536,2.73536,2.634212,15.133333333333333,12,0,0.0678,0,0.101148,0.101148,-2.634212,26.736842105263158,0
EPL,2223,2022-10-08 Newcastle United-Brentford,1,2022,18299,2022-10-08 14:00:00,86,244,Newcastle United,Brentford,BRE,NEW,3,2.3994,5,2.44631,2.44631,2.072817,7.7272727272727275,9,0,0.4125,1,1.13466,0.373493,-2.072817,9.15,4
EPL,2223,2022-10-09 Arsenal-Liverpool,1,2022,18292,2022-10-09 15:30:00,83,87,Arsenal,Liverpool,LIV,ARS,3,2.7746,3,2.81968,2.05851,1.2933590000000001,16.764705882352942,14,0,0.1379,2,0.765151,0.765151,-1.2933590000000001,10.875,4
EPL,2223,2022-10-09 Crystal Palace-Leeds,1,2022,18296,2022-10-09 13:00:00,78,245,Crystal Palace,Leeds,LED,CRY,3,1.8395999999999997,2,1.65194,1.65194,0.5863,7.105263157894737,5,0,0.8978999999999999,1,1.06564,1.06564,-0.5863,6.368421052631579,10
EPL,2223,2022-10-09 Everton-Manchester United,1,2022,18297,2022-10-09 18:00:00,72,89,Everton,Manchester United,MUN,EVE,0,0.3113,1,0.365844,0.365844,-1.460276,19.88235294117647,7,3,2.5229,2,1.82612,1.82612,1.460276,8.782608695652174,8
EPL,2223,2022-10-09 West Ham-Fulham,1,2022,18301,2022-10-09 13:00:00,81,228,West Ham,Fulham,FLH,WHU,3,2.9013,3,3.43676,2.67559,2.1257420000000002,30.77777777777778,7,0,0.0618,1,0.549848,0.549848,-2.1257420000000002,17.933333333333334,5
EPL,2223,2022-10-10 Nottingham Forest-Aston Villa,1,2022,18300,2022-10-10 19:00:00,249,71,Nottingham Forest,Aston Villa,AVL,NOT,1,0.7877000000000001,1,0.221346,0.221346,-0.435841,25.272727272727273,0,1,1.7468,1,0.657187,0.657187,0.435841,7.136363636363637,9
EPL,2223,2022-10-14 Brentford-Brighton,1,2022,18303,2022-10-14 19:00:00,244,220,Brentford,Brighton,BRI,BRE,3,1.194,2,1.90636,1.1452,-1.0114800000000002,13.0,8,0,1.536,0,2.15668,2.15668,1.0114800000000002,3.96,14
EPL,2223,2022-10-15 Fulham-Bournemouth,1,2022,18304,2022-10-15 14:00:00,228,73,Fulham,Bournemouth,BOU,FLH,1,1.3505,2,1.61738,0.856206,-0.772084,8.25,8,1,1.3628,2,1.62829,1.62829,0.772084,14.95,4
EPL,2223,2022-10-15 Leicester-Crystal Palace,1,2022,18306,2022-10-15 11:30:00,75,78,Leicester,Crystal Palace,CRY,LEI,1,1.9328999999999998,0,0.973426,0.973426,0.626618,7.7105263157894735,13,1,0.7158,0,0.346808,0.346808,-0.626618,24.357142857142858,1
EPL,2223,2022-10-15 Tottenham-Everton,1,2022,18310,2022-10-15 16:30:00,82,72,Tottenham,Everton,EVE,TOT,3,2.6594,2,2.49409,1.73292,1.172881,12.5,8,0,0.2183,0,0.560039,0.560039,-1.172881,25.071428571428573,0
EPL,2223,2022-10-15 Wolverhampton Wanderers-Nottingham Forest,1,2022,18311,2022-10-15 14:00:00,229,249,Wolverhampton Wanderers,Nottingham Forest,NOT,WOL,3,1.2896999999999998,1,1.22368,0.462512,-0.023931000000000036,10.5,5,0,1.3323,0,1.24761,0.486443,0.023931000000000036,9.6,3
EPL,2223,2022-10-16 Aston Villa-Chelsea,1,2022,18302,2022-10-16 13:00:00,71,80,Aston Villa,Chelsea,CHE,AVL,0,2.2306,0,2.44542,2.44542,1.20899,14.037037037037036,6,3,0.5770000000000001,2,1.23643,1.23643,-1.20899,13.533333333333333,5
EPL,2223,2022-10-16 Leeds-Arsenal,1,2022,18305,2022-10-16 13:00:00,245,83,Leeds,Arsenal,ARS,LED,0,2.2681999999999998,0,2.02232,1.26115,0.43939300000000003,12.142857142857142,8,3,0.5174000000000001,1,0.821757,0.821757,-0.43939300000000003,10.473684210526315,5
EPL,2223,2022-10-16 Liverpool-Manchester City,1,2022,18307,2022-10-16 15:30:00,87,88,Liverpool,Manchester City,MCI,LIV,3,2.1733000000000002,1,1.9992,1.9992,1.087707,28.5,6,0,0.6178,0,0.911493,0.911493,-1.087707,12.578947368421053,17
EPL,2223,2022-10-16 Manchester United-Newcastle United,1,2022,18308,2022-10-16 13:00:00,89,86,Manchester United,Newcastle United,NEW,MUN,1,1.9298,0,1.41606,1.41606,0.6279100000000001,9.0,8,1,0.7922,0,0.78815,0.78815,-0.6279100000000001,13.277777777777779,9
EPL,2223,2022-10-16 Southampton-West Ham,1,2022,18309,2022-10-16 13:00:00,74,81,Southampton,West Ham,WHU,SOU,1,0.5014,1,0.524479,0.524479,-1.182791,18.0,2,1,2.278,1,1.70727,1.70727,1.182791,11.23076923076923,8
EPL,2223,2022-10-18 Brighton-Nottingham Forest,1,2022,18315,2022-10-18 18:30:00,220,249,Brighton,Nottingham Forest,NOT,BRI,1,2.7455,0,2.10188,2.10188,1.906877,7.764705882352941,15,1,0.1505,0,0.195003,0.195003,-1.906877,20.0,1
EPL,2223,2022-10-18 Crystal Palace-Wolverhampton Wanderers,1,2022,18318,2022-10-18 19:15:00,78,229,Crystal Palace,Wolverhampton Wanderers,WOL,CRY,3,1.688,2,1.25617,1.25617,0.39833300000000005,7.7272727272727275,8,0,1.0139,1,0.857837,0.857837,-0.39833300000000005,8.366666666666667,8
EPL,2223,2022-10-19 Bournemouth-Southampton,1,2022,18313,2022-10-19 18:30:00,73,74,Bournemouth,Southampton,SOU,BOU,0,0.9384,0,0.810452,0.810452,-0.42832800000000004,11.761904761904763,8,3,1.7622,1,1.23878,1.23878,0.42832800000000004,13.65,6
EPL,2223,2022-10-19 Brentford-Chelsea,1,2022,18314,2022-10-19 18:30:00,244,80,Brentford,Chelsea,CHE,BRE,1,2.201,0,1.45228,1.45228,0.894875,16.705882352941178,7,1,0.5537,0,0.557405,0.557405,-0.894875,10.5,14
EPL,2223,2022-10-19 Liverpool-West Ham,1,2022,18320,2022-10-19 18:30:00,87,81,Liverpool,West Ham,WHU,LIV,3,1.1908,1,2.24066,2.24066,0.5153400000000001,12.76,8,0,1.5733,0,2.48649,1.72532,-0.5153400000000001,26.714285714285715,4
EPL,2223,2022-10-19 Manchester United-Tottenham,1,2022,18321,2022-10-19 19:15:00,89,82,Manchester United,Tottenham,TOT,MUN,3,2.1683999999999997,2,1.70973,1.70973,1.051204,18.41176470588235,10,0,0.5901000000000001,0,0.658526,0.658526,-1.051204,18.357142857142858,7
EPL,2223,2022-10-19 Newcastle United-Everton,1,2022,18319,2022-10-19 18:30:00,86,72,Newcastle United,Everton,EVE,NEW,3,2.318,1,1.13393,1.13393,1.0729733000000001,9.576923076923077,8,0,0.3695,0,0.0609567,0.0609567,-1.0729733000000001,10.9,5
EPL,2223,2022-10-20 Fulham-Aston Villa,1,2022,18316,2022-10-20 18:30:00,228,71,Fulham,Aston Villa,AVL,FLH,3,2.7297000000000002,3,2.892,2.13083,1.419343,11.266666666666667,8,0,0.1854,0,0.711487,0.711487,-1.419343,18.6,2
EPL,2223,2022-10-20 Leicester-Leeds,1,2022,18317,2022-10-20 19:15:00,75,245,Leicester,Leeds,LED,LEI,3,0.8526,2,0.655249,0.655249,-0.539391,10.678571428571429,4,0,1.8351000000000002,0,1.19464,1.19464,0.539391,8.7,5
EPL,2223,2022-10-22 Chelsea-Manchester United,1,2022,18323,2022-10-22 15:30:00,80,89,Chelsea,Manchester United,MUN,CHE,1,1.8624,1,1.20238,0.441206,-0.289729,16.0,3,1,0.8199,1,0.730935,0.730935,0.289729,16.307692307692307,8
EPL,2223,2022-10-22 Everton-Crystal Palace,1,2022,18324,2022-10-22 14:00:00,72,78,Everton,Crystal Palace,CRY,EVE,3,2.4649,3,1.93396,1.93396,1.336793,9.655172413793103,5,0,0.3649,0,0.597167,0.597167,-1.336793,8.583333333333334,4
EPL,2223,2022-10-22 Manchester City-Brighton,1,2022,18326,2022-10-22 14:00:00,88,220,Manchester City,Brighton,BRI,MCI,3,2.4588000000000005,3,1.86239,1.10122,0.57259,12.0,14,0,0.36119999999999997,1,0.52863,0.52863,-0.57259,13.588235294117647,5
EPL,2223,2022-10-22 Nottingham Forest-Liverpool,1,2022,18327,2022-10-22 11:30:00,249,87,Nottingham Forest,Liverpool,LIV,NOT,3,1.6084999999999998,1,2.50163,2.50163,0.3041100000000001,24.8,6,0,1.1612,0,2.19752,2.19752,-0.3041100000000001,5.45,13
EPL,2223,2022-10-23 Aston Villa-Brentford,1,2022,18322,2022-10-23 13:00:00,71,244,Aston Villa,Brentford,BRE,AVL,3,2.8011,4,3.45617,2.695,1.6903799999999998,7.172413793103448,9,0,0.1311,0,1.00462,1.00462,-1.6903799999999998,7.363636363636363,3
EPL,2223,2022-10-23 Leeds-Fulham,1,2022,18325,2022-10-23 13:00:00,245,228,Leeds,Fulham,FLH,LED,0,1.0389000000000002,2,1.96384,1.96384,-0.51128,6.033333333333333,8,3,1.7397,3,2.47512,2.47512,0.51128,14.68421052631579,3
EPL,2223,2022-10-23 Southampton-Arsenal,1,2022,18328,2022-10-23 13:00:00,74,83,Southampton,Arsenal,ARS,SOU,1,0.5932,1,0.622653,0.622653,-0.956317,21.066666666666666,7,1,2.1541,1,1.57897,1.57897,0.956317,9.565217391304348,8
EPL,2223,2022-10-23 Tottenham-Newcastle United,1,2022,18329,2022-10-23 15:30:00,82,86,Tottenham,Newcastle United,NEW,TOT,0,1.6868,1,1.56513,1.56513,0.43572999999999995,8.5,7,3,1.0397,2,1.1294,1.1294,-0.43572999999999995,15.055555555555555,11
EPL,2223,2022-10-23 Wolverhampton Wanderers-Leicester,1,2022,18331,2022-10-23 13:00:00,229,75,Wolverhampton Wanderers,Leicester,LEI,WOL,0,1.8126,0,1.61785,1.61785,0.628775,24.714285714285715,11,3,0.915,4,0.989075,0.989075,-0.628775,19.529411764705884,5
EPL,2223,2022-10-24 West Ham-Bournemouth,1,2022,18330,2022-10-24 19:00:00,81,73,West Ham,Bournemouth,BOU,WHU,3,2.3783,2,1.97715,1.21598,0.4855370000000001,11.318181818181818,7,0,0.4172,0,0.730443,0.730443,-0.4855370000000001,15.68421052631579,4
EPL,2223,2022-10-29 Bournemouth-Tottenham,1,2022,18333,2022-10-29 14:00:00,73,82,Bournemouth,Tottenham,TOT,BOU,0,0.5073,2,0.887533,0.887533,-1.307067,20.5625,3,3,2.2932,3,2.1946,2.1946,1.307067,18.4,10
EPL,2223,2022-10-29 Brentford-Wolverhampton Wanderers,1,2022,18334,2022-10-29 14:00:00,244,229,Brentford,Wolverhampton Wanderers,WOL,BRE,1,2.0292,1,1.29257,1.29257,0.734965,5.84,6,1,0.6939,1,0.557605,0.557605,-0.734965,12.722222222222221,2
EPL,2223,2022-10-29 Brighton-Chelsea,1,2022,18335,2022-10-29 14:00:00,220,80,Brighton,Chelsea,CHE,BRI,3,2.5709,4,2.881,2.881,1.8054599999999998,22.692307692307693,5,0,0.296,1,1.07554,1.07554,-1.8054599999999998,12.5,8
EPL,2223,2022-10-29 Crystal Palace-Southampton,1,2022,18336,2022-10-29 14:00:00,78,74,Crystal Palace,Southampton,SOU,CRY,3,1.0788,1,1.00384,1.00384,-0.35419,11.608695652173912,7,0,1.6206,0,1.35803,1.35803,0.35419,7.3,8
EPL,2223,2022-10-29 Fulham-Everton,1,2022,18337,2022-10-29 16:30:00,228,72,Fulham,Everton,EVE,FLH,1,1.7925,0,1.76438,1.76438,0.5727200000000001,11.15,11,1,0.9375,0,1.19166,1.19166,-0.5727200000000001,22.636363636363637,2
EPL,2223,2022-10-29 Leicester-Manchester City,1,2022,18338,2022-10-29 11:30:00,75,88,Leicester,Manchester City,MCI,LEI,0,1.3143,0,0.693597,0.693597,-0.010229999999999961,31.875,2,3,1.3047,1,0.703827,0.703827,0.010229999999999961,14.941176470588236,14
EPL,2223,2022-10-29 Liverpool-Leeds,1,2022,18339,2022-10-29 18:45:00,87,245,Liverpool,Leeds,LED,LIV,0,1.5762,1,1.90889,1.90889,0.2961799999999999,10.916666666666666,14,3,1.1673,2,1.61271,1.61271,-0.2961799999999999,29.285714285714285,6
EPL,2223,2022-10-29 Newcastle United-Aston Villa,1,2022,18341,2022-10-29 14:00:00,86,71,Newcastle United,Aston Villa,AVL,NEW,3,2.9801,4,4.18808,3.42692,3.156106,10.722222222222221,15,0,0.011300000000000001,0,0.270814,0.270814,-3.156106,17.5,2
EPL,2223,2022-10-30 Arsenal-Nottingham Forest,1,2022,18332,2022-10-30 14:00:00,83,249,Arsenal,Nottingham Forest,NOT,ARS,3,2.9077,5,3.00699,3.00699,2.800863,7.7894736842105265,21,0,0.054400000000000004,0,0.206127,0.206127,-2.800863,26.25,2
EPL,2223,2022-10-30 Manchester United-West Ham,1,2022,18340,2022-10-30 16:15:00,89,81,Manchester United,West Ham,WHU,MUN,3,1.9599000000000002,1,1.7514,1.7514,0.7510700000000001,13.5,6,0,0.7785,0,1.00033,1.00033,-0.7510700000000001,16.466666666666665,5
EPL,2223,2022-11-05 Everton-Leicester,1,2022,18344,2022-11-05 17:30:00,72,75,Everton,Leicester,LEI,EVE,0,0.8298,0,1.3729,1.3729,-0.895,22.533333333333335,12,3,1.9554,2,2.2679,2.2679,0.895,15.733333333333333,11
EPL,2223,2022-11-05 Leeds-Bournemouth,1,2022,18345,2022-11-05 15:00:00,245,73,Leeds,Bournemouth,BOU,LED,3,1.8841,4,2.22532,1.46415,-0.09179000000000004,4.757575757575758,8,0,0.8761000000000001,3,1.55594,1.55594,0.09179000000000004,15.384615384615385,5
EPL,2223,2022-11-05 Manchester City-Fulham,1,2022,18346,2022-11-05 15:00:00,88,228,Manchester City,Fulham,FLH,MCI,3,2.5408000000000004,2,2.39332,1.63215,1.5494352,12.0625,11,0,0.2887,1,0.843884,0.0827148,-1.5494352,35.46153846153846,1
EPL,2223,2022-11-05 Nottingham Forest-Brentford,1,2022,18347,2022-11-05 15:00:00,249,244,Nottingham Forest,Brentford,BRE,NOT,1,1.3615,2,1.29696,1.29696,0.837726,16.235294117647058,10,1,1.3210000000000002,2,1.2204,0.459234,-0.837726,13.357142857142858,6
EPL,2223,2022-11-05 Wolverhampton Wanderers-Brighton,1,2022,18351,2022-11-05 15:00:00,229,220,Wolverhampton Wanderers,Brighton,BRI,WOL,0,0.9174,2,1.29252,0.53135,-1.3424,21.944444444444443,2,3,1.8116999999999999,3,1.87375,1.87375,1.3424,8.928571428571429,18
EPL,2223,2022-11-06 Aston Villa-Manchester United,1,2022,18342,2022-11-06 14:00:00,71,89,Aston Villa,Manchester United,MUN,AVL,3,1.3351,3,0.578563,0.578563,0.06137400000000004,18.0,5,0,1.2238,1,0.517189,0.517189,-0.06137400000000004,10.956521739130435,10
EPL,2223,2022-11-06 Chelsea-Arsenal,1,2022,18343,2022-11-06 12:00:00,80,83,Chelsea,Arsenal,ARS,CHE,0,0.11019999999999999,0,0.278815,0.278815,-2.099645,8.551724137931034,5,3,2.8162,1,2.37846,2.37846,2.099645,5.967741935483871,3
EPL,2223,2022-11-06 Southampton-Newcastle United,1,2022,18348,2022-11-06 14:00:00,74,86,Southampton,Newcastle United,NEW,SOU,0,1.5574999999999999,1,1.65228,1.65228,0.23126999999999986,9.045454545454545,6,3,1.1618,4,1.42101,1.42101,-0.23126999999999986,14.266666666666667,4
EPL,2223,2022-11-06 Tottenham-Liverpool,1,2022,18349,2022-11-06 16:30:00,82,87,Tottenham,Liverpool,LIV,TOT,0,1.6047,1,1.81736,1.81736,0.3518800000000002,15.458333333333334,4,3,1.1415,2,1.46548,1.46548,-0.3518800000000002,17.058823529411764,7
EPL,2223,2022-11-06 West Ham-Crystal Palace,1,2022,18350,2022-11-06 14:00:00,81,78,West Ham,Crystal Palace,CRY,WHU,0,0.5124,1,0.192579,0.192579,-0.8408609999999999,18.055555555555557,1,3,2.1555,2,1.03344,1.03344,0.8408609999999999,31.333333333333332,9
EPL,2223,2022-11-12 Bournemouth-Everton,1,2022,18352,2022-11-12 15:00:00,73,72,Bournemouth,Everton,EVE,BOU,3,2.5623,3,2.45642,2.45642,1.687664,22.428571428571427,8,0,0.3039,0,0.768756,0.768756,-1.687664,5.5,7
EPL,2223,2022-11-12 Liverpool-Southampton,1,2022,18355,2022-11-12 15:00:00,87,74,Liverpool,Southampton,SOU,LIV,3,2.2507,3,2.74418,2.74418,1.3099100000000001,20.0,10,0,0.5758,1,1.43427,1.43427,-1.3099100000000001,21.8,9
EPL,2223,2022-11-12 Manchester City-Brentford,1,2022,18356,2022-11-12 12:30:00,88,244,Manchester City,Brentford,BRE,MCI,0,0.4285,1,1.605,1.605,-1.68512,4.2,26,3,2.4331,2,3.29012,3.29012,1.68512,16.46153846153846,6
EPL,2223,2022-11-12 Newcastle United-Chelsea,1,2022,18357,2022-11-12 17:30:00,86,80,Newcastle United,Chelsea,CHE,NEW,3,2.2991,1,1.3601,1.3601,1.000995,8.485714285714286,7,0,0.461,0,0.359105,0.359105,-1.000995,10.681818181818182,2
EPL,2223,2022-11-12 Nottingham Forest-Crystal Palace,1,2022,18358,2022-11-12 15:00:00,249,78,Nottingham Forest,Crystal Palace,CRY,NOT,3,1.4003,1,1.23752,1.23752,0.853164,25.6,4,0,1.2479,0,1.14552,0.384356,-0.853164,8.2,3
EPL,2223,2022-11-12 Tottenham-Leeds,1,2022,18359,2022-11-12 15:00:00,82,245,Tottenham,Leeds,LED,TOT,3,1.9404,4,2.58046,2.58046,0.8631500000000001,16.727272727272727,7,0,0.8555999999999999,3,1.71731,1.71731,-0.8631500000000001,21.533333333333335,6
EPL,2223,2022-11-12 West Ham-Leicester,1,2022,18360,2022-11-12 15:00:00,81,75,West Ham,Leicester,LEI,WHU,0,0.5972,0,0.720721,0.720721,-0.1237720000000001,12.238095238095237,6,3,2.1716,2,1.60566,0.844493,0.1237720000000001,11.652173913043478,5
EPL,2223,2022-11-12 Wolverhampton Wanderers-Arsenal,1,2022,18361,2022-11-12 19:45:00,229,83,Wolverhampton Wanderers,Arsenal,ARS,WOL,0,0.2254,0,0.512339,0.512339,-1.767621,18.11764705882353,4,3,2.6550999999999996,2,2.27996,2.27996,1.767621,13.142857142857142,4
EPL,2223,2022-11-13 Brighton-Aston Villa,1,2022,18353,2022-11-13 14:00:00,220,71,Brighton,Aston Villa,AVL,BRI,0,0.9650000000000001,1,0.829107,0.829107,0.43590900000000005,4.96875,7,3,1.6934,2,1.15437,0.393198,-0.43590900000000005,16.38888888888889,6
EPL,2223,2022-11-13 Fulham-Manchester United,1,2022,18354,2022-11-13 16:30:00,228,89,Fulham,Manchester United,MUN,FLH,0,0.4,1,1.70218,1.70218,-1.67446,11.857142857142858,6,3,2.4579999999999997,2,3.37664,3.37664,1.67446,20.416666666666668,6
EPL,2223,2022-12-26 Arsenal-West Ham,1,2022,18362,2022-12-26 20:00:00,83,81,Arsenal,West Ham,WHU,ARS,3,2.0354,3,1.88828,1.88828,1.622933,7.576923076923077,14,0,0.7037,1,1.02652,0.265347,-1.622933,19.526315789473685,1
EPL,2223,2022-12-26 Aston Villa-Liverpool,1,2022,18363,2022-12-26 17:30:00,71,87,Aston Villa,Liverpool,LIV,AVL,0,0.4063,1,1.69155,1.69155,-1.81539,30.0,5,3,2.4625000000000004,3,3.50694,3.50694,1.81539,12.318181818181818,8
EPL,2223,2022-12-26 Brentford-Tottenham,1,2022,18364,2022-12-26 12:30:00,244,82,Brentford,Tottenham,TOT,BRE,1,2.4435,2,2.25263,2.25263,1.368843,11.583333333333334,7,1,0.39239999999999997,2,0.883787,0.883787,-1.368843,8.8125,5
EPL,2223,2022-12-26 Crystal Palace-Fulham,1,2022,18366,2022-12-26 15:00:00,78,228,Crystal Palace,Fulham,FLH,CRY,0,0.1444,0,0.421754,0.421754,-2.277516,18.11111111111111,2,3,2.7766,3,2.69927,2.69927,2.277516,8.678571428571429,13
EPL,2223,2022-12-26 Everton-Wolverhampton Wanderers,1,2022,18367,2022-12-26 15:00:00,72,229,Everton,Wolverhampton Wanderers,WOL,EVE,0,1.3318,1,1.22653,1.22653,0.005769999999999831,8.590909090909092,4,3,1.3537,2,1.22076,1.22076,-0.005769999999999831,9.4,6
EPL,2223,2022-12-26 Leicester-Newcastle United,1,2022,18369,2022-12-26 15:00:00,75,86,Leicester,Newcastle United,NEW,LEI,0,0.2514,0,0.31099,0.31099,-0.69166,6.966666666666667,4,3,2.5989000000000004,3,1.76382,1.00265,0.69166,23.2,5
EPL,2223,2022-12-26 Southampton-Brighton,1,2022,18371,2022-12-26 15:00:00,74,220,Southampton,Brighton,BRI,SOU,0,1.9778000000000002,1,1.70709,0.857921,-0.14921899999999988,20.227272727272727,5,3,0.7412000000000001,3,1.00714,1.00714,0.14921899999999988,11.0625,10
EPL,2223,2022-12-27 Chelsea-Bournemouth,1,2022,18365,2022-12-27 17:30:00,80,73,Chelsea,Bournemouth,BOU,CHE,3,2.4991,2,1.91378,1.91378,1.47071,10.470588235294118,7,0,0.33640000000000003,0,0.44307,0.44307,-1.47071,15.291666666666666,4
EPL,2223,2022-12-27 Manchester United-Nottingham Forest,1,2022,18370,2022-12-27 20:00:00,89,249,Manchester United,Nottingham Forest,NOT,MUN,3,2.5566,3,2.13668,2.13668,1.659604,5.695652173913044,22,0,0.2949,0,0.477076,0.477076,-1.659604,41.625,2
EPL,2223,2022-12-28 Leeds-Manchester City,1,2022,18368,2022-12-28 20:00:00,245,88,Leeds,Manchester City,MCI,LED,0,0.062,1,0.603751,0.603751,-3.558739,27.0,7,3,2.9045,3,4.16249,4.16249,3.558739,7.9,13
EPL,2223,2022-12-30 Liverpool-Leicester,1,2022,18375,2022-12-30 20:00:00,87,75,Liverpool,Leicester,LEI,LIV,3,2.1905,2,2.02463,2.02463,1.161318,14.65,6,0,0.5978,1,0.863312,0.863312,-1.161318,22.0625,3
EPL,2223,2022-12-30 West Ham-Brentford,1,2022,18380,2022-12-30 19:45:00,81,244,West Ham,Brentford,BRE,WHU,0,1.0096,0,1.13979,1.13979,-0.37456999999999985,10.0,5,3,1.723,2,1.51436,1.51436,0.37456999999999985,30.444444444444443,7
EPL,2223,2022-12-31 Bournemouth-Crystal Palace,1,2022,18372,2022-12-31 15:00:00,73,78,Bournemouth,Crystal Palace,CRY,BOU,0,0.639,0,0.895819,0.895819,-0.8568209999999999,7.05,8,3,2.0931,2,1.75264,1.75264,0.8568209999999999,9.73076923076923,8
EPL,2223,2022-12-31 Brighton-Arsenal,1,2022,18373,2022-12-31 17:30:00,220,83,Brighton,Arsenal,ARS,BRI,0,0.2419,2,1.15663,1.15663,-2.0644299999999998,8.125,9,3,2.6530000000000005,4,3.22106,3.22106,2.0644299999999998,15.5,8
EPL,2223,2022-12-31 Fulham-Southampton,1,2022,18374,2022-12-31 15:00:00,228,74,Fulham,Southampton,SOU,FLH,3,2.1262,2,1.49305,0.731881,0.03317000000000003,7.523809523809524,6,0,0.6106,1,0.698711,0.698711,-0.03317000000000003,13.590909090909092,2
EPL,2223,2022-12-31 Manchester City-Everton,1,2022,18376,2022-12-31 15:00:00,88,72,Manchester City,Everton,EVE,MCI,1,2.8606000000000003,1,2.36333,2.36333,2.2873281,5.0,13,1,0.076,1,0.0760019,0.0760019,-2.2873281,33.9,2
EPL,2223,2022-12-31 Newcastle United-Leeds,1,2022,18377,2022-12-31 15:00:00,86,245,Newcastle United,Leeds,LED,NEW,1,2.7312999999999996,0,2.78846,2.78846,2.271361,6.391304347826087,9,1,0.1804,0,0.517099,0.517099,-2.271361,9.08695652173913,4
EPL,2223,2022-12-31 Wolverhampton Wanderers-Manchester United,1,2022,18381,2022-12-31 12:30:00,229,89,Wolverhampton Wanderers,Manchester United,MUN,WOL,0,0.2722,0,0.587672,0.587672,-1.8596080000000001,11.181818181818182,2,3,2.602,1,2.44728,2.44728,1.8596080000000001,8.73076923076923,13
EPL,2223,2023-01-01 Nottingham Forest-Chelsea,1,2022,18378,2023-01-01 16:30:00,249,80,Nottingham Forest,Chelsea,CHE,NOT,1,0.9858,1,0.985219,0.985219,-0.38783100000000015,19.291666666666668,10,1,1.7223000000000002,1,1.37305,1.37305,0.38783100000000015,6.136363636363637,6
EPL,2223,2023-01-01 Tottenham-Aston Villa,1,2022,18379,2023-01-01 14:00:00,82,71,Tottenham,Aston Villa,AVL,TOT,0,0.7211000000000001,0,0.569383,0.569383,-0.647947,10.272727272727273,6,3,1.9871,2,1.21733,1.21733,0.647947,17.27777777777778,7
EPL,2223,2023-01-02 Brentford-Liverpool,1,2022,18384,2023-01-02 17:30:00,244,87,Brentford,Liverpool,LIV,BRE,3,1.3942,3,2.0991,2.0991,-0.005510000000000126,16.11764705882353,0,0,1.3323999999999998,1,2.10461,2.10461,0.005510000000000126,4.777777777777778,19
EPL,2223,2023-01-03 Arsenal-Newcastle United,1,2022,18382,2023-01-03 19:45:00,83,86,Arsenal,Newcastle United,NEW,ARS,1,1.3059,0,0.970637,0.970637,0.011113999999999957,7.466666666666667,9,1,1.356,0,0.959523,0.959523,-0.011113999999999957,11.909090909090908,4
EPL,2223,2023-01-03 Everton-Brighton,1,2022,18387,2023-01-03 19:45:00,72,220,Everton,Brighton,BRI,EVE,0,0.4971,1,1.16896,0.407788,-2.099522,22.333333333333332,4,3,2.3118,4,2.50731,2.50731,2.099522,21.2,4
EPL,2223,2023-01-03 Leicester-Fulham,1,2022,18389,2023-01-03 19:45:00,75,228,Leicester,Fulham,FLH,LEI,0,1.4493,0,1.45221,1.45221,0.11728000000000005,6.25,6,3,1.2708,1,1.33493,1.33493,-0.11728000000000005,15.227272727272727,4
EPL,2223,2023-01-03 Manchester United-Bournemouth,1,2022,18390,2023-01-03 20:00:00,89,73,Manchester United,Bournemouth,BOU,MUN,3,2.7469,3,2.97383,2.97383,2.2948079999999997,10.761904761904763,13,0,0.1705,0,0.679022,0.679022,-2.2948079999999997,24.071428571428573,2
EPL,2223,2023-01-04 Aston Villa-Wolverhampton Wanderers,1,2022,18383,2023-01-04 20:00:00,71,229,Aston Villa,Wolverhampton Wanderers,WOL,AVL,1,1.5178999999999998,1,1.03226,1.03226,0.19973799999999997,18.692307692307693,4,1,1.1548999999999998,1,0.832522,0.832522,-0.19973799999999997,13.7,2
EPL,2223,2023-01-04 Crystal Palace-Tottenham,1,2022,18386,2023-01-04 20:00:00,78,82,Crystal Palace,Tottenham,TOT,CRY,0,0.6605000000000001,0,0.787525,0.787525,-0.877615,14.75,8,3,2.1029,4,1.66514,1.66514,0.877615,14.235294117647058,9
EPL,2223,2023-01-04 Leeds-West Ham,1,2022,18388,2023-01-04 19:45:00,245,81,Leeds,West Ham,WHU,LED,1,1.2828,2,1.2577,1.2577,0.7264160000000001,4.260869565217392,7,1,1.4064,2,1.29245,0.531284,-0.7264160000000001,9.592592592592593,3
EPL,2223,2023-01-04 Southampton-Nottingham Forest,1,2022,18391,2023-01-04 19:30:00,74,249,Southampton,Nottingham Forest,NOT,SOU,0,0.7590999999999999,0,0.62937,0.62937,-0.5938700000000001,5.565217391304348,4,3,1.9408000000000003,1,1.22324,1.22324,0.5938700000000001,11.85,4
EPL,2223,2023-01-05 Chelsea-Manchester City,1,2022,18385,2023-01-05 20:00:00,80,88,Chelsea,Manchester City,MCI,CHE,0,0.3875,0,0.493576,0.493576,-1.226144,13.583333333333334,5,3,2.42,1,1.71972,1.71972,1.226144,12.76923076923077,10
EPL,2223,2023-01-12 Fulham-Chelsea,1,2022,18262,2023-01-12 19:00:00,228,80,Fulham,Chelsea,CHE,FLH,3,0.2999,2,0.711266,0.711266,-1.687844,14.590909090909092,2,0,2.5559,1,2.39911,2.39911,1.687844,8.73076923076923,7
EPL,2223,2023-01-13 Aston Villa-Leeds,1,2022,18392,2023-01-13 20:00:00,71,245,Aston Villa,Leeds,LED,AVL,3,0.8034999999999999,2,1.64599,1.64599,-0.8169600000000001,7.45,5,0,1.9723,1,2.46295,2.46295,0.8169600000000001,6.219512195121951,1
EPL,2223,2023-01-14 Brentford-Bournemouth,1,2022,18393,2023-01-14 17:30:00,244,73,Brentford,Bournemouth,BOU,BRE,3,2.4158999999999997,2,1.29815,0.536983,0.2677,13.0,3,0,0.3588,0,0.269283,0.269283,-0.2677,10.142857142857142,2
EPL,2223,2023-01-14 Brighton-Liverpool,1,2022,18394,2023-01-14 15:00:00,220,87,Brighton,Liverpool,LIV,BRI,3,2.1797,3,2.40062,2.40062,1.11209,13.0,13,0,0.6101000000000001,0,1.28853,1.28853,-1.11209,15.481481481481481,5
EPL,2223,2023-01-14 Everton-Southampton,1,2022,18396,2023-01-14 15:00:00,72,74,Everton,Southampton,SOU,EVE,0,1.4442,1,1.18191,1.18191,0.09779000000000004,13.071428571428571,4,3,1.2537,2,1.08412,1.08412,-0.09779000000000004,6.84,8
EPL,2223,2023-01-14 Manchester United-Manchester City,1,2022,18397,2023-01-14 12:30:00,89,88,Manchester United,Manchester City,MCI,MUN,3,2.3972999999999995,2,1.98228,1.98228,1.24533,28.8125,9,0,0.3993,1,0.73695,0.73695,-1.24533,16.545454545454547,10
EPL,2223,2023-01-14 Nottingham Forest-Leicester,1,2022,18399,2023-01-14 15:00:00,249,75,Nottingham Forest,Leicester,LEI,NOT,3,2.102,2,1.75313,1.75313,0.949709,17.05263157894737,6,0,0.6593,0,0.803421,0.803421,-0.949709,11.625,3
EPL,2223,2023-01-14 Wolverhampton Wanderers-West Ham,1,2022,18401,2023-01-14 15:00:00,229,81,Wolverhampton Wanderers,West Ham,WHU,WOL,3,1.4042,1,0.806232,0.806232,0.07112699999999994,15.307692307692308,5,0,1.2308000000000001,0,0.735105,0.735105,-0.07112699999999994,14.80952380952381,7
EPL,2223,2023-01-15 Chelsea-Crystal Palace,1,2022,18395,2023-01-15 14:00:00,80,78,Chelsea,Crystal Palace,CRY,CHE,3,2.3394,1,2.12987,2.12987,1.2925039999999999,5.739130434782608,9,0,0.4668,0,0.837366,0.837366,-1.2925039999999999,11.5,3
EPL,2223,2023-01-15 Newcastle United-Fulham,1,2022,18398,2023-01-15 14:00:00,86,228,Newcastle United,Fulham,FLH,NEW,3,2.1173,1,1.96256,1.96256,1.733857,6.166666666666667,13,0,0.6275,0,0.989872,0.228703,-1.733857,14.733333333333333,3
EPL,2223,2023-01-15 Tottenham-Arsenal,1,2022,18400,2023-01-15 16:30:00,82,83,Tottenham,Arsenal,ARS,TOT,0,1.1280999999999999,0,1.71032,1.71032,-0.3320000000000001,16.923076923076923,8,3,1.6227999999999998,2,2.04232,2.04232,0.3320000000000001,11.5,8
EPL,2223,2023-01-18 Crystal Palace-Manchester United,1,2022,18270,2023-01-18 15:30:00,78,89,Crystal Palace,Manchester United,MUN,CRY,1,0.5356,1,0.413339,0.413339,-0.9810310000000001,13.068965517241379,3,1,2.2132,1,1.39437,1.39437,0.9810310000000001,7.958333333333333,12
EPL,2223,2023-01-19 Manchester City-Tottenham,1,2022,18267,2023-01-19 19:00:00,88,82,Manchester City,Tottenham,TOT,MCI,3,2.2180999999999997,4,2.34166,2.34166,1.17667,12.619047619047619,11,0,0.5789,2,1.16499,1.16499,-1.17667,19.58823529411765,8
EPL,2223,2023-01-21 Bournemouth-Nottingham Forest,1,2022,18403,2023-01-21 15:00:00,73,249,Bournemouth,Nottingham Forest,NOT,BOU,1,1.5412,1,1.80549,1.80549,0.2300500000000001,19.5,10,1,1.1899,1,1.57544,1.57544,-0.2300500000000001,10.0,5
EPL,2223,2023-01-21 Crystal Palace-Newcastle United,1,2022,18404,2023-01-21 17:30:00,78,86,Crystal Palace,Newcastle United,NEW,CRY,1,0.4495,0,0.333154,0.333154,-1.110686,7.870967741935484,3,1,2.3175999999999997,0,1.44384,1.44384,1.110686,6.842105263157895,13
EPL,2223,2023-01-21 Leicester-Brighton,1,2022,18407,2023-01-21 15:00:00,75,220,Leicester,Brighton,BRI,LEI,1,0.9098999999999999,2,1.35941,1.35941,-0.5854999999999999,32.81818181818182,2,1,1.83,2,1.94491,1.94491,0.5854999999999999,9.80952380952381,12
EPL,2223,2023-01-21 Liverpool-Chelsea,1,2022,18408,2023-01-21 12:30:00,87,80,Liverpool,Chelsea,CHE,LIV,1,0.9705999999999999,0,1.30125,1.30125,-0.54342,10.5625,7,1,1.7712999999999999,0,1.84467,1.84467,0.54342,9.814814814814815,7
EPL,2223,2023-01-21 Southampton-Aston Villa,1,2022,18410,2023-01-21 15:00:00,74,71,Southampton,Aston Villa,AVL,SOU,0,0.9340999999999999,0,0.672444,0.672444,-0.491876,12.035714285714286,4,3,1.7348,1,1.16432,1.16432,0.491876,7.571428571428571,8
EPL,2223,2023-01-21 West Ham-Everton,1,2022,18411,2023-01-21 15:00:00,81,72,West Ham,Everton,EVE,WHU,3,2.8585,2,2.46879,2.46879,2.181964,21.2,3,0,0.0847,0,0.286826,0.286826,-2.181964,10.526315789473685,4
EPL,2223,2023-01-22 Arsenal-Manchester United,1,2022,18402,2023-01-22 16:30:00,83,89,Arsenal,Manchester United,MUN,ARS,3,2.863,3,2.90273,2.90273,2.630484,11.833333333333334,15,0,0.0829,2,0.272246,0.272246,-2.630484,13.777777777777779,1
EPL,2223,2023-01-22 Leeds-Brentford,1,2022,18406,2023-01-22 14:00:00,245,244,Leeds,Brentford,BRE,LED,1,1.4442,0,0.374736,0.374736,0.20359600000000003,7.260869565217392,7,1,0.9567,0,0.17114,0.17114,-0.20359600000000003,7.037037037037037,5
EPL,2223,2023-01-22 Manchester City-Wolverhampton Wanderers,1,2022,18409,2023-01-22 14:00:00,88,229,Manchester City,Wolverhampton Wanderers,WOL,MCI,3,2.8917,3,3.32757,2.5664,2.097123,20.066666666666666,9,0,0.0675,0,0.469277,0.469277,-2.097123,19.0,4
EPL,2223,2023-01-23 Fulham-Tottenham,1,2022,18405,2023-01-23 20:00:00,228,82,Fulham,Tottenham,TOT,FLH,0,1.4263,0,1.09339,1.09339,0.09958500000000003,9.275862068965518,7,3,1.2361,1,0.993805,0.993805,-0.09958500000000003,12.952380952380953,7
EPL,2223,2023-02-03 Chelsea-Fulham,1,2022,18415,2023-02-03 20:00:00,80,228,Chelsea,Fulham,FLH,CHE,1,2.1542,0,1.41471,1.41471,0.9213689999999999,4.2727272727272725,5,1,0.5918,0,0.493341,0.493341,-0.9213689999999999,19.727272727272727,5
EPL,2223,2023-02-04 Aston Villa-Leicester,1,2022,18412,2023-02-04 15:00:00,71,75,Aston Villa,Leicester,LEI,AVL,0,0.6897,2,1.4989,1.4989,-0.9989400000000002,7.72,15,3,2.0979,4,2.49784,2.49784,0.9989400000000002,13.333333333333334,5
EPL,2223,2023-02-04 Brentford-Southampton,1,2022,18413,2023-02-04 15:00:00,244,74,Brentford,Southampton,SOU,BRE,3,2.5815,3,2.36747,2.36747,1.723085,12.058823529411764,12,0,0.2808,0,0.644385,0.644385,-1.723085,8.578947368421053,5
EPL,2223,2023-02-04 Brighton-Bournemouth,1,2022,18414,2023-02-04 15:00:00,220,73,Brighton,Bournemouth,BOU,BRI,3,2.5242999999999998,1,2.55696,2.55696,1.648662,6.947368421052632,15,0,0.3349,0,0.908298,0.908298,-1.648662,23.266666666666666,2
EPL,2223,2023-02-04 Everton-Arsenal,1,2022,18416,2023-02-04 12:30:00,72,83,Everton,Arsenal,ARS,EVE,3,2.4711,1,2.09191,2.09191,1.401808,18.0,4,0,0.3624,0,0.690102,0.690102,-1.401808,5.777777777777778,11
EPL,2223,2023-02-04 Manchester United-Crystal Palace,1,2022,18417,2023-02-04 15:00:00,89,78,Manchester United,Crystal Palace,CRY,MUN,3,1.9072,2,2.07035,1.30918,-0.0706199999999999,13.823529411764707,11,0,0.8257,1,1.3798,1.3798,0.0706199999999999,16.466666666666665,4
EPL,2223,2023-02-04 Newcastle United-West Ham,1,2022,18418,2023-02-04 17:30:00,86,81,Newcastle United,West Ham,WHU,NEW,1,1.3,1,1.22883,1.22883,-0.04947999999999997,8.05,6,1,1.3900000000000001,1,1.27831,1.27831,0.04947999999999997,10.576923076923077,4
EPL,2223,2023-02-04 Wolverhampton Wanderers-Liverpool,1,2022,18421,2023-02-04 15:00:00,229,87,Wolverhampton Wanderers,Liverpool,LIV,WOL,3,2.291,3,2.63328,2.63328,1.33135,27.818181818181817,5,0,0.5375,0,1.30193,1.30193,-1.33135,11.7,14
EPL,2223,2023-02-05 Nottingham Forest-Leeds,1,2022,18419,2023-02-05 14:00:00,249,245,Nottingham Forest,Leeds,LED,NOT,3,0.5509999999999999,1,0.3325,0.3325,-0.79081,14.428571428571429,1,0,2.1578,0,1.12331,1.12331,0.79081,3.3333333333333335,7
EPL,2223,2023-02-05 Tottenham-Manchester City,1,2022,18420,2023-02-05 16:30:00,82,88,Tottenham,Manchester City,MCI,TOT,3,1.9440000000000002,1,1.42168,1.42168,0.6479330000000001,20.214285714285715,3,0,0.7836,0,0.773747,0.773747,-0.6479330000000001,5.8,5
EPL,2223,2023-02-08 Manchester United-Leeds,1,2022,18279,2023-02-08 19:00:00,89,245,Manchester United,Leeds,LED,MUN,1,2.4416,2,2.00007,2.00007,1.4452720000000001,5.65,11,1,0.3845,2,0.554798,0.554798,-1.4452720000000001,12.222222222222221,4
EPL,2223,2023-02-11 Arsenal-Brentford,1,2022,18422,2023-02-11 15:00:00,83,244,Arsenal,Brentford,BRE,ARS,1,0.7451000000000001,1,1.36738,1.36738,-0.808,6.466666666666667,21,1,2.0312,1,2.17538,2.17538,0.808,12.0,15
EPL,2223,2023-02-11 Bournemouth-Newcastle United,1,2022,18423,2023-02-11 17:30:00,73,86,Bournemouth,Newcastle United,NEW,BOU,1,1.3287,1,1.54458,1.54458,-0.003949999999999898,15.5,4,1,1.332,1,1.54853,1.54853,0.003949999999999898,4.592592592592593,6
EPL,2223,2023-02-11 Crystal Palace-Brighton,1,2022,18424,2023-02-11 15:00:00,78,220,Crystal Palace,Brighton,BRI,CRY,1,0.3426,1,0.928279,0.928279,-1.7215310000000001,21.61904761904762,2,1,2.5086,1,2.64981,2.64981,1.7215310000000001,3.6333333333333333,8
EPL,2223,2023-02-11 Fulham-Nottingham Forest,1,2022,18425,2023-02-11 15:00:00,228,249,Fulham,Nottingham Forest,NOT,FLH,3,2.1977,2,1.69704,1.69704,1.0102160000000002,11.217391304347826,6,0,0.5786,0,0.686824,0.686824,-1.0102160000000002,11.45,6
EPL,2223,2023-02-11 Leicester-Tottenham,1,2022,18427,2023-02-11 15:00:00,75,82,Leicester,Tottenham,TOT,LEI,3,1.5917,4,1.41208,1.41208,0.2949900000000001,7.073170731707317,6,0,1.1009000000000002,1,1.11709,1.11709,-0.2949900000000001,16.1875,4
EPL,2223,2023-02-11 Southampton-Wolverhampton Wanderers,1,2022,18430,2023-02-11 15:00:00,74,229,Southampton,Wolverhampton Wanderers,WOL,SOU,0,1.9829999999999999,1,1.30203,1.30203,0.6863790000000001,8.470588235294118,7,3,0.7284,2,0.615651,0.615651,-0.6863790000000001,5.947368421052632,2
EPL,2223,2023-02-11 West Ham-Chelsea,1,2022,18431,2023-02-11 12:30:00,81,80,West Ham,Chelsea,CHE,WHU,1,1.5019,1,1.07615,1.07615,0.17568499999999998,21.333333333333332,6,1,1.1671,1,0.900465,0.900465,-0.17568499999999998,5.65,10
EPL,2223,2023-02-12 Leeds-Manchester United,1,2022,18426,2023-02-12 14:00:00,245,89,Leeds,Manchester United,MUN,LED,0,1.8255,0,1.89163,1.89163,0.58788,11.266666666666667,5,3,0.9276,2,1.30375,1.30375,-0.58788,5.75,5
EPL,2223,2023-02-12 Manchester City-Aston Villa,1,2022,18429,2023-02-12 16:30:00,88,71,Manchester City,Aston Villa,AVL,MCI,3,2.9523,3,3.60987,2.8487,2.573352,8.090909090909092,7,0,0.028499999999999998,1,0.275348,0.275348,-2.573352,23.6,4
EPL,2223,2023-02-13 Liverpool-Everton,1,2022,18428,2023-02-13 20:00:00,87,72,Liverpool,Everton,EVE,LIV,3,2.6658999999999997,2,2.23291,2.23291,1.830579,10.916666666666666,7,0,0.2119,0,0.402331,0.402331,-1.830579,14.407407407407407,3
EPL,2223,2023-02-15 Arsenal-Manchester City,1,2022,18312,2023-02-15 18:30:00,83,88,Arsenal,Manchester City,MCI,ARS,0,1.1446999999999998,1,1.70139,0.940216,-1.068194,8.777777777777779,9,3,1.5791000000000002,3,2.00841,2.00841,1.068194,12.384615384615385,7
EPL,2223,2023-02-18 Aston Villa-Arsenal,1,2022,18432,2023-02-18 12:30:00,71,83,Aston Villa,Arsenal,ARS,AVL,0,0.1094,2,0.335752,0.335752,-2.524058,14.68421052631579,2,3,2.8289,4,2.85981,2.85981,2.524058,9.157894736842104,14
EPL,2223,2023-02-18 Brentford-Crystal Palace,1,2022,18433,2023-02-18 15:00:00,244,78,Brentford,Crystal Palace,CRY,BRE,1,0.8538999999999999,1,0.610105,0.610105,-0.511915,7.32,12,1,1.8361,1,1.12202,1.12202,0.511915,19.733333333333334,3
EPL,2223,2023-02-18 Brighton-Fulham,1,2022,18434,2023-02-18 15:00:00,220,228,Brighton,Fulham,FLH,BRI,0,2.8478000000000003,0,2.71375,2.71375,2.489536,6.2,10,3,0.0896,1,0.224214,0.224214,-2.489536,22.058823529411764,0
EPL,2223,2023-02-18 Chelsea-Southampton,1,2022,18435,2023-02-18 15:00:00,80,74,Chelsea,Southampton,SOU,CHE,0,2.2223,0,1.61723,1.61723,0.997698,5.862068965517241,11,3,0.5426,1,0.619532,0.619532,-0.997698,7.119047619047619,3
EPL,2223,2023-02-18 Everton-Leeds,1,2022,18436,2023-02-18 15:00:00,72,245,Everton,Leeds,LED,EVE,3,2.1601,1,1.53811,1.53811,0.9407070000000001,10.157894736842104,7,0,0.5959,0,0.597403,0.597403,-0.9407070000000001,12.117647058823529,6
EPL,2223,2023-02-18 Newcastle United-Liverpool,1,2022,18438,2023-02-18 17:30:00,86,87,Newcastle United,Liverpool,LIV,NEW,0,1.0993,0,1.74852,1.74852,-0.41697000000000006,41.2,5,3,1.6645,2,2.16549,2.16549,0.41697000000000006,7.076923076923077,7
EPL,2223,2023-02-18 Nottingham Forest-Manchester City,1,2022,18439,2023-02-18 15:00:00,249,88,Nottingham Forest,Manchester City,MCI,NOT,1,0.22080000000000002,1,1.12735,1.12735,-1.68231,39.625,1,1,2.6523,1,2.80966,2.80966,1.68231,7.470588235294118,16
EPL,2223,2023-02-18 Wolverhampton Wanderers-Bournemouth,1,2022,18441,2023-02-18 15:00:00,229,73,Wolverhampton Wanderers,Bournemouth,BOU,WOL,0,0.9955,0,0.911415,0.911415,-0.24132500000000012,6.6,11,3,1.6663000000000001,1,1.15274,1.15274,0.24132500000000012,21.235294117647058,4
EPL,2223,2023-02-19 Manchester United-Leicester,1,2022,18437,2023-02-19 14:00:00,89,75,Manchester United,Leicester,LEI,MUN,3,2.7448,3,4.24663,4.24663,2.84985,10.545454545454545,12,0,0.1849,0,1.39678,1.39678,-2.84985,11.586206896551724,7
EPL,2223,2023-02-19 Tottenham-West Ham,1,2022,18440,2023-02-19 16:30:00,82,81,Tottenham,West Ham,WHU,TOT,3,2.2909,2,1.43042,1.43042,1.065247,6.592592592592593,8,0,0.4648,0,0.365173,0.365173,-1.065247,10.821428571428571,3
EPL,2223,2023-02-24 Fulham-Wolverhampton Wanderers,1,2022,18445,2023-02-24 20:00:00,228,229,Fulham,Wolverhampton Wanderers,WOL,FLH,1,1.2562,1,0.913133,0.913133,-0.08396400000000004,9.481481481481481,6,1,1.4116000000000002,1,0.997097,0.997097,0.08396400000000004,8.655172413793103,6
EPL,2223,2023-02-25 Bournemouth-Manchester City,1,2022,18442,2023-02-25 17:30:00,73,88,Bournemouth,Manchester City,MCI,BOU,0,0.2773,1,1.08527,1.08527,-1.8967900000000002,32.357142857142854,4,3,2.6005,4,2.98206,2.98206,1.8967900000000002,7.571428571428571,15
EPL,2223,2023-02-25 Crystal Palace-Liverpool,1,2022,18443,2023-02-25 19:45:00,78,87,Crystal Palace,Liverpool,LIV,CRY,1,1.0333,0,0.989086,0.989086,-0.3621439999999999,18.681818181818183,1,1,1.6729,0,1.35123,1.35123,0.3621439999999999,8.31578947368421,5
EPL,2223,2023-02-25 Everton-Aston Villa,1,2022,18444,2023-02-25 15:00:00,72,71,Everton,Aston Villa,AVL,EVE,0,0.9604,0,1.54109,1.54109,0.24189000000000016,7.105263157894737,9,3,1.7866,2,2.06037,1.2992,-0.24189000000000016,11.0,5
EPL,2223,2023-02-25 Leeds-Southampton,1,2022,18446,2023-02-25 15:00:00,245,74,Leeds,Southampton,SOU,LED,3,1.6297,1,0.720048,0.720048,0.32892000000000005,5.444444444444445,10,0,0.9448,0,0.391128,0.391128,-0.32892000000000005,10.961538461538462,2
EPL,2223,2023-02-25 Leicester-Arsenal,1,2022,18447,2023-02-25 15:00:00,75,83,Leicester,Arsenal,ARS,LEI,0,0.4856,0,0.0203463,0.0203463,-0.7017127,15.722222222222221,2,3,2.0591,1,0.722059,0.722059,0.7017127,7.947368421052632,10
EPL,2223,2023-02-25 West Ham-Nottingham Forest,1,2022,18451,2023-02-25 15:00:00,81,249,West Ham,Nottingham Forest,NOT,WHU,3,2.9177,4,3.05032,3.05032,2.699471,10.409090909090908,13,0,0.049699999999999994,0,0.350849,0.350849,-2.699471,14.692307692307692,3
EPL,2223,2023-02-26 Tottenham-Chelsea,1,2022,18450,2023-02-26 13:30:00,82,80,Tottenham,Chelsea,CHE,TOT,3,2.1268,2,0.926313,0.926313,0.6640320000000001,11.48,5,0,0.5469999999999999,0,0.262281,0.262281,-0.6640320000000001,8.033333333333333,5
EPL,2223,2023-03-01 Arsenal-Everton,1,2022,18269,2023-03-01 20:00:00,83,72,Arsenal,Everton,EVE,ARS,3,2.3790999999999998,4,3.06919,3.06919,1.4651899999999998,7.647058823529412,13,0,0.4507,0,1.604,1.604,-1.4651899999999998,22.0,5
EPL,2223,2023-03-01 Liverpool-Wolverhampton Wanderers,1,2022,18264,2023-03-01 20:00:00,87,229,Liverpool,Wolverhampton Wanderers,WOL,LIV,3,2.6342999999999996,2,2.70191,2.70191,1.9150999999999998,7.628571428571429,11,0,0.24180000000000001,0,0.78681,0.78681,-1.9150999999999998,8.461538461538462,4
EPL,2223,2023-03-04 Arsenal-Bournemouth,1,2022,18452,2023-03-04 15:00:00,83,73,Arsenal,Bournemouth,BOU,ARS,3,1.8469000000000002,3,2.46279,2.46279,0.7201200000000001,4.0,31,0,0.9178,2,1.74267,1.74267,-0.7201200000000001,14.2,3
EPL,2223,2023-03-04 Aston Villa-Crystal Palace,1,2022,18453,2023-03-04 15:00:00,71,78,Aston Villa,Crystal Palace,CRY,AVL,3,2.0777,1,0.890605,0.890605,0.7378439999999999,8.576923076923077,8,0,0.5474,0,0.152761,0.152761,-0.7378439999999999,9.405405405405405,0
EPL,2223,2023-03-04 Brighton-West Ham,1,2022,18455,2023-03-04 15:00:00,220,81,Brighton,West Ham,WHU,BRI,3,2.9741,4,3.49993,2.73876,2.488715,10.473684210526315,9,0,0.014599999999999998,0,0.250045,0.250045,-2.488715,19.363636363636363,3
EPL,2223,2023-03-04 Chelsea-Leeds,1,2022,18456,2023-03-04 15:00:00,80,245,Chelsea,Leeds,LED,CHE,3,2.3222,1,1.8678,1.8678,1.2338049999999998,8.44,8,0,0.48140000000000005,0,0.633995,0.633995,-1.2338049999999998,17.894736842105264,4
EPL,2223,2023-03-04 Manchester City-Newcastle United,1,2022,18458,2023-03-04 12:30:00,88,86,Manchester City,Newcastle United,NEW,MCI,3,2.1974,2,1.34144,1.34144,0.9816309999999999,10.545454545454545,12,0,0.5315000000000001,0,0.359809,0.359809,-0.9816309999999999,14.545454545454545,7
EPL,2223,2023-03-04 Southampton-Leicester,1,2022,18460,2023-03-04 17:30:00,74,75,Southampton,Leicester,LEI,SOU,3,1.0948,1,1.34332,0.582156,-1.0883539999999998,13.115384615384615,1,0,1.6174,0,1.67051,1.67051,1.0883539999999998,5.964285714285714,12
EPL,2223,2023-03-04 Wolverhampton Wanderers-Tottenham,1,2022,18461,2023-03-04 15:00:00,229,82,Wolverhampton Wanderers,Tottenham,TOT,WOL,3,0.7682,1,0.562477,0.562477,-0.6934030000000001,19.357142857142858,3,0,1.9382000000000001,0,1.25588,1.25588,0.6934030000000001,10.521739130434783,7
EPL,2223,2023-03-05 Liverpool-Manchester United,1,2022,18457,2023-03-05 16:30:00,87,89,Liverpool,Manchester United,MUN,LIV,3,2.776,7,3.44269,3.44269,2.605148,5.956521739130435,14,0,0.15610000000000002,0,0.837542,0.837542,-2.605148,13.210526315789474,3
EPL,2223,2023-03-05 Nottingham Forest-Everton,1,2022,18459,2023-03-05 14:00:00,249,72,Nottingham Forest,Everton,EVE,NOT,1,0.593,2,0.799733,0.799733,-0.14786999999999995,6.904761904761905,5,1,2.1548,2,1.70877,0.947603,0.14786999999999995,7.909090909090909,12
EPL,2223,2023-03-06 Brentford-Fulham,1,2022,18454,2023-03-06 20:00:00,244,228,Brentford,Fulham,FLH,BRE,3,1.9436,3,2.44358,1.68241,0.007099999999999884,6.2105263157894735,7,0,0.8180000000000001,2,1.67531,1.67531,-0.007099999999999884,4.521739130434782,3
EPL,2223,2023-03-11 Bournemouth-Liverpool,1,2022,18462,2023-03-11 12:30:00,73,87,Bournemouth,Liverpool,LIV,BOU,3,0.5911,1,1.10128,1.10128,-0.27221000000000006,27.53846153846154,1,0,2.1862,0,2.13465,1.37349,0.27221000000000006,5.0,12
EPL,2223,2023-03-11 Crystal Palace-Manchester City,1,2022,18463,2023-03-11 17:30:00,78,88,Crystal Palace,Manchester City,MCI,CRY,0,0.1106,0,0.185498,0.185498,-1.241732,17.41176470588235,0,3,2.8136,1,2.1884,1.42723,1.241732,5.433333333333334,8
EPL,2223,2023-03-11 Everton-Brentford,1,2022,18464,2023-03-11 15:00:00,72,244,Everton,Brentford,BRE,EVE,3,1.1757,1,1.71599,1.71599,-0.23489000000000004,11.5,0,0,1.5633,0,1.95088,1.95088,0.23489000000000004,6.055555555555555,7
EPL,2223,2023-03-11 Leeds-Brighton,1,2022,18466,2023-03-11 15:00:00,245,220,Leeds,Brighton,BRI,LED,1,0.619,2,0.596738,0.596738,-0.9171419999999999,11.689655172413794,9,1,2.1487000000000003,2,1.51388,1.51388,0.9171419999999999,7.88,10
EPL,2223,2023-03-11 Leicester-Chelsea,1,2022,18467,2023-03-11 15:00:00,75,80,Leicester,Chelsea,CHE,LEI,0,2.0370999999999997,1,2.36139,2.36139,0.8666100000000001,10.67741935483871,6,3,0.7435,3,1.49478,1.49478,-0.8666100000000001,13.181818181818182,6
EPL,2223,2023-03-11 Tottenham-Nottingham Forest,1,2022,18470,2023-03-11 15:00:00,82,249,Tottenham,Nottingham Forest,NOT,TOT,3,1.3958,3,1.73482,0.973653,0.10676799999999997,8.75,10,0,1.2992,1,1.62805,0.866885,-0.10676799999999997,16.263157894736842,6
EPL,2223,2023-03-12 Fulham-Arsenal,1,2022,18465,2023-03-12 14:00:00,228,83,Fulham,Arsenal,ARS,FLH,0,0.20170000000000002,0,0.61832,0.61832,-2.0252299999999996,17.05,5,3,2.695,3,2.64355,2.64355,2.0252299999999996,11.043478260869565,20
EPL,2223,2023-03-12 Manchester United-Southampton,1,2022,18468,2023-03-12 14:00:00,89,74,Manchester United,Southampton,SOU,MUN,1,1.1277,0,0.910911,0.910911,-0.26961900000000005,9.153846153846153,8,1,1.5585,0,1.18053,1.18053,0.26961900000000005,8.92,4
EPL,2223,2023-03-12 Newcastle United-Wolverhampton Wanderers,1,2022,18469,2023-03-12 16:30:00,86,229,Newcastle United,Wolverhampton Wanderers,WOL,NEW,3,2.5222,2,2.45527,2.45527,1.7453750000000001,10.652173913043478,12,0,0.3304,1,0.709895,0.709895,-1.7453750000000001,13.090909090909092,3
EPL,2223,2023-03-12 West Ham-Aston Villa,1,2022,18471,2023-03-12 14:00:00,81,71,West Ham,Aston Villa,AVL,WHU,1,1.4631999999999998,1,2.14634,1.38517,-0.60622,12.37037037037037,3,1,1.2802,1,1.99139,1.99139,0.60622,23.0,10
EPL,2223,2023-03-15 Brighton-Crystal Palace,1,2022,18276,2023-03-15 19:30:00,220,78,Brighton,Crystal Palace,CRY,BRI,3,0.7793999999999999,1,0.588727,0.588727,-0.625793,8.481481481481481,5,0,1.9244999999999999,0,1.21452,1.21452,0.625793,10.5,7
EPL,2223,2023-03-15 Southampton-Brentford,1,2022,18265,2023-03-15 19:30:00,74,244,Southampton,Brentford,BRE,SOU,0,0.2338,0,0.358977,0.358977,-1.306933,5.4,6,3,2.6128,2,1.66591,1.66591,1.306933,11.807692307692308,4
EPL,2223,2023-03-17 Nottingham Forest-Newcastle United,1,2022,18479,2023-03-17 20:00:00,249,86,Nottingham Forest,Newcastle United,NEW,NOT,0,0.1872,1,0.531985,0.531985,-1.207115,10.818181818181818,3,3,2.7075,2,2.50027,1.7391,1.207115,4.925925925925926,15
EPL,2223,2023-03-18 Aston Villa-Bournemouth,1,2022,18473,2023-03-18 15:00:00,71,73,Aston Villa,Bournemouth,BOU,AVL,3,2.8841,3,3.45474,3.45474,2.9546,8.24,16,0,0.0734,0,0.50014,0.50014,-2.9546,7.771428571428571,5
EPL,2223,2023-03-18 Brentford-Leicester,1,2022,18474,2023-03-18 15:00:00,244,75,Brentford,Leicester,LEI,BRE,1,0.5523,1,0.476467,0.476467,-0.944863,9.133333333333333,7,1,2.1993,1,1.42133,1.42133,0.944863,9.88,5
EPL,2223,2023-03-18 Chelsea-Everton,1,2022,18476,2023-03-18 17:30:00,80,72,Chelsea,Everton,EVE,CHE,1,1.5468,2,1.90027,1.1391,-0.5076499999999999,7.133333333333334,9,1,1.1829,2,1.64675,1.64675,0.5076499999999999,12.958333333333334,1
EPL,2223,2023-03-18 Southampton-Tottenham,1,2022,18480,2023-03-18 15:00:00,74,82,Southampton,Tottenham,TOT,SOU,1,1.8373,3,2.52077,1.7596,-0.12512999999999996,10.444444444444445,12,1,0.9445000000000001,3,1.88473,1.88473,0.12512999999999996,7.576923076923077,6
EPL,2223,2023-03-18 Wolverhampton Wanderers-Leeds,1,2022,18481,2023-03-18 15:00:00,229,245,Wolverhampton Wanderers,Leeds,LED,WOL,0,2.092,2,2.76358,2.76358,1.10868,4.466666666666667,11,3,0.7138,4,1.6549,1.6549,-1.10868,18.5,3
EPL,2223,2023-03-19 Arsenal-Crystal Palace,1,2022,18472,2023-03-19 14:00:00,83,78,Arsenal,Crystal Palace,CRY,ARS,3,1.6022,4,1.53568,1.53568,0.34373999999999993,12.6875,13,0,1.1096,1,1.19194,1.19194,-0.34373999999999993,17.22222222222222,5
EPL,2223,2023-04-01 Arsenal-Leeds,1,2022,18482,2023-04-01 14:00:00,83,245,Arsenal,Leeds,LED,ARS,3,2.8822,4,3.29548,2.53431,2.036701,8.444444444444445,6,0,0.07239999999999999,1,0.497609,0.497609,-2.036701,16.8,6
EPL,2223,2023-04-01 Bournemouth-Fulham,1,2022,18483,2023-04-01 14:00:00,73,228,Bournemouth,Fulham,FLH,BOU,3,2.8838999999999997,2,3.14054,3.14054,2.539491,12.041666666666666,10,0,0.0732,1,0.601049,0.601049,-2.539491,7.038461538461538,6
EPL,2223,2023-04-01 Brighton-Brentford,1,2022,18484,2023-04-01 14:00:00,220,244,Brighton,Brentford,BRE,BRI,1,2.7147,3,3.8195,3.05833,1.7795300000000003,6.3125,11,1,0.19589999999999996,3,1.2788,1.2788,-1.7795300000000003,11.956521739130435,4
EPL,2223,2023-04-01 Chelsea-Aston Villa,1,2022,18485,2023-04-01 16:30:00,80,71,Chelsea,Aston Villa,AVL,CHE,0,2.449,0,2.38024,2.38024,1.614446,4.542857142857143,19,3,0.3856,2,0.765794,0.765794,-1.614446,12.291666666666666,2
EPL,2223,2023-04-01 Crystal Palace-Leicester,1,2022,18486,2023-04-01 14:00:00,78,75,Crystal Palace,Leicester,LEI,CRY,3,2.6233,2,1.93471,1.93471,1.735751,12.952380952380953,14,0,0.22569999999999998,1,0.198959,0.198959,-1.735751,8.407407407407407,2
EPL,2223,2023-04-01 Manchester City-Liverpool,1,2022,18488,2023-04-01 11:30:00,88,87,Manchester City,Liverpool,LIV,MCI,3,2.8769,4,3.01243,3.01243,2.694259,11.0,18,0,0.0746,1,0.318171,0.318171,-2.694259,25.444444444444443,3
EPL,2223,2023-04-01 Nottingham Forest-Wolverhampton Wanderers,1,2022,18490,2023-04-01 14:00:00,249,229,Nottingham Forest,Wolverhampton Wanderers,WOL,NOT,1,1.9963,1,1.11441,1.11441,0.7306709999999998,16.307692307692307,5,1,0.6775,1,0.383739,0.383739,-0.7306709999999998,5.5,5
EPL,2223,2023-04-02 Newcastle United-Manchester United,1,2022,18489,2023-04-02 15:30:00,86,89,Newcastle United,Manchester United,MUN,NEW,3,2.9128000000000003,2,3.33162,3.33162,2.997493,7.323529411764706,11,0,0.0499,0,0.334127,0.334127,-2.997493,6.230769230769231,5
EPL,2223,2023-04-02 West Ham-Southampton,1,2022,18491,2023-04-02 13:00:00,81,74,West Ham,Southampton,SOU,WHU,3,2.3066999999999998,1,1.40363,1.40363,1.085369,8.972972972972974,3,0,0.4503,0,0.318261,0.318261,-1.085369,7.758620689655173,3
EPL,2223,2023-04-03 Everton-Tottenham,1,2022,18487,2023-04-03 19:00:00,72,82,Everton,Tottenham,TOT,EVE,1,0.8078000000000001,1,0.823365,0.823365,0.192766,12.655172413793103,7,1,1.9082000000000001,1,1.39177,0.630599,-0.192766,8.61111111111111,9
EPL,2223,2023-04-04 Bournemouth-Brighton,1,2022,18266,2023-04-04 18:45:00,73,220,Bournemouth,Brighton,BRI,BOU,0,0.4467,0,1.15322,1.15322,-1.4807,11.5,7,3,2.3928,2,2.63392,2.63392,1.4807,11.0,13
EPL,2223,2023-04-04 Chelsea-Liverpool,1,2022,18281,2023-04-04 19:00:00,80,87,Chelsea,Liverpool,LIV,CHE,1,2.7888,0,2.18903,2.18903,1.9868129999999997,15.75,12,1,0.12179999999999999,0,0.202217,0.202217,-1.9868129999999997,10.419354838709678,8
EPL,2223,2023-04-04 Leeds-Nottingham Forest,1,2022,18271,2023-04-04 18:45:00,245,249,Leeds,Nottingham Forest,NOT,LED,3,2.5911,2,2.43248,2.43248,1.818563,5.392857142857143,12,0,0.2799,1,0.613917,0.613917,-1.818563,10.434782608695652,4
EPL,2223,2023-04-04 Leicester-Aston Villa,1,2022,18263,2023-04-04 18:45:00,75,71,Leicester,Aston Villa,AVL,LEI,0,1.0131000000000001,1,0.671597,0.671597,-0.329993,10.222222222222221,2,3,1.6521,2,1.00159,1.00159,0.329993,10.4,11
EPL,2223,2023-04-05 Manchester United-Brentford,1,2022,18448,2023-04-05 19:00:00,89,244,Manchester United,Brentford,BRE,MUN,3,1.7546,1,1.1445,1.1445,0.4995100000000001,9.473684210526315,12,0,0.9061999999999999,0,0.64499,0.64499,-0.4995100000000001,17.705882352941178,2
EPL,2223,2023-04-05 West Ham-Newcastle United,1,2022,18268,2023-04-05 19:00:00,81,86,West Ham,Newcastle United,NEW,WHU,0,0.2293,1,0.83342,0.83342,-2.0074899999999998,11.583333333333334,3,3,2.6578,5,2.84091,2.84091,2.0074899999999998,6.36,11
EPL,2223,2023-04-08 Aston Villa-Nottingham Forest,1,2022,18492,2023-04-08 14:00:00,71,249,Aston Villa,Nottingham Forest,NOT,AVL,3,2.4333,2,1.42718,1.42718,1.194728,6.052631578947368,8,0,0.3483,0,0.232452,0.232452,-1.194728,12.391304347826088,1
EPL,2223,2023-04-08 Brentford-Newcastle United,1,2022,18493,2023-04-08 14:00:00,244,86,Brentford,Newcastle United,NEW,BRE,0,2.2487999999999997,1,2.06521,0.542871,-0.4804989999999999,12.5625,5,3,0.5442,2,1.02337,1.02337,0.4804989999999999,5.481481481481482,9
EPL,2223,2023-04-08 Fulham-West Ham,1,2022,18494,2023-04-08 14:00:00,228,81,Fulham,West Ham,WHU,FLH,0,0.6348,0,0.456524,0.456524,-0.776086,4.277777777777778,9,3,2.0868,1,1.23261,1.23261,0.776086,16.57894736842105,4
EPL,2223,2023-04-08 Leicester-Bournemouth,1,2022,18496,2023-04-08 14:00:00,75,73,Leicester,Bournemouth,BOU,LEI,0,0.5454,0,0.731965,0.731965,-1.191995,12.176470588235293,5,3,2.2461,1,1.92396,1.92396,1.191995,10.681818181818182,7
EPL,2223,2023-04-08 Manchester United-Everton,1,2022,18498,2023-04-08 11:30:00,89,72,Manchester United,Everton,EVE,MUN,3,2.8542,2,4.38578,4.38578,3.4365969999999995,10.642857142857142,18,0,0.1005,0,0.949183,0.949183,-3.4365969999999995,12.214285714285714,4
EPL,2223,2023-04-08 Southampton-Manchester City,1,2022,18499,2023-04-08 16:30:00,74,88,Southampton,Manchester City,MCI,SOU,0,0.0771,1,0.492801,0.492801,-1.806029,54.888888888888886,1,3,2.8709999999999996,4,3.05999,2.29883,1.806029,8.88888888888889,11
EPL,2223,2023-04-08 Tottenham-Brighton,1,2022,18500,2023-04-08 14:00:00,82,220,Tottenham,Brighton,BRI,TOT,3,0.6321,2,0.594139,0.594139,-0.881351,13.571428571428571,7,0,2.1066,1,1.47549,1.47549,0.881351,6.392857142857143,10
EPL,2223,2023-04-08 Wolverhampton Wanderers-Chelsea,1,2022,18501,2023-04-08 14:00:00,229,80,Wolverhampton Wanderers,Chelsea,CHE,WOL,3,1.1256,1,0.601153,0.601153,-0.21415499999999998,10.035714285714286,3,0,1.4924999999999997,0,0.815308,0.815308,0.21415499999999998,10.176470588235293,14
EPL,2223,2023-04-09 Leeds-Crystal Palace,1,2022,18495,2023-04-09 13:00:00,245,78,Leeds,Crystal Palace,CRY,LED,0,0.20879999999999999,1,1.02075,1.02075,-2.20612,5.186046511627907,7,3,2.6913,5,3.22687,3.22687,2.20612,11.0,6
EPL,2223,2023-04-09 Liverpool-Arsenal,1,2022,18497,2023-04-09 15:30:00,87,83,Liverpool,Arsenal,ARS,LIV,1,2.8477,2,4.64012,3.87895,2.3426400000000003,7.423076923076923,19,1,0.10389999999999999,2,1.53631,1.53631,-2.3426400000000003,13.238095238095237,1
EPL,2223,2023-04-15 Aston Villa-Newcastle United,1,2022,18502,2023-04-15 11:30:00,71,86,Aston Villa,Newcastle United,NEW,AVL,3,2.5232,3,1.91802,1.91802,1.492934,6.962962962962963,12,0,0.317,0,0.425086,0.425086,-1.492934,5.7631578947368425,6
EPL,2223,2023-04-15 Chelsea-Brighton,1,2022,18503,2023-04-15 14:00:00,80,220,Chelsea,Brighton,BRI,CHE,0,0.2155,1,0.46331,0.46331,-2.05776,15.55,6,3,2.6734,2,2.52107,2.52107,2.05776,10.375,11
EPL,2223,2023-04-15 Everton-Fulham,1,2022,18504,2023-04-15 14:00:00,72,228,Everton,Fulham,FLH,EVE,0,1.6252,1,2.24262,2.24262,0.32053,13.5625,5,3,1.141,3,1.92209,1.92209,-0.32053,13.466666666666667,8
EPL,2223,2023-04-15 Manchester City-Leicester,1,2022,18506,2023-04-15 16:30:00,88,75,Manchester City,Leicester,LEI,MCI,3,1.0881,3,1.60702,0.845854,-1.0810659999999999,9.6,2,0,1.6119,1,1.92692,1.92692,1.0810659999999999,21.789473684210527,7
EPL,2223,2023-04-15 Southampton-Crystal Palace,1,2022,18508,2023-04-15 14:00:00,74,78,Southampton,Crystal Palace,CRY,SOU,0,1.0869,0,0.678449,0.678449,-0.18461100000000008,8.478260869565217,9,3,1.5492,2,0.86306,0.86306,0.18461100000000008,9.090909090909092,8
EPL,2223,2023-04-15 Tottenham-Bournemouth,1,2022,18509,2023-04-15 14:00:00,82,73,Tottenham,Bournemouth,BOU,TOT,0,2.0974,2,2.30604,2.30604,1.1000599999999998,8.909090909090908,8,3,0.6973,3,1.20598,1.20598,-1.1000599999999998,13.157894736842104,5
EPL,2223,2023-04-15 Wolverhampton Wanderers-Brentford,1,2022,18511,2023-04-15 14:00:00,229,244,Wolverhampton Wanderers,Brentford,BRE,WOL,3,0.8375999999999999,2,0.93912,0.93912,-0.5741800000000001,14.0,3,0,1.8684000000000003,0,1.5133,1.5133,0.5741800000000001,12.952380952380953,4
EPL,2223,2023-04-16 Nottingham Forest-Manchester United,1,2022,18507,2023-04-16 15:30:00,249,89,Nottingham Forest,Manchester United,MUN,NOT,0,0.2022,0,1.05289,1.05289,-2.28458,16.529411764705884,5,3,2.6994,2,3.33747,3.33747,2.28458,6.888888888888889,17
EPL,2223,2023-04-16 West Ham-Arsenal,1,2022,18510,2023-04-16 13:00:00,81,83,West Ham,Arsenal,ARS,WHU,1,0.7921,2,1.96095,1.19978,-0.7568699999999999,15.8,4,1,1.978,2,2.71782,1.95665,0.7568699999999999,6.5,10
EPL,2223,2023-04-17 Leeds-Liverpool,1,2022,18505,2023-04-17 19:00:00,245,87,Leeds,Liverpool,LIV,LED,0,0.45539999999999997,1,1.16748,1.16748,-1.48728,32.35294117647059,2,3,2.3787000000000003,6,2.65476,2.65476,1.48728,4.28125,13
EPL,2223,2023-04-21 Arsenal-Southampton,1,2022,18512,2023-04-21 19:00:00,83,74,Arsenal,Southampton,SOU,ARS,1,2.0364,3,2.39609,2.39609,0.96546,4.16,23,1,0.7431,3,1.43063,1.43063,-0.96546,18.928571428571427,3
EPL,2223,2023-04-22 Brentford-Aston Villa,1,2022,18514,2023-04-22 14:00:00,244,71,Brentford,Aston Villa,AVL,BRE,1,1.6088,1,2.03162,2.03162,0.36560000000000015,9.23076923076923,7,1,1.1498000000000002,1,1.66602,1.66602,-0.36560000000000015,8.3125,4
EPL,2223,2023-04-22 Crystal Palace-Everton,1,2022,18516,2023-04-22 14:00:00,78,72,Crystal Palace,Everton,EVE,CRY,1,1.1770999999999998,0,0.368137,0.368137,-0.065575,9.4375,5,1,1.3073000000000001,0,0.433712,0.433712,0.065575,8.818181818181818,3
EPL,2223,2023-04-22 Fulham-Leeds,1,2022,18517,2023-04-22 11:30:00,228,245,Fulham,Leeds,LED,FLH,3,1.6787,2,1.43763,1.43763,0.36280999999999985,12.176470588235293,1,0,0.9746,1,1.07482,1.07482,-0.36280999999999985,6.3125,4
EPL,2223,2023-04-22 Leicester-Wolverhampton Wanderers,1,2022,18518,2023-04-22 14:00:00,75,229,Leicester,Wolverhampton Wanderers,WOL,LEI,3,2.7367000000000004,2,2.66929,1.90812,1.31186,14.157894736842104,5,0,0.1747,1,0.59626,0.59626,-1.31186,6.482758620689655,5
EPL,2223,2023-04-22 Liverpool-Nottingham Forest,1,2022,18519,2023-04-22 14:00:00,87,249,Liverpool,Nottingham Forest,NOT,LIV,3,2.8211999999999997,3,3.32745,3.32745,2.6027839999999998,2.5294117647058822,11,0,0.1197,2,0.724666,0.724666,-2.6027839999999998,32.45454545454545,8
EPL,2223,2023-04-23 Bournemouth-West Ham,1,2022,18513,2023-04-23 13:00:00,73,81,Bournemouth,West Ham,WHU,BOU,0,0.43679999999999997,0,0.974687,0.974687,-1.548533,9.352941176470589,8,3,2.4041999999999994,4,2.52322,2.52322,1.548533,14.0,8
EPL,2223,2023-04-23 Newcastle United-Tottenham,1,2022,18521,2023-04-23 13:00:00,86,82,Newcastle United,Tottenham,TOT,NEW,3,2.8387999999999995,6,3.98532,3.98532,3.102319,14.176470588235293,12,0,0.1091,1,0.883001,0.883001,-3.102319,14.166666666666666,2
EPL,2223,2023-04-25 Aston Villa-Fulham,1,2022,18528,2023-04-25 18:45:00,71,228,Aston Villa,Fulham,FLH,AVL,3,2.0634,1,0.839159,0.839159,0.7592949999999999,15.3125,7,0,0.5112,0,0.079864,0.079864,-0.7592949999999999,8.125,1
EPL,2223,2023-04-25 Leeds-Leicester,1,2022,18523,2023-04-25 19:00:00,245,75,Leeds,Leicester,LEI,LED,1,1.39,1,2.09645,2.09645,0.01051000000000002,7.275862068965517,2,1,1.3744,1,2.08594,2.08594,-0.01051000000000002,5.12,7
EPL,2223,2023-04-25 Wolverhampton Wanderers-Crystal Palace,1,2022,18527,2023-04-25 18:30:00,229,78,Wolverhampton Wanderers,Crystal Palace,CRY,WOL,3,1.9463,2,1.12829,0.367118,-0.21317599999999998,9.5,3,0,0.7442,0,0.580294,0.580294,0.21317599999999998,8.75,5
EPL,2223,2023-04-26 Chelsea-Brentford,1,2022,18529,2023-04-26 18:45:00,80,244,Chelsea,Brentford,BRE,CHE,0,1.8124999999999998,0,1.21124,1.21124,0.5158960000000001,8.333333333333334,10,3,0.8825000000000001,2,0.695344,0.695344,-0.5158960000000001,14.4,3
EPL,2223,2023-04-26 Manchester City-Arsenal,1,2022,18531,2023-04-26 19:00:00,88,83,Manchester City,Arsenal,ARS,MCI,3,2.5443,4,2.01168,2.01168,1.6133080000000002,10.464285714285714,9,0,0.2988,1,0.398372,0.398372,-1.6133080000000002,16.842105263157894,6
EPL,2223,2023-04-26 Nottingham Forest-Brighton,1,2022,18524,2023-04-26 18:30:00,249,220,Nottingham Forest,Brighton,BRI,NOT,3,1.4584000000000001,3,2.43846,0.916127,-1.414513,20.35,6,0,1.2946,1,2.33064,2.33064,1.414513,4.52,15
EPL,2223,2023-04-26 West Ham-Liverpool,1,2022,18526,2023-04-26 18:45:00,81,87,West Ham,Liverpool,LIV,WHU,0,0.7462,1,0.939348,0.939348,-0.7651519999999999,25.842105263157894,2,3,1.9903,2,1.7045,1.7045,0.7651519999999999,4.78125,12
EPL,2223,2023-04-27 Everton-Newcastle United,1,2022,18522,2023-04-27 18:45:00,72,86,Everton,Newcastle United,NEW,EVE,0,0.178,1,0.777008,0.777008,-2.086672,11.363636363636363,6,3,2.7298,4,2.86368,2.86368,2.086672,9.0,9
EPL,2223,2023-04-27 Southampton-Bournemouth,1,2022,18530,2023-04-27 18:45:00,74,73,Southampton,Bournemouth,BOU,SOU,0,0.859,0,0.477034,0.477034,-0.51152,7.884615384615385,5,3,1.7941,1,0.988554,0.988554,0.51152,10.222222222222221,5
EPL,2223,2023-04-27 Tottenham-Manchester United,1,2022,18525,2023-04-27 19:15:00,82,89,Tottenham,Manchester United,MUN,TOT,1,1.6641000000000001,2,2.37239,2.37239,0.4073100000000003,15.285714285714286,2,1,1.1016000000000001,2,1.96508,1.96508,-0.4073100000000003,12.470588235294118,12
EPL,2223,2023-04-29 Brentford-Nottingham Forest,1,2022,18534,2023-04-29 14:00:00,244,249,Brentford,Nottingham Forest,NOT,BRE,3,1.6869,2,1.32059,1.32059,0.38089699999999993,11.583333333333334,5,0,0.9707999999999999,1,0.939693,0.939693,-0.38089699999999993,18.75,3
EPL,2223,2023-04-29 Brighton-Wolverhampton Wanderers,1,2022,18535,2023-04-29 14:00:00,220,229,Brighton,Wolverhampton Wanderers,WOL,BRI,3,2.8604000000000003,6,3.60471,3.60471,3.000725,7.133333333333334,12,0,0.0935,0,0.603985,0.603985,-3.000725,15.285714285714286,3
EPL,2223,2023-04-29 Crystal Palace-West Ham,1,2022,18536,2023-04-29 11:30:00,78,81,Crystal Palace,West Ham,WHU,CRY,3,1.5977000000000001,4,2.31888,1.55771,-0.4249100000000001,7.55,13,0,1.1248999999999998,3,1.98262,1.98262,0.4249100000000001,8.75,1
EPL,2223,2023-04-30 Bournemouth-Leeds,1,2022,18533,2023-04-30 13:00:00,73,245,Bournemouth,Leeds,LED,BOU,3,2.2065000000000006,4,2.51723,2.51723,1.18032,12.55,8,0,0.5937,1,1.33691,1.33691,-1.18032,6.870967741935484,9
EPL,2223,2023-04-30 Fulham-Manchester City,1,2022,18537,2023-04-30 13:00:00,228,88,Fulham,Manchester City,MCI,FLH,0,0.1533,1,0.431813,0.431813,-1.130397,18.952380952380953,2,3,2.7486,2,2.32338,1.56221,1.130397,9.333333333333334,11
EPL,2223,2023-04-30 Liverpool-Tottenham,1,2022,18539,2023-04-30 15:30:00,87,82,Liverpool,Tottenham,TOT,LIV,3,2.0989,4,2.42911,1.66794,0.21866999999999992,8.75,7,0,0.6961,3,1.44927,1.44927,-0.21866999999999992,27.733333333333334,3
EPL,2223,2023-04-30 Manchester United-Aston Villa,1,2022,18540,2023-04-30 13:00:00,89,71,Manchester United,Aston Villa,AVL,MUN,3,2.1153,1,1.3056,1.3056,0.870862,9.56,12,0,0.6027,0,0.434738,0.434738,-0.870862,23.642857142857142,4
EPL,2223,2023-04-30 Newcastle United-Southampton,1,2022,18541,2023-04-30 13:00:00,86,74,Newcastle United,Southampton,SOU,NEW,3,2.9389,3,3.91457,3.91457,3.017395,6.08,12,0,0.035500000000000004,1,0.897175,0.897175,-3.017395,15.352941176470589,4
EPL,2223,2023-05-01 Leicester-Everton,1,2022,18538,2023-05-01 19:00:00,75,72,Leicester,Everton,EVE,LEI,1,1.4183,2,3.32486,2.56369,0.03837999999999964,7.523809523809524,5,1,1.3268,2,3.28648,2.52531,-0.03837999999999964,8.692307692307692,9
EPL,2223,2023-05-02 Arsenal-Chelsea,1,2022,18532,2023-05-02 19:00:00,83,80,Arsenal,Chelsea,CHE,ARS,3,2.6199000000000003,3,2.7832,2.7832,1.997998,12.458333333333334,13,0,0.26580000000000004,1,0.785202,0.785202,-1.997998,23.76923076923077,8
EPL,2223,2023-05-03 Liverpool-Fulham,1,2022,18477,2023-05-03 19:00:00,87,228,Liverpool,Fulham,FLH,LIV,3,2.1703,1,1.67372,0.912551,0.17242599999999997,9.964285714285714,10,0,0.5823999999999999,0,0.740125,0.740125,-0.17242599999999997,28.416666666666668,4
EPL,2223,2023-05-03 Manchester City-West Ham,1,2022,18478,2023-05-03 19:00:00,88,81,Manchester City,West Ham,WHU,MCI,3,2.8071,3,2.99908,2.99908,2.5070050000000004,6.833333333333333,15,0,0.123,0,0.492075,0.492075,-2.5070050000000004,32.75,2
EPL,2223,2023-05-04 Brighton-Manchester United,1,2022,18475,2023-05-04 19:00:00,220,89,Brighton,Manchester United,MUN,BRI,3,1.9441,1,2.09953,1.33836,0.017309999999999937,6.642857142857143,6,0,0.8245,0,1.32105,1.32105,-0.017309999999999937,17.095238095238095,9
EPL,2223,2023-05-06 Bournemouth-Chelsea,1,2022,18542,2023-05-06 14:00:00,73,80,Bournemouth,Chelsea,CHE,BOU,0,0.9384999999999999,1,1.21755,1.21755,-0.5509700000000002,19.3125,9,3,1.8037,3,1.76852,1.76852,0.5509700000000002,6.3478260869565215,13
EPL,2223,2023-05-06 Liverpool-Brentford,1,2022,18545,2023-05-06 16:30:00,87,244,Liverpool,Brentford,BRE,LIV,3,2.8451999999999997,1,1.992,1.992,1.808108,7.695652173913044,13,0,0.0888,0,0.183892,0.183892,-1.808108,9.0,3
EPL,2223,2023-05-06 Manchester City-Leeds,1,2022,18546,2023-05-06 14:00:00,88,245,Manchester City,Leeds,LED,MCI,3,2.9147999999999996,2,2.83472,2.07355,1.932626,7.5,14,0,0.0489,1,0.140924,0.140924,-1.932626,22.842105263157894,0
EPL,2223,2023-05-06 Tottenham-Crystal Palace,1,2022,18549,2023-05-06 14:00:00,82,78,Tottenham,Crystal Palace,CRY,TOT,3,2.1627,1,1.15665,1.15665,0.8499809999999999,7.814814814814815,1,0,0.546,0,0.306669,0.306669,-0.8499809999999999,10.793103448275861,4
EPL,2223,2023-05-06 Wolverhampton Wanderers-Aston Villa,1,2022,18551,2023-05-06 14:00:00,229,71,Wolverhampton Wanderers,Aston Villa,AVL,WOL,3,0.8073,1,0.80605,0.80605,-0.6955299999999999,8.357142857142858,2,0,1.9155000000000002,0,1.50158,1.50158,0.6955299999999999,7.142857142857143,7
EPL,2223,2023-05-07 Newcastle United-Arsenal,1,2022,18547,2023-05-07 15:30:00,86,83,Newcastle United,Arsenal,ARS,NEW,0,1.4103,0,1.37224,1.37224,0.08162999999999987,8.208333333333334,11,3,1.3011000000000001,2,1.29061,1.29061,-0.08162999999999987,7.961538461538462,8
EPL,2223,2023-05-07 West Ham-Manchester United,1,2022,18550,2023-05-07 18:00:00,81,89,West Ham,Manchester United,MUN,WHU,3,1.8431,1,1.76618,1.76618,0.5719800000000002,28.846153846153847,4,0,0.9068,0,1.1942,1.1942,-0.5719800000000002,7.739130434782608,15
EPL,2223,2023-05-08 Brighton-Everton,1,2022,18543,2023-05-08 16:30:00,220,72,Brighton,Everton,EVE,BRI,0,1.5493,1,3.23717,3.23717,0.29494,3.0588235294117645,16,3,1.2187000000000001,5,2.94223,2.94223,-0.29494,17.05,10
EPL,2223,2023-05-08 Fulham-Leicester,1,2022,18544,2023-05-08 14:00:00,228,75,Fulham,Leicester,LEI,FLH,3,0.616,5,1.75276,1.75276,0.4366000000000001,7.296296296296297,10,0,2.1988000000000003,3,2.92566,1.31616,-0.4366000000000001,10.642857142857142,4
EPL,2223,2023-05-08 Nottingham Forest-Southampton,1,2022,18548,2023-05-08 19:00:00,249,74,Nottingham Forest,Southampton,SOU,NOT,3,0.5508,4,1.91326,1.1521,-1.3976899999999999,13.0,8,0,2.2749,3,3.31096,2.54979,1.3976899999999999,10.857142857142858,12
EPL,2223,2023-05-13 Aston Villa-Tottenham,1,2022,18553,2023-05-13 14:00:00,71,82,Aston Villa,Tottenham,TOT,AVL,3,1.8896000000000002,2,1.79987,1.79987,1.375992,10.423076923076923,10,0,0.8294,1,1.18505,0.423878,-1.375992,8.875,6
EPL,2223,2023-05-13 Chelsea-Nottingham Forest,1,2022,18555,2023-05-13 14:00:00,80,249,Chelsea,Nottingham Forest,NOT,CHE,1,0.652,2,0.999181,0.999181,-0.968789,5.15,10,1,2.1382000000000003,2,1.96797,1.96797,0.968789,13.884615384615385,2
EPL,2223,2023-05-13 Crystal Palace-Bournemouth,1,2022,18556,2023-05-13 14:00:00,78,73,Crystal Palace,Bournemouth,BOU,CRY,3,2.3794,2,1.40237,1.40237,1.140348,14.31578947368421,9,0,0.38649999999999995,0,0.262022,0.262022,-1.140348,13.347826086956522,5
EPL,2223,2023-05-13 Leeds-Newcastle United,1,2022,18558,2023-05-13 11:30:00,245,86,Leeds,Newcastle United,NEW,LED,1,1.0808,2,2.01567,1.2545,0.4256599999999999,7.892857142857143,5,1,1.613,2,2.35118,0.82884,-0.4256599999999999,3.6206896551724137,9
EPL,2223,2023-05-13 Manchester United-Wolverhampton Wanderers,1,2022,18560,2023-05-13 14:00:00,89,229,Manchester United,Wolverhampton Wanderers,WOL,MUN,3,2.8855999999999997,2,3.10118,3.10118,2.832391,8.580645161290322,13,0,0.0686,0,0.268789,0.268789,-2.832391,13.5,4
EPL,2223,2023-05-13 Southampton-Fulham,1,2022,18561,2023-05-13 14:00:00,74,228,Southampton,Fulham,FLH,SOU,0,0.33399999999999996,0,0.149649,0.149649,-1.1212010000000001,12.777777777777779,0,3,2.4343,2,1.27085,1.27085,1.1212010000000001,7.869565217391305,11
EPL,2223,2023-05-14 Arsenal-Brighton,1,2022,18552,2023-05-14 15:30:00,83,220,Arsenal,Brighton,BRI,ARS,0,0.5195,0,0.958651,0.958651,-1.2541089999999997,10.484848484848484,8,3,2.2904,3,2.21276,2.21276,1.2541089999999997,9.55,2
EPL,2223,2023-05-14 Brentford-West Ham,1,2022,18554,2023-05-14 13:00:00,244,81,Brentford,West Ham,WHU,BRE,3,2.9901,2,4.42571,4.42571,4.222397999999999,12.947368421052632,7,0,0.0057,0,0.203312,0.203312,-4.222397999999999,19.133333333333333,2
EPL,2223,2023-05-14 Everton-Manchester City,1,2022,18557,2023-05-14 13:00:00,72,88,Everton,Manchester City,MCI,EVE,0,1.4578,0,1.18597,1.18597,0.14259,25.4,1,3,1.1956,3,1.04338,1.04338,-0.14259,17.153846153846153,9
EPL,2223,2023-05-15 Leicester-Liverpool,1,2022,18559,2023-05-15 19:00:00,75,87,Leicester,Liverpool,LIV,LEI,0,0.45299999999999996,0,0.527496,0.527496,-1.243354,12.166666666666666,3,3,2.3369999999999997,3,1.77085,1.77085,1.243354,5.466666666666667,13
EPL,2223,2023-05-18 Newcastle United-Brighton,1,2022,18449,2023-05-18 18:30:00,86,220,Newcastle United,Brighton,BRI,NEW,3,2.932,4,4.11359,4.11359,3.5200970000000003,9.27027027027027,15,0,0.0424,1,0.593493,0.593493,-3.5200970000000003,7.0,2
EPL,2223,2023-05-20 Bournemouth-Manchester United,1,2022,18562,2023-05-20 14:00:00,73,89,Bournemouth,Manchester United,MUN,BOU,0,0.6884,0,0.815723,0.815723,-0.902107,20.0,8,3,2.0648,1,1.71783,1.71783,0.902107,13.227272727272727,12
EPL,2223,2023-05-20 Fulham-Crystal Palace,1,2022,18564,2023-05-20 14:00:00,228,78,Fulham,Crystal Palace,CRY,FLH,1,1.5603,2,1.95519,1.19402,-0.51383,9.136363636363637,12,1,1.1376000000000002,2,1.70785,1.70785,0.51383,11.933333333333334,10
EPL,2223,2023-05-20 Liverpool-Aston Villa,1,2022,18565,2023-05-20 14:00:00,87,71,Liverpool,Aston Villa,AVL,LIV,1,0.8110999999999999,1,0.918508,0.918508,0.21019500000000002,3.0789473684210527,10,1,1.8779,1,1.46948,0.708313,-0.21019500000000002,12.681818181818182,2
EPL,2223,2023-05-20 Nottingham Forest-Arsenal,1,2022,18568,2023-05-20 16:30:00,249,83,Nottingham Forest,Arsenal,ARS,NOT,3,1.9992,1,1.1397,1.1397,0.6495,16.88235294117647,5,0,0.7008,0,0.4902,0.4902,-0.6495,2.789473684210526,11
EPL,2223,2023-05-20 Tottenham-Brentford,1,2022,18569,2023-05-20 11:30:00,82,244,Tottenham,Brentford,BRE,TOT,0,1.6936,1,1.61667,1.61667,0.46323000000000003,13.266666666666667,3,3,1.0321,3,1.15344,1.15344,-0.46323000000000003,19.625,5
EPL,2223,2023-05-20 Wolverhampton Wanderers-Everton,1,2022,18571,2023-05-20 14:00:00,229,72,Wolverhampton Wanderers,Everton,EVE,WOL,1,0.5913,1,1.28976,1.28976,-1.18,8.19047619047619,6,1,2.217,1,2.46976,2.46976,1.18,9.03125,9
EPL,2223,2023-05-21 Brighton-Southampton,1,2022,18563,2023-05-21 13:00:00,220,74,Brighton,Southampton,SOU,BRI,3,2.3956999999999997,3,2.41418,2.41418,1.550521,10.857142857142858,22,0,0.42950000000000005,1,0.863659,0.863659,-1.550521,19.11111111111111,2
EPL,2223,2023-05-21 Manchester City-Chelsea,1,2022,18566,2023-05-21 15:00:00,88,80,Manchester City,Chelsea,CHE,MCI,3,1.3873,1,1.20557,1.20557,0.04909000000000008,9.695652173913043,12,0,1.3201,0,1.15648,1.15648,-0.04909000000000008,22.842105263157894,7
EPL,2223,2023-05-21 West Ham-Leeds,1,2022,18570,2023-05-21 12:30:00,81,245,West Ham,Leeds,LED,WHU,3,2.6020000000000003,3,2.48001,2.48001,1.8341820000000002,9.705882352941176,15,0,0.2746,1,0.645828,0.645828,-1.8341820000000002,9.89655172413793,8
EPL,2223,2023-05-22 Newcastle United-Leicester,1,2022,18567,2023-05-22 19:00:00,86,75,Newcastle United,Leicester,LEI,NEW,1,2.7851000000000004,0,2.05089,2.05089,1.9669827999999998,4.1875,13,1,0.1178,0,0.0839072,0.0839072,-1.9669827999999998,28.727272727272727,0
EPL,2223,2023-05-24 Brighton-Manchester City,1,2022,18515,2023-05-24 19:00:00,220,88,Brighton,Manchester City,MCI,BRI,1,1.4881,1,2.11486,2.11486,0.18513000000000024,11.878787878787879,6,1,1.2703,1,1.92973,1.92973,-0.18513000000000024,13.066666666666666,9
EPL,2223,2023-05-25 Manchester United-Chelsea,1,2022,18520,2023-05-25 19:00:00,89,80,Manchester United,Chelsea,CHE,MUN,3,2.8789,4,4.92231,4.16115,2.47751,14.538461538461538,18,0,0.0826,1,1.68364,1.68364,-2.47751,11.7,11
EPL,2223,2023-05-28 Arsenal-Wolverhampton Wanderers,1,2022,18572,2023-05-28 15:30:00,83,229,Arsenal,Wolverhampton Wanderers,WOL,ARS,3,2.8693999999999997,5,3.02466,3.02466,2.63694,12.625,12,0,0.0827,0,0.38772,0.38772,-2.63694,15.928571428571429,3
EPL,2223,2023-05-28 Aston Villa-Brighton,1,2022,18573,2023-05-28 15:30:00,71,220,Aston Villa,Brighton,BRI,AVL,3,2.3253,2,2.55845,2.55845,1.32728,8.32258064516129,9,0,0.4947,1,1.23117,1.23117,-1.32728,5.909090909090909,3
EPL,2223,2023-05-28 Brentford-Manchester City,1,2022,18574,2023-05-28 15:30:00,244,88,Brentford,Manchester City,MCI,BRE,3,1.5944999999999998,1,1.43893,1.43893,0.25244,8.125,12,0,1.1285999999999998,0,1.18649,1.18649,-0.25244,14.666666666666666,11
EPL,2223,2023-05-28 Chelsea-Newcastle United,1,2022,18575,2023-05-28 15:30:00,80,86,Chelsea,Newcastle United,NEW,CHE,1,1.7055999999999998,1,2.01924,2.01924,0.5002499999999999,6.724137931034483,17,1,1.0561,1,1.51899,1.51899,-0.5002499999999999,16.333333333333332,5
EPL,2223,2023-05-28 Crystal Palace-Nottingham Forest,1,2022,18576,2023-05-28 15:30:00,78,249,Crystal Palace,Nottingham Forest,NOT,CRY,1,1.8398,1,1.00786,1.00786,0.571421,7.380952380952381,11,1,0.8152999999999999,1,0.436439,0.436439,-0.571421,16.5625,1
EPL,2223,2023-05-28 Everton-Bournemouth,1,2022,18577,2023-05-28 15:30:00,72,73,Everton,Bournemouth,BOU,EVE,3,2.016,1,1.12933,1.12933,0.6972459999999999,13.884615384615385,4,0,0.681,0,0.432084,0.432084,-0.6972459999999999,7.45,4
EPL,2223,2023-05-28 Leeds-Tottenham,1,2022,18578,2023-05-28 15:30:00,245,82,Leeds,Tottenham,TOT,LED,0,0.7657999999999999,1,1.19151,1.19151,-0.8416399999999999,8.689655172413794,6,3,2.0183,4,2.03315,2.03315,0.8416399999999999,13.733333333333333,5
EPL,2223,2023-05-28 Leicester-West Ham,1,2022,18579,2023-05-28 15:30:00,75,81,Leicester,West Ham,WHU,LEI,3,2.1522,2,2.03013,2.03013,1.059778,14.666666666666666,8,0,0.6372,1,0.970352,0.970352,-1.059778,15.65,8
EPL,2223,2023-05-28 Manchester United-Fulham,1,2022,18580,2023-05-28 15:30:00,89,228,Manchester United,Fulham,FLH,MUN,3,1.9385000000000001,2,2.74766,2.74766,1.6271600000000002,7.67741935483871,14,0,0.8456,1,1.88167,1.1205,-1.6271600000000002,16.875,8
EPL,2223,2023-05-28 Southampton-Liverpool,1,2022,18581,2023-05-28 15:30:00,74,87,Southampton,Liverpool,LIV,SOU,1,0.1953,4,1.33964,1.33964,-2.66381,31.09090909090909,4,1,2.7285,4,4.00345,4.00345,2.66381,3.75,20
EPL,2324,2023-08-11 Burnley-Manchester City,1,2023,22275,2023-08-11 19:00:00,92,88,Burnley,Manchester City,MCI,BUR,0,0.1385,0,0.311032,0.311032,-2.089708,33.07142857142857,4,3,2.7761,3,2.40074,2.40074,2.089708,15.8,9
EPL,2324,2023-08-12 Arsenal-Nottingham Forest,1,2023,22276,2023-08-12 11:30:00,83,249,Arsenal,Nottingham Forest,NOT,ARS,3,1.1754,2,0.84262,0.84262,-0.12368499999999993,4.0,9,0,1.4883000000000002,1,0.966305,0.966305,0.12368499999999993,44.1,4
EPL,2324,2023-08-12 Bournemouth-West Ham,1,2023,22277,2023-08-12 14:00:00,73,81,Bournemouth,West Ham,WHU,BOU,1,1.3845999999999998,1,1.51025,1.51025,0.02685000000000004,5.111111111111111,9,1,1.2985,1,1.4834,1.4834,-0.02685000000000004,9.733333333333333,8
EPL,2324,2023-08-12 Brighton-Luton,1,2023,22278,2023-08-12 14:00:00,220,256,Brighton,Luton,LUT,BRI,3,2.7246,4,4.36748,3.60631,2.48154,6.875,17,0,0.1878,1,1.88594,1.12477,-2.48154,23.0625,5
EPL,2324,2023-08-12 Everton-Fulham,1,2023,22279,2023-08-12 14:00:00,72,228,Everton,Fulham,FLH,EVE,0,2.1102,0,2.59001,2.59001,1.00857,14.826086956521738,7,3,0.6909,1,1.58144,1.58144,-1.00857,17.4,6
EPL,2324,2023-08-12 Newcastle United-Aston Villa,1,2023,22281,2023-08-12 16:30:00,86,71,Newcastle United,Aston Villa,AVL,NEW,3,2.7626000000000004,5,4.32208,4.32208,2.83608,15.0,9,0,0.1709,1,1.486,1.486,-2.83608,11.571428571428571,6
EPL,2324,2023-08-12 Sheffield United-Crystal Palace,1,2023,22280,2023-08-12 14:00:00,238,78,Sheffield United,Crystal Palace,CRY,SHE,0,0.2253,0,0.422704,0.422704,-1.853456,14.181818181818182,2,3,2.6568,1,2.27616,2.27616,1.853456,4.391304347826087,9
EPL,2324,2023-08-13 Brentford-Tottenham,1,2023,22282,2023-08-13 13:00:00,244,82,Brentford,Tottenham,TOT,BRE,1,1.7563,2,1.90756,1.1464,-0.3067599999999999,14.1,11,1,0.9828999999999999,2,1.45316,1.45316,0.3067599999999999,5.870967741935484,7
EPL,2324,2023-08-13 Chelsea-Liverpool,1,2023,22283,2023-08-13 15:30:00,80,87,Chelsea,Liverpool,LIV,CHE,1,1.8441,1,1.93258,1.93258,0.6326399999999999,8.947368421052632,11,1,0.9087,1,1.29994,1.29994,-0.6326399999999999,20.047619047619047,9
EPL,2324,2023-08-14 Manchester United-Wolverhampton Wanderers,1,2023,22284,2023-08-14 19:00:00,89,229,Manchester United,Wolverhampton Wanderers,WOL,MUN,3,1.5762,1,1.97087,1.97087,0.24858999999999987,7.28125,16,0,1.1733,0,1.72228,1.72228,-0.24858999999999987,13.5,12
EPL,2324,2023-08-18 Nottingham Forest-Sheffield United,1,2023,22285,2023-08-18 18:45:00,249,238,Nottingham Forest,Sheffield United,SHE,NOT,3,2.0681000000000003,2,1.37181,1.37181,0.820772,15.866666666666667,6,0,0.6533,1,0.551038,0.551038,-0.820772,12.526315789473685,4
EPL,2324,2023-08-19 Fulham-Brentford,1,2023,22287,2023-08-19 14:00:00,228,244,Fulham,Brentford,BRE,FLH,0,0.0434,0,0.399899,0.399899,-2.307821,10.478260869565217,8,3,2.9282,3,3.46888,2.70772,2.307821,12.789473684210526,13
EPL,2324,2023-08-19 Liverpool-Bournemouth,1,2023,22288,2023-08-19 14:00:00,87,73,Liverpool,Bournemouth,BOU,LIV,3,2.5404,3,3.25448,2.33406,0.94736,7.260869565217392,11,0,0.3288,1,1.3867,1.3867,-0.94736,11.125,8
EPL,2324,2023-08-19 Manchester City-Newcastle United,1,2023,22291,2023-08-19 19:00:00,88,86,Manchester City,Newcastle United,NEW,MCI,3,2.2204,1,1.22528,1.22528,0.9681259999999999,13.619047619047619,9,0,0.4939,0,0.257154,0.257154,-0.9681259999999999,15.518518518518519,5
EPL,2324,2023-08-19 Tottenham-Manchester United,1,2023,22290,2023-08-19 16:30:00,82,89,Tottenham,Manchester United,MUN,TOT,3,1.4734999999999998,2,2.53904,2.53904,0.09299999999999997,9.85,12,0,1.3163,0,2.44604,2.44604,-0.09299999999999997,12.52,12
EPL,2324,2023-08-19 Wolverhampton Wanderers-Brighton,1,2023,22286,2023-08-19 14:00:00,229,220,Wolverhampton Wanderers,Brighton,BRI,WOL,0,1.1195,1,2.68821,2.68821,-0.46740999999999966,13.625,6,3,1.6748,4,3.15562,3.15562,0.46740999999999966,7.514285714285714,14
EPL,2324,2023-08-20 Aston Villa-Everton,1,2023,22292,2023-08-20 13:00:00,71,72,Aston Villa,Everton,EVE,AVL,3,2.8068999999999997,4,3.24336,2.48219,1.760725,17.0,13,0,0.1276,0,0.721465,0.721465,-1.760725,16.73913043478261,2
EPL,2324,2023-08-20 West Ham-Chelsea,1,2023,22293,2023-08-20 15:30:00,81,80,West Ham,Chelsea,CHE,WHU,3,1.4746,3,1.71234,0.951168,0.10317500000000002,27.0,3,0,1.2349,1,1.60916,0.847993,-0.10317500000000002,5.2727272727272725,9
EPL,2324,2023-08-21 Crystal Palace-Arsenal,1,2023,22294,2023-08-21 19:00:00,78,83,Crystal Palace,Arsenal,ARS,CRY,0,0.5810000000000001,0,1.06916,1.06916,-0.37564,14.375,10,3,2.2217,1,2.20593,1.4448,0.37564,9.6,7
EPL,2324,2023-08-25 Chelsea-Luton,1,2023,22295,2023-08-25 19:00:00,80,256,Chelsea,Luton,LUT,CHE,3,2.8739,3,3.41419,3.41419,2.948449,7.1,17,0,0.07880000000000001,0,0.465741,0.465741,-2.948449,19.130434782608695,4
EPL,2324,2023-08-26 Arsenal-Fulham,1,2023,22297,2023-08-26 14:00:00,83,228,Arsenal,Fulham,FLH,ARS,1,2.7578,2,3.23088,2.46971,1.619893,8.0,22,1,0.1577,2,0.849817,0.849817,-1.619893,35.55555555555556,2
EPL,2324,2023-08-26 Bournemouth-Tottenham,1,2023,22296,2023-08-26 11:30:00,73,82,Bournemouth,Tottenham,TOT,BOU,0,0.26039999999999996,0,0.483582,0.483582,-1.7775680000000003,10.193548387096774,6,3,2.6106000000000003,2,2.26115,2.26115,1.7775680000000003,7.6923076923076925,20
EPL,2324,2023-08-26 Brentford-Crystal Palace,1,2023,22298,2023-08-26 14:00:00,244,78,Brentford,Crystal Palace,CRY,BRE,1,1.2513,1,0.948011,0.948011,-0.112599,6.4,5,1,1.4223000000000001,1,1.06061,1.06061,0.112599,12.72,5
EPL,2324,2023-08-26 Brighton-West Ham,1,2023,22301,2023-08-26 16:30:00,220,81,Brighton,West Ham,WHU,BRI,0,0.4377,1,1.3743,1.3743,-1.5784,3.8095238095238093,23,3,2.4210000000000003,3,2.9527,2.9527,1.5784,28.3,7
EPL,2324,2023-08-26 Everton-Wolverhampton Wanderers,1,2023,22299,2023-08-26 14:00:00,72,229,Everton,Wolverhampton Wanderers,WOL,EVE,0,1.7305000000000001,0,1.89792,1.89792,0.4956400000000001,13.041666666666666,7,3,1.0219,1,1.40228,1.40228,-0.4956400000000001,10.210526315789474,4
EPL,2324,2023-08-26 Manchester United-Nottingham Forest,1,2023,22300,2023-08-26 14:00:00,89,249,Manchester United,Nottingham Forest,NOT,MUN,3,2.6857,3,3.02803,2.26686,1.3065059999999997,8.421052631578947,13,0,0.2116,2,0.960354,0.960354,-1.3065059999999997,19.846153846153847,5
EPL,2324,2023-08-27 Burnley-Aston Villa,1,2023,22302,2023-08-27 13:00:00,92,71,Burnley,Aston Villa,AVL,BUR,0,0.1484,1,0.630605,0.630605,-2.206305,8.193548387096774,8,3,2.7695000000000003,3,2.83691,2.83691,2.206305,24.333333333333332,9
EPL,2324,2023-08-27 Newcastle United-Liverpool,1,2023,22304,2023-08-27 15:30:00,86,87,Newcastle United,Liverpool,LIV,NEW,0,1.9344999999999999,1,1.62037,1.62037,0.7642490000000001,10.80952380952381,5,3,0.8074,2,0.856121,0.856121,-0.7642490000000001,16.08695652173913,5
EPL,2324,2023-08-27 Sheffield United-Manchester City,1,2023,22303,2023-08-27 13:00:00,238,88,Sheffield United,Manchester City,MCI,SHE,0,0.07400000000000001,1,0.762232,0.762232,-2.3246379999999998,36.90909090909091,3,3,2.8816999999999995,2,3.84804,3.08687,2.3246379999999998,6.571428571428571,22
EPL,2324,2023-09-01 Luton-West Ham,1,2023,21925,2023-09-01 19:00:00,256,81,Luton,West Ham,WHU,LUT,0,1.9915000000000003,1,2.02244,2.02244,0.7971600000000001,21.3125,8,3,0.7612,2,1.22528,1.22528,-0.7971600000000001,6.869565217391305,6
EPL,2324,2023-09-02 Brentford-Bournemouth,1,2023,21928,2023-09-02 14:00:00,244,73,Brentford,Bournemouth,BOU,BRE,1,2.0028,2,3.07185,3.07185,0.9617200000000001,5.708333333333333,15,1,0.7923,2,2.11013,2.11013,-0.9617200000000001,14.0,5
EPL,2324,2023-09-02 Brighton-Newcastle United,1,2023,21931,2023-09-02 16:30:00,220,86,Brighton,Newcastle United,NEW,BRI,3,1.7291,3,1.32258,1.32258,0.4178200000000001,10.11111111111111,9,0,0.9703999999999999,1,0.90476,0.90476,-0.4178200000000001,12.0,7
EPL,2324,2023-09-02 Burnley-Tottenham,1,2023,21929,2023-09-02 14:00:00,92,82,Burnley,Tottenham,TOT,BUR,0,0.8858999999999999,2,1.66604,1.66604,-0.7318100000000001,8.368421052631579,7,3,1.8978,5,2.39785,2.39785,0.7318100000000001,12.318181818181818,16
EPL,2324,2023-09-02 Chelsea-Nottingham Forest,1,2023,21930,2023-09-02 14:00:00,80,249,Chelsea,Nottingham Forest,NOT,CHE,0,2.1948,0,2.28442,2.28442,1.1339199999999998,6.2105263157894735,18,3,0.5925,1,1.1505,1.1505,-1.1339199999999998,19.27777777777778,2
EPL,2324,2023-09-02 Manchester City-Fulham,1,2023,21927,2023-09-02 14:00:00,88,228,Manchester City,Fulham,FLH,MCI,3,1.8772,5,2.00152,1.24035,-0.2239199999999999,7.964285714285714,8,0,0.8146,1,1.46427,1.46427,0.2239199999999999,24.5,4
EPL,2324,2023-09-02 Sheffield United-Everton,1,2023,21926,2023-09-02 11:30:00,238,72,Sheffield United,Everton,EVE,SHE,1,0.5813999999999999,2,1.575,1.575,-1.1637100000000002,12.8,5,1,2.2155,2,2.73871,2.73871,1.1637100000000002,8.653846153846153,3
EPL,2324,2023-09-03 Arsenal-Manchester United,1,2023,21934,2023-09-03 15:30:00,83,89,Arsenal,Manchester United,MUN,ARS,3,2.1143,3,1.90973,1.90973,0.9436209999999999,19.4375,11,0,0.6584,1,0.966109,0.966109,-0.9436209999999999,26.1,4
EPL,2324,2023-09-03 Crystal Palace-Wolverhampton Wanderers,1,2023,21932,2023-09-03 13:00:00,78,229,Crystal Palace,Wolverhampton Wanderers,WOL,CRY,3,2.2419000000000002,3,2.32935,2.32935,1.1902399999999997,11.84,11,0,0.5703,2,1.13911,1.13911,-1.1902399999999997,6.586206896551724,8
EPL,2324,2023-09-03 Liverpool-Aston Villa,1,2023,21933,2023-09-03 13:00:00,87,71,Liverpool,Aston Villa,AVL,LIV,3,2.705,3,2.73138,2.73138,2.1158770000000002,8.551724137931034,11,0,0.1952,0,0.615503,0.615503,-2.1158770000000002,67.875,3
EPL,2324,2023-09-16 Aston Villa-Crystal Palace,1,2023,21938,2023-09-16 14:00:00,71,78,Aston Villa,Crystal Palace,CRY,AVL,3,2.2635,3,2.31518,1.55401,0.43704999999999994,4.548387096774194,14,0,0.5355000000000001,1,1.11696,1.11696,-0.43704999999999994,9.533333333333333,7
EPL,2324,2023-09-16 Fulham-Luton,1,2023,21939,2023-09-16 14:00:00,228,256,Fulham,Luton,LUT,FLH,3,1.5917999999999999,1,1.75704,1.75704,0.29999,6.611111111111111,9,0,1.1217,0,1.45705,1.45705,-0.29999,38.916666666666664,3
EPL,2324,2023-09-16 Manchester United-Brighton,1,2023,21940,2023-09-16 14:00:00,89,220,Manchester United,Brighton,BRI,MUN,0,0.5,1,0.719951,0.719951,-1.219129,22.47826086956522,5,3,2.3165,3,1.93908,1.93908,1.219129,13.136363636363637,4
EPL,2324,2023-09-16 Newcastle United-Brentford,1,2023,21943,2023-09-16 16:30:00,86,244,Newcastle United,Brentford,BRE,NEW,3,2.1862,1,1.50126,0.740091,0.10641300000000009,7.6521739130434785,8,0,0.5686,0,0.633678,0.633678,-0.10641300000000009,7.962962962962963,4
EPL,2324,2023-09-16 Tottenham-Sheffield United,1,2023,21936,2023-09-16 14:00:00,82,238,Tottenham,Sheffield United,SHE,TOT,3,2.3211999999999997,2,2.15909,2.15909,1.3684349999999998,4.75,21,0,0.49179999999999996,1,0.790655,0.790655,-1.3684349999999998,14.571428571428571,4
EPL,2324,2023-09-16 West Ham-Manchester City,1,2023,21937,2023-09-16 14:00:00,81,88,West Ham,Manchester City,MCI,WHU,0,0.0721,1,0.895632,0.895632,-3.254828,42.25,1,3,2.8927,3,4.15046,4.15046,3.254828,11.4,16
EPL,2324,2023-09-16 Wolverhampton Wanderers-Liverpool,1,2023,21935,2023-09-16 11:30:00,229,87,Wolverhampton Wanderers,Liverpool,LIV,WOL,0,0.12719999999999998,1,0.538833,0.538833,-2.288177,18.363636363636363,9,3,2.8023,3,2.82701,2.82701,2.288177,10.0,16
EPL,2324,2023-09-17 Bournemouth-Chelsea,1,2023,21942,2023-09-17 13:00:00,73,80,Bournemouth,Chelsea,CHE,BOU,1,1.3224,0,1.32515,1.32515,-0.07162000000000002,16.333333333333332,9,1,1.3992,0,1.39677,1.39677,0.07162000000000002,5.714285714285714,17
EPL,2324,2023-09-17 Everton-Arsenal,1,2023,21941,2023-09-17 15:30:00,72,83,Everton,Arsenal,ARS,EVE,0,0.75,0,0.28317,0.28317,-0.5194350000000001,23.764705882352942,3,3,1.8359999999999999,1,0.802605,0.802605,0.5194350000000001,7.0,10
EPL,2324,2023-09-18 Nottingham Forest-Burnley,1,2023,21944,2023-09-18 18:45:00,249,92,Nottingham Forest,Burnley,BUR,NOT,1,1.1841,1,0.705795,0.705795,-0.10185600000000006,15.25,9,1,1.449,1,0.807651,0.807651,0.10185600000000006,9.0,1
EPL,2324,2023-09-23 Brentford-Everton,1,2023,21949,2023-09-23 16:30:00,244,72,Brentford,Everton,EVE,BRE,0,0.7358,1,1.57402,1.57402,-0.94095,14.0,6,3,2.0396,3,2.51497,2.51497,0.94095,14.36,10
EPL,2324,2023-09-23 Burnley-Manchester United,1,2023,21950,2023-09-23 19:00:00,92,89,Burnley,Manchester United,MUN,BUR,0,1.4161,0,0.935444,0.935444,0.095171,17.923076923076923,8,3,1.2390999999999999,1,0.840273,0.840273,-0.095171,20.842105263157894,9
EPL,2324,2023-09-23 Crystal Palace-Fulham,1,2023,21948,2023-09-23 14:00:00,78,228,Crystal Palace,Fulham,FLH,CRY,1,1.0838,0,0.37236,0.37236,-0.17031799999999997,14.055555555555555,3,1,1.4282,0,0.542678,0.542678,0.17031799999999997,9.166666666666666,9
EPL,2324,2023-09-23 Luton-Wolverhampton Wanderers,1,2023,21945,2023-09-23 14:00:00,256,229,Luton,Wolverhampton Wanderers,WOL,LUT,1,2.5128000000000004,1,2.24101,1.47984,0.716856,6.821428571428571,17,1,0.30569999999999997,1,0.762984,0.762984,-0.716856,12.4,1
EPL,2324,2023-09-23 Manchester City-Nottingham Forest,1,2023,21946,2023-09-23 14:00:00,88,249,Manchester City,Nottingham Forest,NOT,MCI,3,1.9150999999999998,2,1.33984,1.33984,0.6107309999999999,21.0,7,0,0.8057,0,0.729109,0.729109,-0.6107309999999999,14.157894736842104,7
EPL,2324,2023-09-24 Arsenal-Tottenham,1,2023,21952,2023-09-24 13:00:00,83,82,Arsenal,Tottenham,TOT,ARS,1,1.4902,2,2.3429,1.58173,-0.6299300000000001,9.096774193548388,4,1,1.2706000000000002,2,2.21166,2.21166,0.6299300000000001,6.678571428571429,9
EPL,2324,2023-09-24 Brighton-Bournemouth,1,2023,21951,2023-09-24 13:00:00,220,73,Brighton,Bournemouth,BOU,BRI,3,1.81,3,2.14533,2.14533,0.55549,5.571428571428571,8,0,0.9499,1,1.58984,1.58984,-0.55549,10.057142857142857,4
EPL,2324,2023-09-24 Chelsea-Aston Villa,1,2023,21947,2023-09-24 13:00:00,80,71,Chelsea,Aston Villa,AVL,CHE,0,1.4203,0,1.19716,1.19716,0.062370000000000037,8.84,8,3,1.2832000000000001,1,1.13479,1.13479,-0.062370000000000037,21.76923076923077,6
EPL,2324,2023-09-24 Liverpool-West Ham,1,2023,21953,2023-09-24 13:00:00,87,81,Liverpool,West Ham,WHU,LIV,3,2.7253,3,4.14262,3.38145,1.84267,6.057142857142857,14,0,0.1954,1,1.53878,1.53878,-1.84267,18.4,1
EPL,2324,2023-09-24 Sheffield United-Newcastle United,1,2023,21954,2023-09-24 15:30:00,238,86,Sheffield United,Newcastle United,NEW,SHE,0,0.018000000000000002,0,0.579392,0.579392,-4.528808,14.92,5,3,2.9736,8,5.1082,5.1082,4.528808,8.733333333333333,11
EPL,2324,2023-09-30 Aston Villa-Brighton,1,2023,21955,2023-09-30 11:30:00,71,220,Aston Villa,Brighton,BRI,AVL,3,1.4983,6,1.90746,1.90746,0.17927000000000004,9.727272727272727,15,0,1.2432999999999998,1,1.72819,1.72819,-0.17927000000000004,4.294117647058823,11
EPL,2324,2023-09-30 Bournemouth-Arsenal,1,2023,21959,2023-09-30 14:00:00,73,83,Bournemouth,Arsenal,ARS,BOU,0,0.0368,0,0.644443,0.644443,-1.9074270000000002,15.0,13,3,2.9419999999999997,4,4.0742,2.55187,1.9074270000000002,5.964285714285714,15
EPL,2324,2023-09-30 Everton-Luton,1,2023,21956,2023-09-30 14:00:00,72,256,Everton,Luton,LUT,EVE,0,2.6572,1,3.65377,3.65377,2.1435700000000004,5.6,11,3,0.23559999999999998,2,1.5102,1.5102,-2.1435700000000004,12.5,1
EPL,2324,2023-09-30 Manchester United-Crystal Palace,1,2023,21957,2023-09-30 14:00:00,89,78,Manchester United,Crystal Palace,CRY,MUN,0,1.6395,0,1.55408,1.55408,0.36392999999999986,3.6551724137931036,16,3,1.0893000000000002,1,1.19015,1.19015,-0.36392999999999986,20.94736842105263,1
EPL,2324,2023-09-30 Newcastle United-Burnley,1,2023,21958,2023-09-30 14:00:00,86,92,Newcastle United,Burnley,BUR,NEW,3,2.7621,2,3.08516,2.32399,1.5221409999999997,10.666666666666666,7,0,0.156,0,0.801849,0.801849,-1.5221409999999997,18.22222222222222,5
EPL,2324,2023-09-30 Tottenham-Liverpool,1,2023,21962,2023-09-30 16:30:00,82,87,Tottenham,Liverpool,LIV,TOT,3,2.1630000000000003,2,2.18823,2.18823,1.06524,7.517241379310345,18,0,0.6294,1,1.12299,1.12299,-1.06524,16.0,7
EPL,2324,2023-09-30 West Ham-Sheffield United,1,2023,21960,2023-09-30 14:00:00,81,238,West Ham,Sheffield United,SHE,WHU,3,2.6957,2,3.19753,3.19753,2.285533,14.125,16,0,0.21350000000000002,0,0.911997,0.911997,-2.285533,21.266666666666666,5
EPL,2324,2023-09-30 Wolverhampton Wanderers-Manchester City,1,2023,21961,2023-09-30 14:00:00,229,88,Wolverhampton Wanderers,Manchester City,MCI,WOL,3,1.0944,2,0.673985,0.673985,-0.30676500000000007,16.076923076923077,1,0,1.5513000000000001,1,0.98075,0.98075,0.30676500000000007,5.321428571428571,13
EPL,2324,2023-10-01 Nottingham Forest-Brentford,1,2023,21963,2023-10-01 13:00:00,249,244,Nottingham Forest,Brentford,BRE,NOT,1,0.6775,1,0.800317,0.800317,-0.9583030000000001,40.875,2,1,2.0866,1,1.75862,1.75862,0.9583030000000001,15.642857142857142,11
EPL,2324,2023-10-02 Fulham-Chelsea,1,2023,21964,2023-10-02 19:00:00,228,80,Fulham,Chelsea,CHE,FLH,0,0.554,0,0.889383,0.889383,-1.095227,10.551724137931034,7,3,2.2208,2,1.98461,1.98461,1.095227,14.44,8
EPL,2324,2023-10-03 Luton-Burnley,1,2023,22289,2023-10-03 18:30:00,256,92,Luton,Burnley,BUR,LUT,0,1.853,1,1.53058,1.53058,0.6103740000000001,12.846153846153847,4,3,0.8708,2,0.920206,0.920206,-0.6103740000000001,8.0,5
EPL,2324,2023-10-07 Burnley-Chelsea,1,2023,21967,2023-10-07 14:00:00,92,80,Burnley,Chelsea,CHE,BUR,0,0.5623,1,0.956642,0.956642,-0.2578579999999999,22.95,3,3,2.2096,4,1.97566,1.2145,0.2578579999999999,7.828571428571428,10
EPL,2324,2023-10-07 Crystal Palace-Nottingham Forest,1,2023,21968,2023-10-07 16:30:00,78,249,Crystal Palace,Nottingham Forest,NOT,CRY,1,1.1563999999999999,0,0.982452,0.982452,-0.23859799999999998,16.58823529411765,5,1,1.5332000000000001,0,1.22105,1.22105,0.23859799999999998,14.090909090909092,12
EPL,2324,2023-10-07 Everton-Bournemouth,1,2023,21969,2023-10-07 14:00:00,72,73,Everton,Bournemouth,BOU,EVE,3,2.7104,3,3.16482,3.16482,2.183088,7.147058823529412,8,0,0.1958,0,0.981732,0.981732,-2.183088,8.681818181818182,13
EPL,2324,2023-10-07 Fulham-Sheffield United,1,2023,21970,2023-10-07 14:00:00,228,238,Fulham,Sheffield United,SHE,FLH,3,2.7355,3,2.26612,2.26612,2.0143109999999997,6.222222222222222,9,0,0.1633,1,0.251809,0.251809,-2.0143109999999997,10.521739130434783,0
EPL,2324,2023-10-07 Luton-Tottenham,1,2023,21971,2023-10-07 11:30:00,256,82,Luton,Tottenham,TOT,LUT,0,0.40790000000000004,0,0.848118,0.848118,-1.531352,12.0,6,3,2.4356,1,2.37947,2.37947,1.531352,4.714285714285714,15
EPL,2324,2023-10-07 Manchester United-Brentford,1,2023,21972,2023-10-07 14:00:00,89,244,Manchester United,Brentford,BRE,MUN,3,1.5749,2,1.29356,1.29356,0.26847,8.55,17,0,1.1315,1,1.02509,1.02509,-0.26847,8.434782608695652,2
EPL,2324,2023-10-08 Arsenal-Manchester City,1,2023,21965,2023-10-08 15:30:00,83,88,Arsenal,Manchester City,MCI,ARS,3,0.7785,1,0.386558,0.386558,-0.471513,12.571428571428571,9,0,1.8546,0,0.858071,0.858071,0.471513,15.368421052631579,7
EPL,2324,2023-10-08 Brighton-Liverpool,1,2023,21966,2023-10-08 13:00:00,220,87,Brighton,Liverpool,LIV,BRI,1,1.184,2,2.23187,2.23187,0.4827399999999997,15.428571428571429,4,1,1.58,2,2.51029,1.74913,-0.4827399999999997,7.694444444444445,15
EPL,2324,2023-10-08 West Ham-Newcastle United,1,2023,21973,2023-10-08 13:00:00,81,86,West Ham,Newcastle United,NEW,WHU,1,0.5097,2,0.931345,0.931345,-1.0473050000000002,25.642857142857142,2,1,2.2586999999999997,2,1.97865,1.97865,1.0473050000000002,6.304347826086956,6
EPL,2324,2023-10-08 Wolverhampton Wanderers-Aston Villa,1,2023,21974,2023-10-08 13:00:00,229,71,Wolverhampton Wanderers,Aston Villa,AVL,WOL,1,1.3605,1,1.76232,1.76232,-0.0538599999999998,11.380952380952381,3,1,1.3806000000000003,1,1.81618,1.81618,0.0538599999999998,14.866666666666667,9
EPL,2324,2023-10-21 Bournemouth-Wolverhampton Wanderers,1,2023,21975,2023-10-21 14:00:00,73,229,Bournemouth,Wolverhampton Wanderers,WOL,BOU,0,0.506,1,1.01839,1.01839,-1.28615,14.19047619047619,5,3,2.294,2,2.30454,2.30454,1.28615,6.476190476190476,15
EPL,2324,2023-10-21 Brentford-Burnley,1,2023,21977,2023-10-21 14:00:00,244,92,Brentford,Burnley,BUR,BRE,3,2.7946,3,3.15685,3.15685,2.463721,9.678571428571429,15,0,0.13090000000000002,0,0.693129,0.693129,-2.463721,14.666666666666666,3
EPL,2324,2023-10-21 Chelsea-Arsenal,1,2023,21978,2023-10-21 16:30:00,80,83,Chelsea,Arsenal,ARS,CHE,1,1.94,2,1.71838,0.957211,-0.10069899999999987,31.363636363636363,8,1,0.7988,2,1.05791,1.05791,0.10069899999999987,9.3,5
EPL,2324,2023-10-21 Liverpool-Everton,1,2023,21979,2023-10-21 11:30:00,87,72,Liverpool,Everton,EVE,LIV,3,2.8639,2,2.28568,1.52459,1.4308174999999999,3.3461538461538463,13,0,0.0748,0,0.0937725,0.0937725,-1.4308174999999999,29.153846153846153,5
EPL,2324,2023-10-21 Manchester City-Brighton,1,2023,21980,2023-10-21 14:00:00,88,220,Manchester City,Brighton,BRI,MCI,3,1.3387,2,0.962509,0.962509,-0.0012240000000000029,14.583333333333334,7,0,1.3327,1,0.963733,0.963733,0.0012240000000000029,14.652173913043478,4
EPL,2324,2023-10-21 Newcastle United-Crystal Palace,1,2023,21981,2023-10-21 14:00:00,86,78,Newcastle United,Crystal Palace,CRY,NEW,3,2.7762000000000002,4,3.73336,3.73336,2.64541,12.0,9,0,0.1545,0,1.08795,1.08795,-2.64541,12.607142857142858,3
EPL,2324,2023-10-21 Nottingham Forest-Luton,1,2023,21982,2023-10-21 14:00:00,249,256,Nottingham Forest,Luton,LUT,NOT,1,2.4776,2,3.27549,3.27549,1.77994,8.88888888888889,4,1,0.3899,2,1.49555,1.49555,-1.77994,16.22222222222222,6
EPL,2324,2023-10-21 Sheffield United-Manchester United,1,2023,21983,2023-10-21 19:00:00,238,89,Sheffield United,Manchester United,MUN,SHE,0,1.3211,1,1.41074,0.649567,-0.812303,14.095238095238095,7,3,1.3651999999999997,2,1.46187,1.46187,0.812303,12.272727272727273,7
EPL,2324,2023-10-22 Aston Villa-West Ham,1,2023,21976,2023-10-22 15:30:00,71,81,Aston Villa,West Ham,WHU,AVL,3,2.5745999999999998,4,2.34143,1.58026,0.920638,11.823529411764707,9,0,0.2928,1,0.659622,0.659622,-0.920638,14.421052631578947,4
EPL,2324,2023-10-23 Tottenham-Fulham,1,2023,21984,2023-10-23 19:00:00,82,228,Tottenham,Fulham,FLH,TOT,3,2.0803,2,1.63523,1.63523,0.889392,12.347826086956522,13,0,0.6673,0,0.745838,0.745838,-0.889392,13.678571428571429,5
EPL,2324,2023-10-27 Crystal Palace-Tottenham,1,2023,21990,2023-10-27 19:00:00,78,82,Crystal Palace,Tottenham,TOT,CRY,0,0.8742000000000001,1,0.561834,0.561834,-0.427269,13.911764705882353,3,3,1.7838000000000003,2,0.989103,0.989103,0.427269,4.130434782608695,12
EPL,2324,2023-10-28 Arsenal-Sheffield United,1,2023,21986,2023-10-28 14:00:00,83,238,Arsenal,Sheffield United,SHE,ARS,3,2.9682,5,3.03496,2.27379,2.2456346,11.9375,9,0,0.0162,0,0.0281554,0.0281554,-2.2456346,30.923076923076923,1
EPL,2324,2023-10-28 Bournemouth-Burnley,1,2023,21985,2023-10-28 14:00:00,73,92,Bournemouth,Burnley,BUR,BOU,3,1.4745,2,1.10052,1.10052,0.19796999999999998,9.3,8,0,1.1673,1,0.90255,0.90255,-0.19796999999999998,11.333333333333334,4
EPL,2324,2023-10-28 Chelsea-Brentford,1,2023,21989,2023-10-28 11:30:00,80,244,Chelsea,Brentford,BRE,CHE,0,0.8547,0,1.71801,1.71801,-0.76336,6.0344827586206895,16,3,1.9344000000000001,2,2.48137,2.48137,0.76336,20.76923076923077,6
EPL,2324,2023-10-28 Wolverhampton Wanderers-Newcastle United,1,2023,21994,2023-10-28 16:30:00,229,86,Wolverhampton Wanderers,Newcastle United,NEW,WOL,1,0.3476,2,0.863393,0.863393,-0.695307,11.821428571428571,8,1,2.4965,2,2.31987,1.5587,0.695307,7.233333333333333,3
EPL,2324,2023-10-29 Aston Villa-Luton,1,2023,21987,2023-10-29 14:00:00,71,256,Aston Villa,Luton,LUT,AVL,3,2.8714,3,3.07654,3.07654,2.623423,13.4,15,0,0.0793,1,0.453117,0.453117,-2.623423,24.647058823529413,2
EPL,2324,2023-10-29 Brighton-Fulham,1,2023,21988,2023-10-29 14:00:00,220,228,Brighton,Fulham,FLH,BRI,1,1.9908000000000001,1,1.31996,1.31996,0.767437,7.625,8,1,0.7293,1,0.552523,0.552523,-0.767437,19.655172413793103,9
EPL,2324,2023-10-29 Liverpool-Nottingham Forest,1,2023,21991,2023-10-29 14:00:00,87,249,Liverpool,Nottingham Forest,NOT,LIV,3,2.7153,3,2.70428,2.70428,2.0622659999999997,7.947368421052632,11,0,0.18930000000000002,0,0.642014,0.642014,-2.0622659999999997,31.285714285714285,3
EPL,2324,2023-10-29 Manchester United-Manchester City,1,2023,21992,2023-10-29 15:30:00,89,88,Manchester United,Manchester City,MCI,MUN,0,0.0225,0,0.714628,0.714628,-3.070152,21.214285714285715,4,3,2.9637,3,4.54595,3.78478,3.070152,19.083333333333332,21
EPL,2324,2023-10-29 West Ham-Everton,1,2023,21993,2023-10-29 13:00:00,81,72,West Ham,Everton,EVE,WHU,0,1.1855,0,0.618578,0.618578,-0.11523500000000009,12.9375,5,3,1.4357,1,0.733813,0.733813,0.11523500000000009,15.076923076923077,3
EPL,2324,2023-11-04 Brentford-West Ham,1,2023,21995,2023-11-04 15:00:00,244,81,Brentford,West Ham,WHU,BRE,3,1.3871,3,1.82944,1.82944,0.07438999999999996,12.0,9,0,1.3148,2,1.75505,1.75505,-0.07438999999999996,13.304347826086957,6
EPL,2324,2023-11-04 Burnley-Crystal Palace,1,2023,21996,2023-11-04 15:00:00,92,78,Burnley,Crystal Palace,CRY,BUR,0,1.3784999999999998,0,1.4998,1.4998,0.06326999999999994,8.0,9,3,1.3142999999999998,2,1.43653,1.43653,-0.06326999999999994,25.357142857142858,2
EPL,2324,2023-11-04 Everton-Brighton,1,2023,21997,2023-11-04 15:00:00,72,220,Everton,Brighton,BRI,EVE,1,1.4921,1,0.617607,0.617607,0.175118,41.07692307692308,0,1,1.064,1,0.442489,0.442489,-0.175118,9.333333333333334,11
EPL,2324,2023-11-04 Fulham-Manchester United,1,2023,21998,2023-11-04 12:30:00,228,89,Fulham,Manchester United,MUN,FLH,0,1.7575,0,1.18241,1.18241,0.48531499999999994,16.933333333333334,3,3,0.9259,1,0.697095,0.697095,-0.48531499999999994,8.363636363636363,7
EPL,2324,2023-11-04 Manchester City-Bournemouth,1,2023,22000,2023-11-04 15:00:00,88,73,Manchester City,Bournemouth,BOU,MCI,3,2.5352,6,2.39949,2.39949,1.7563630000000001,21.5,18,0,0.3185,1,0.643127,0.643127,-1.7563630000000001,29.076923076923077,6
EPL,2324,2023-11-04 Newcastle United-Arsenal,1,2023,22001,2023-11-04 17:30:00,86,83,Newcastle United,Arsenal,ARS,NEW,3,2.0353,1,1.12355,1.12355,0.5880770000000001,8.125,4,0,0.6604,0,0.535473,0.535473,-0.5880770000000001,8.95,7
EPL,2324,2023-11-04 Sheffield United-Wolverhampton Wanderers,1,2023,22003,2023-11-04 15:00:00,238,229,Sheffield United,Wolverhampton Wanderers,WOL,SHE,3,1.276,2,1.10165,0.340518,-0.8075120000000001,9.6875,3,0,1.3507,1,1.14803,1.14803,0.8075120000000001,24.0,4
EPL,2324,2023-11-05 Luton-Liverpool,1,2023,21999,2023-11-05 16:30:00,256,87,Luton,Liverpool,LIV,LUT,1,0.3685,1,1.3411,1.3411,-1.69815,21.705882352941178,1,1,2.4793,1,3.03925,3.03925,1.69815,3.769230769230769,14
EPL,2324,2023-11-05 Nottingham Forest-Aston Villa,1,2023,22002,2023-11-05 14:00:00,249,71,Nottingham Forest,Aston Villa,AVL,NOT,3,0.7351000000000001,2,0.592447,0.592447,-0.738713,27.166666666666668,3,0,1.9666000000000001,0,1.33116,1.33116,0.738713,7.2105263157894735,23
EPL,2324,2023-11-06 Tottenham-Chelsea,1,2023,22004,2023-11-06 20:00:00,82,80,Tottenham,Chelsea,CHE,TOT,0,0.0611,1,0.959108,0.959108,-2.3383819999999997,10.0,4,3,2.906,4,4.05865,3.29749,2.3383819999999997,5.5,8
EPL,2324,2023-11-11 Arsenal-Burnley,1,2023,22006,2023-11-11 15:00:00,83,92,Arsenal,Burnley,BUR,ARS,3,2.9047,3,2.63194,2.63194,2.304234,9.842105263157896,14,0,0.0538,1,0.327706,0.327706,-2.304234,19.692307692307693,2
EPL,2324,2023-11-11 Bournemouth-Newcastle United,1,2023,22005,2023-11-11 17:30:00,73,86,Bournemouth,Newcastle United,NEW,BOU,3,2.8638999999999997,2,2.78424,2.78424,2.4780990000000003,9.555555555555555,7,0,0.0844,0,0.306141,0.306141,-2.4780990000000003,23.1,3
EPL,2324,2023-11-11 Crystal Palace-Everton,1,2023,22010,2023-11-11 15:00:00,78,72,Crystal Palace,Everton,EVE,CRY,0,1.4296,2,1.89194,1.13077,-0.6596299999999999,6.2,10,3,1.2817,3,1.7904,1.7904,0.6596299999999999,14.48,8
EPL,2324,2023-11-11 Manchester United-Luton,1,2023,22012,2023-11-11 15:00:00,89,256,Manchester United,Luton,LUT,MUN,3,2.8168,1,2.74105,2.74105,2.332785,8.19047619047619,10,0,0.11710000000000001,0,0.408265,0.408265,-2.332785,20.307692307692307,4
EPL,2324,2023-11-11 Wolverhampton Wanderers-Tottenham,1,2023,22014,2023-11-11 12:30:00,229,82,Wolverhampton Wanderers,Tottenham,TOT,WOL,3,2.4936000000000003,2,1.90884,1.90884,1.476525,10.297297297297296,6,0,0.3342,1,0.432315,0.432315,-1.476525,8.827586206896552,5
EPL,2324,2023-11-12 Aston Villa-Fulham,1,2023,22007,2023-11-12 14:00:00,71,228,Aston Villa,Fulham,FLH,AVL,3,2.8323,3,2.86039,2.86039,2.2116450000000003,16.444444444444443,8,0,0.1035,1,0.648745,0.648745,-2.2116450000000003,9.457142857142857,2
EPL,2324,2023-11-12 Brighton-Sheffield United,1,2023,22008,2023-11-12 14:00:00,220,238,Brighton,Sheffield United,SHE,BRI,1,1.5529,1,1.08601,1.08601,0.24166999999999994,12.5625,4,1,1.1143,1,0.84434,0.84434,-0.24166999999999994,12.515151515151516,13
EPL,2324,2023-11-12 Chelsea-Manchester City,1,2023,22009,2023-11-12 16:30:00,80,88,Chelsea,Manchester City,MCI,CHE,1,1.5861,4,3.47238,2.71121,0.2791299999999999,17.875,4,1,1.1928,4,3.19324,2.43208,-0.2791299999999999,12.208333333333334,17
EPL,2324,2023-11-12 Liverpool-Brentford,1,2023,22011,2023-11-12 14:00:00,87,244,Liverpool,Brentford,BRE,LIV,3,1.4565000000000001,3,1.56004,1.56004,0.11050000000000004,6.592592592592593,11,0,1.2795,0,1.44954,1.44954,-0.11050000000000004,10.590909090909092,8
EPL,2324,2023-11-12 West Ham-Nottingham Forest,1,2023,22013,2023-11-12 14:00:00,81,249,West Ham,Nottingham Forest,NOT,WHU,3,1.8349000000000002,3,2.06402,2.06402,0.6427400000000001,15.8125,5,0,0.9196,2,1.42128,1.42128,-0.6427400000000001,18.88235294117647,4
EPL,2324,2023-11-25 Brentford-Arsenal,1,2023,22015,2023-11-25 17:30:00,244,83,Brentford,Arsenal,ARS,BRE,0,1.2753999999999999,0,1.66315,1.66315,-0.16383999999999999,8.523809523809524,4,3,1.4506000000000001,1,1.82699,1.82699,0.16383999999999999,7.666666666666667,4
EPL,2324,2023-11-25 Burnley-West Ham,1,2023,22016,2023-11-25 15:00:00,92,81,Burnley,West Ham,WHU,BUR,0,1.4204,1,1.44228,0.681108,-0.6885219999999999,10.72,2,3,1.2716,2,1.36963,1.36963,0.6885219999999999,22.857142857142858,2
EPL,2324,2023-11-25 Luton-Crystal Palace,1,2023,22019,2023-11-25 15:00:00,256,78,Luton,Crystal Palace,CRY,LUT,3,0.7188,2,0.996153,0.996153,-0.8393070000000001,13.130434782608695,4,0,2.0235,1,1.83546,1.83546,0.8393070000000001,6.461538461538462,10
EPL,2324,2023-11-25 Manchester City-Liverpool,1,2023,22020,2023-11-25 12:30:00,88,87,Manchester City,Liverpool,LIV,MCI,1,2.166,1,1.79622,1.79622,1.029942,11.714285714285714,11,1,0.6095999999999999,1,0.766278,0.766278,-1.029942,23.0,6
EPL,2324,2023-11-25 Newcastle United-Chelsea,1,2023,22021,2023-11-25 15:00:00,86,80,Newcastle United,Chelsea,CHE,NEW,3,2.247,4,2.15227,2.15227,1.184209,9.444444444444445,7,0,0.5604,1,0.968061,0.968061,-1.184209,9.74074074074074,6
EPL,2324,2023-11-25 Nottingham Forest-Brighton,1,2023,22022,2023-11-25 15:00:00,249,220,Nottingham Forest,Brighton,BRI,NOT,0,2.1404,2,2.22655,1.46538,1.0085579999999998,26.0,12,3,0.6338,3,1.21792,0.456822,-1.0085579999999998,17.571428571428573,9
EPL,2324,2023-11-25 Sheffield United-Bournemouth,1,2023,22023,2023-11-25 15:00:00,238,73,Sheffield United,Bournemouth,BOU,SHE,0,0.2165,1,0.816227,0.816227,-2.323523,10.576923076923077,7,3,2.6885000000000003,3,3.13975,3.13975,2.323523,17.545454545454547,7
EPL,2324,2023-11-26 Everton-Manchester United,1,2023,22017,2023-11-26 16:30:00,72,89,Everton,Manchester United,MUN,EVE,0,1.6502,0,2.49764,2.49764,1.1854600000000002,10.458333333333334,10,3,1.0874000000000001,3,2.07334,1.31218,-1.1854600000000002,13.75,6
EPL,2324,2023-11-26 Tottenham-Aston Villa,1,2023,22024,2023-11-26 14:00:00,82,71,Tottenham,Aston Villa,AVL,TOT,0,1.2487,1,2.22542,2.22542,-0.17212999999999967,9.375,18,3,1.5025,2,2.39755,2.39755,0.17212999999999967,18.6,5
EPL,2324,2023-11-27 Fulham-Wolverhampton Wanderers,1,2023,22018,2023-11-27 20:00:00,228,229,Fulham,Wolverhampton Wanderers,WOL,FLH,3,2.1248,3,2.49057,0.968233,0.15065499999999998,8.548387096774194,12,0,0.6443,2,1.57875,0.817578,-0.15065499999999998,34.63636363636363,4
EPL,2324,2023-12-02 Arsenal-Wolverhampton Wanderers,1,2023,22026,2023-12-02 15:00:00,83,229,Arsenal,Wolverhampton Wanderers,WOL,ARS,3,2.6851999999999996,2,3.30368,3.30368,2.2248200000000002,8.625,16,0,0.2162,1,1.07886,1.07886,-2.2248200000000002,17.058823529411764,1
EPL,2324,2023-12-02 Brentford-Luton,1,2023,22027,2023-12-02 15:00:00,244,256,Brentford,Luton,LUT,BRE,3,2.9280999999999997,3,3.25952,3.25952,3.032344,4.862068965517241,4,0,0.0421,1,0.227176,0.227176,-3.032344,30.0,3
EPL,2324,2023-12-02 Burnley-Sheffield United,1,2023,22028,2023-12-02 15:00:00,92,238,Burnley,Sheffield United,SHE,BUR,3,2.6651000000000002,5,2.60469,2.60469,1.9865590000000002,11.411764705882353,13,0,0.2195,0,0.618131,0.618131,-1.9865590000000002,15.277777777777779,3
EPL,2324,2023-12-02 Newcastle United-Manchester United,1,2023,22032,2023-12-02 20:00:00,86,89,Newcastle United,Manchester United,MUN,NEW,3,2.8305,1,2.90191,2.90191,2.479236,8.5,17,0,0.10619999999999999,0,0.422674,0.422674,-2.479236,15.666666666666666,2
EPL,2324,2023-12-02 Nottingham Forest-Everton,1,2023,22033,2023-12-02 17:30:00,249,72,Nottingham Forest,Everton,EVE,NOT,0,1.3384,0,0.673085,0.673085,0.049296000000000006,9.0625,6,3,1.2589,1,0.623789,0.623789,-0.049296000000000006,13.0,7
EPL,2324,2023-12-03 Bournemouth-Aston Villa,1,2023,22025,2023-12-03 14:00:00,73,71,Bournemouth,Aston Villa,AVL,BOU,1,2.5224,2,2.54937,2.54937,1.6542600000000003,7.735294117647059,10,1,0.3336,2,0.89511,0.89511,-1.6542600000000003,4.75,3
EPL,2324,2023-12-03 Chelsea-Brighton,1,2023,22029,2023-12-03 14:00:00,80,220,Chelsea,Brighton,BRI,CHE,3,2.0982,3,1.66304,0.901874,0.04681599999999997,22.4375,8,0,0.6573,2,0.855058,0.855058,-0.04681599999999997,7.083333333333333,13
EPL,2324,2023-12-03 Liverpool-Fulham,1,2023,22030,2023-12-03 14:00:00,87,228,Liverpool,Fulham,FLH,LIV,3,2.1870999999999996,4,2.72831,2.72831,1.2182600000000001,8.347826086956522,17,0,0.6202,3,1.51005,1.51005,-1.2182600000000001,14.291666666666666,5
EPL,2324,2023-12-03 Manchester City-Tottenham,1,2023,22031,2023-12-03 16:30:00,88,82,Manchester City,Tottenham,TOT,MCI,1,2.7992,3,2.90729,2.90729,2.474213,14.130434782608695,12,1,0.12890000000000001,3,0.433077,0.433077,-2.474213,21.692307692307693,3
EPL,2324,2023-12-03 West Ham-Crystal Palace,1,2023,22034,2023-12-03 14:00:00,81,78,West Ham,Crystal Palace,CRY,WHU,1,1.4552,1,1.1466,1.1466,0.15891800000000011,9.916666666666666,5,1,1.2161,1,0.987682,0.987682,-0.15891800000000011,14.863636363636363,7
EPL,2324,2023-12-05 Luton-Arsenal,1,2023,22039,2023-12-05 20:15:00,256,83,Luton,Arsenal,ARS,LUT,0,0.19290000000000002,3,0.526254,0.526254,-2.061896,15.521739130434783,0,3,2.7039,4,2.58815,2.58815,2.061896,6.08,19
EPL,2324,2023-12-05 Wolverhampton Wanderers-Burnley,1,2023,22042,2023-12-05 19:30:00,229,92,Wolverhampton Wanderers,Burnley,BUR,WOL,3,1.6513,1,1.11886,1.11886,0.337318,11.368421052631579,4,0,1.0087,0,0.781542,0.781542,-0.337318,11.56,2
EPL,2324,2023-12-06 Aston Villa-Manchester City,1,2023,22035,2023-12-06 20:15:00,71,88,Aston Villa,Manchester City,MCI,AVL,3,2.289,1,2.1922,2.1922,1.19022,13.73913043478261,9,0,0.4863,0,1.00198,1.00198,-1.19022,9.035714285714286,8
EPL,2324,2023-12-06 Brighton-Brentford,1,2023,22036,2023-12-06 19:30:00,220,244,Brighton,Brentford,BRE,BRI,3,1.5910000000000002,2,1.54099,1.54099,1.0820910000000001,8.958333333333334,19,0,1.0969,1,1.22007,0.458899,-1.0820910000000001,11.461538461538462,2
EPL,2324,2023-12-06 Crystal Palace-Bournemouth,1,2023,22043,2023-12-06 19:30:00,78,73,Crystal Palace,Bournemouth,BOU,CRY,0,0.9216,0,1.26441,1.26441,-0.53556,7.565217391304348,9,3,1.8231,2,1.79997,1.79997,0.53556,9.419354838709678,7
EPL,2324,2023-12-06 Fulham-Nottingham Forest,1,2023,22038,2023-12-06 19:30:00,228,249,Fulham,Nottingham Forest,NOT,FLH,3,2.9511,5,3.09427,3.09427,2.8756109999999997,10.91304347826087,14,0,0.0285,0,0.218659,0.218659,-2.8756109999999997,20.842105263157894,0
EPL,2324,2023-12-06 Manchester United-Chelsea,1,2023,22044,2023-12-06 20:15:00,89,80,Manchester United,Chelsea,CHE,MUN,3,2.348,2,4.03949,3.26308,0.91188,14.73913043478261,8,0,0.5054000000000001,1,2.3512,2.3512,-0.91188,11.222222222222221,6
EPL,2324,2023-12-06 Sheffield United-Liverpool,1,2023,22040,2023-12-06 19:30:00,238,87,Sheffield United,Liverpool,LIV,SHE,0,0.6531,0,0.834172,0.834172,-0.9669880000000001,25.928571428571427,2,3,2.1129,2,1.80116,1.80116,0.9669880000000001,3.1666666666666665,14
EPL,2324,2023-12-07 Everton-Newcastle United,1,2023,22037,2023-12-07 19:30:00,72,86,Everton,Newcastle United,NEW,EVE,3,2.4166,3,2.95393,2.95393,1.6582900000000003,9.0,13,0,0.43000000000000005,0,1.29564,1.29564,-1.6582900000000003,12.083333333333334,4
EPL,2324,2023-12-07 Tottenham-West Ham,1,2023,22041,2023-12-07 20:15:00,82,81,Tottenham,West Ham,WHU,TOT,0,1.2491999999999999,1,1.61268,1.61268,-0.12822,4.206896551724138,24,3,1.4973,2,1.7409,1.7409,0.12822,18.470588235294116,1
EPL,2324,2023-12-09 Aston Villa-Arsenal,1,2023,22045,2023-12-09 17:30:00,71,83,Aston Villa,Arsenal,ARS,AVL,3,0.5097,1,0.628499,0.628499,-1.088171,9.620689655172415,3,0,2.2739999999999996,0,1.71667,1.71667,1.088171,5.346153846153846,10
EPL,2324,2023-12-09 Brighton-Burnley,1,2023,22046,2023-12-09 15:00:00,220,92,Brighton,Burnley,BUR,BRI,1,2.5833999999999997,1,2.96247,2.96247,1.9108500000000002,7.619047619047619,22,1,0.2899,1,1.05162,1.05162,-1.9108500000000002,29.214285714285715,4
EPL,2324,2023-12-09 Crystal Palace-Liverpool,1,2023,22047,2023-12-09 12:30:00,78,87,Crystal Palace,Liverpool,LIV,CRY,0,1.7298,1,1.79152,1.03036,-0.3404400000000001,16.0,4,3,0.9942,2,1.3708,1.3708,0.3404400000000001,3.1904761904761907,15
EPL,2324,2023-12-09 Manchester United-Bournemouth,1,2023,22051,2023-12-09 15:00:00,89,73,Manchester United,Bournemouth,BOU,MUN,0,0.6859,0,1.11296,1.11296,-0.86124,6.409090909090909,15,3,2.0899,3,1.9742,1.9742,0.86124,13.916666666666666,6
EPL,2324,2023-12-09 Sheffield United-Brentford,1,2023,22052,2023-12-09 15:00:00,238,244,Sheffield United,Brentford,BRE,SHE,3,1.5383,1,0.841976,0.841976,0.1973379999999999,12.181818181818182,6,0,1.0960999999999999,0,0.644638,0.644638,-0.1973379999999999,7.35,7
EPL,2324,2023-12-09 Wolverhampton Wanderers-Nottingham Forest,1,2023,22054,2023-12-09 15:00:00,229,249,Wolverhampton Wanderers,Nottingham Forest,NOT,WOL,1,1.1472000000000002,1,1.02199,1.02199,-0.19602000000000008,8.777777777777779,4,1,1.5291000000000001,1,1.21801,1.21801,0.19602000000000008,18.857142857142858,5
EPL,2324,2023-12-10 Everton-Chelsea,1,2023,22048,2023-12-10 14:00:00,72,80,Everton,Chelsea,CHE,EVE,3,1.6020999999999999,2,1.11437,1.11437,0.22885800000000012,14.535714285714286,3,0,1.0693000000000001,0,0.885512,0.885512,-0.22885800000000012,4.48,9
EPL,2324,2023-12-10 Fulham-West Ham,1,2023,22049,2023-12-10 14:00:00,228,81,Fulham,West Ham,WHU,FLH,3,2.2481999999999998,5,2.1884,2.1884,1.2054,18.6,10,0,0.5613,0,0.983,0.983,-1.2054,20.208333333333332,5
EPL,2324,2023-12-10 Luton-Manchester City,1,2023,22050,2023-12-10 14:00:00,256,88,Luton,Manchester City,MCI,LUT,0,0.33999999999999997,1,0.689037,0.689037,-1.5444930000000001,10.607142857142858,4,3,2.482,2,2.23353,2.23353,1.5444930000000001,9.5625,9
EPL,2324,2023-12-10 Tottenham-Newcastle United,1,2023,22053,2023-12-10 16:30:00,82,86,Tottenham,Newcastle United,NEW,TOT,3,2.7586,4,4.40118,3.64001,2.02633,7.3,12,0,0.1711,1,1.61368,1.61368,-2.02633,8.5,9
EPL,2324,2023-12-15 Nottingham Forest-Tottenham,1,2023,22063,2023-12-15 20:00:00,249,82,Nottingham Forest,Tottenham,TOT,NOT,0,1.4316,0,1.70569,1.70569,0.0983099999999999,10.857142857142858,8,3,1.3101,2,1.60738,1.60738,-0.0983099999999999,7.0,10
EPL,2324,2023-12-16 Burnley-Everton,1,2023,22058,2023-12-16 17:30:00,92,72,Burnley,Everton,EVE,BUR,0,0.4071,0,0.811435,0.811435,-1.4116150000000003,12.285714285714286,10,3,2.4318,2,2.22305,2.22305,1.4116150000000003,22.928571428571427,7
EPL,2324,2023-12-16 Chelsea-Sheffield United,1,2023,22059,2023-12-16 15:00:00,80,238,Chelsea,Sheffield United,SHE,CHE,3,2.913,2,3.27322,3.27322,2.83308,3.740740740740741,13,0,0.0555,0,0.44014,0.44014,-2.83308,21.40909090909091,3
EPL,2324,2023-12-16 Manchester City-Crystal Palace,1,2023,22061,2023-12-16 15:00:00,88,78,Manchester City,Crystal Palace,CRY,MCI,1,1.9129999999999998,2,2.41646,2.41646,1.5278559999999999,7.6,5,1,0.8381,2,1.64977,0.888604,-1.5278559999999999,31.9,4
EPL,2324,2023-12-16 Newcastle United-Fulham,1,2023,22062,2023-12-16 15:00:00,86,228,Newcastle United,Fulham,FLH,NEW,3,2.9789,3,4.27933,4.27933,3.8082879999999997,8.11111111111111,23,0,0.012199999999999999,0,0.471042,0.471042,-3.8082879999999997,30.09090909090909,4
EPL,2324,2023-12-17 Arsenal-Brighton,1,2023,22056,2023-12-17 14:00:00,83,220,Arsenal,Brighton,BRI,ARS,3,2.6481999999999997,2,2.76976,2.76976,2.106706,13.76,19,0,0.2353,0,0.663054,0.663054,-2.106706,19.416666666666668,3
EPL,2324,2023-12-17 Brentford-Aston Villa,1,2023,22057,2023-12-17 14:00:00,244,71,Brentford,Aston Villa,AVL,BRE,0,0.8138000000000001,1,0.796812,0.796812,-0.669588,5.205128205128205,4,3,1.9046000000000003,2,1.4664,1.4664,0.669588,6.333333333333333,13
EPL,2324,2023-12-17 Liverpool-Manchester United,1,2023,22060,2023-12-17 16:30:00,87,89,Liverpool,Manchester United,MUN,LIV,1,2.3368,0,1.97111,1.97111,1.3383949999999998,5.178571428571429,12,1,0.4708,0,0.632715,0.632715,-1.3383949999999998,23.384615384615383,7
EPL,2324,2023-12-17 West Ham-Wolverhampton Wanderers,1,2023,22064,2023-12-17 14:00:00,81,229,West Ham,Wolverhampton Wanderers,WOL,WHU,3,1.7898,3,1.03828,1.03828,0.4820740000000001,11.56,4,0,0.8795999999999999,0,0.556206,0.556206,-0.4820740000000001,8.037037037037036,9
EPL,2324,2023-12-21 Crystal Palace-Brighton,1,2023,22066,2023-12-21 20:00:00,78,220,Crystal Palace,Brighton,BRI,CRY,1,1.6280999999999999,1,1.65409,1.65409,0.31756000000000006,35.07692307692308,9,1,1.1088,1,1.33653,1.33653,-0.31756000000000006,7.6,14
EPL,2324,2023-12-22 Aston Villa-Sheffield United,1,2023,22065,2023-12-22 20:00:00,71,238,Aston Villa,Sheffield United,SHE,AVL,1,1.8315,1,1.21861,1.21861,0.5724509999999999,4.333333333333333,10,1,0.8372999999999999,1,0.646159,0.646159,-0.5724509999999999,15.636363636363637,2
EPL,2324,2023-12-23 Fulham-Burnley,1,2023,22067,2023-12-23 15:00:00,228,92,Fulham,Burnley,BUR,FLH,0,2.1710000000000003,0,1.38096,1.38096,0.9638199999999999,11.9375,12,3,0.5669,2,0.41714,0.41714,-0.9638199999999999,11.848484848484848,2
EPL,2324,2023-12-23 Liverpool-Arsenal,1,2023,22068,2023-12-23 17:30:00,87,83,Liverpool,Arsenal,ARS,LIV,1,1.4647999999999999,1,0.982901,0.982901,0.13122,7.303030303030303,7,1,1.2014,1,0.851681,0.851681,-0.13122,12.857142857142858,5
EPL,2324,2023-12-23 Luton-Newcastle United,1,2023,22069,2023-12-23 15:00:00,256,86,Luton,Newcastle United,NEW,LUT,3,1.7094,1,1.81844,1.81844,0.40356000000000014,11.107142857142858,2,0,1.0398,0,1.41488,1.41488,-0.40356000000000014,5.318181818181818,16
EPL,2324,2023-12-23 Nottingham Forest-Bournemouth,1,2023,22070,2023-12-23 15:00:00,249,73,Nottingham Forest,Bournemouth,BOU,NOT,0,0.5982000000000001,2,0.791806,0.791806,-1.098864,12.842105263157896,4,3,2.1945,3,1.89067,1.89067,1.098864,3.923076923076923,7
EPL,2324,2023-12-23 Tottenham-Everton,1,2023,22071,2023-12-23 15:00:00,82,72,Tottenham,Everton,EVE,TOT,3,1.0991,2,1.57527,1.57527,-0.40857999999999994,7.681818181818182,10,0,1.6655,1,1.98385,1.98385,0.40857999999999994,8.636363636363637,11
EPL,2324,2023-12-23 West Ham-Manchester United,1,2023,22072,2023-12-23 12:30:00,81,89,West Ham,Manchester United,MUN,WHU,3,2.0373,2,1.51468,1.51468,0.784184,16.61904761904762,4,0,0.7029,0,0.730496,0.730496,-0.784184,6.12,7
EPL,2324,2023-12-24 Wolverhampton Wanderers-Chelsea,1,2023,22073,2023-12-24 13:00:00,229,80,Wolverhampton Wanderers,Chelsea,CHE,WOL,3,1.3435,2,1.74626,1.74626,-0.00821000000000005,11.517241379310345,6,0,1.3939,1,1.75447,1.75447,0.00821000000000005,6.705882352941177,19
EPL,2324,2023-12-26 Bournemouth-Fulham,1,2023,22075,2023-12-26 15:00:00,73,228,Bournemouth,Fulham,FLH,BOU,3,2.6859,3,2.07911,1.31795,0.9935849999999999,10.964285714285714,9,0,0.1947,0,0.324365,0.324365,-0.9935849999999999,8.206896551724139,9
EPL,2324,2023-12-26 Burnley-Liverpool,1,2023,22079,2023-12-26 17:30:00,92,87,Burnley,Liverpool,LIV,BUR,0,0.8607,0,0.972389,0.972389,-0.712121,15.6,3,3,1.8768,2,1.68451,1.68451,0.712121,9.2,18
EPL,2324,2023-12-26 Manchester United-Aston Villa,1,2023,22082,2023-12-26 20:00:00,89,71,Manchester United,Aston Villa,AVL,MUN,3,0.8528,3,1.20104,1.20104,-0.63533,7.444444444444445,4,0,1.8899,2,1.83637,1.83637,0.63533,15.214285714285714,12
EPL,2324,2023-12-26 Newcastle United-Nottingham Forest,1,2023,22083,2023-12-26 12:30:00,86,249,Newcastle United,Nottingham Forest,NOT,NEW,0,1.1520000000000001,1,2.79106,2.02989,-1.0775100000000002,6.933333333333334,18,3,1.6152000000000002,3,3.1074,3.1074,1.0775100000000002,12.75,4
EPL,2324,2023-12-26 Sheffield United-Luton,1,2023,22084,2023-12-26 15:00:00,238,256,Sheffield United,Luton,LUT,SHE,0,2.8706,2,3.61788,3.61788,2.902305,7.48,7,3,0.0854,3,0.715575,0.715575,-2.902305,7.428571428571429,3
EPL,2324,2023-12-27 Brentford-Wolverhampton Wanderers,1,2023,22077,2023-12-27 19:30:00,244,229,Brentford,Wolverhampton Wanderers,WOL,BRE,0,1.8538,1,2.59347,2.59347,0.6986399999999999,10.476190476190476,15,3,0.9208000000000001,4,1.89483,1.89483,-0.6986399999999999,13.545454545454545,7
EPL,2324,2023-12-27 Chelsea-Crystal Palace,1,2023,22080,2023-12-27 19:30:00,80,78,Chelsea,Crystal Palace,CRY,CHE,3,2.5584,2,2.73005,1.96888,1.0108030000000001,7.291666666666667,8,0,0.3066,1,0.958077,0.958077,-1.0108030000000001,12.870967741935484,6
EPL,2324,2023-12-27 Everton-Manchester City,1,2023,22081,2023-12-27 20:15:00,72,88,Everton,Manchester City,MCI,EVE,0,0.6325000000000001,1,1.23529,1.23529,-0.28675000000000006,22.130434782608695,3,3,2.1493,3,2.28321,1.52204,0.28675000000000006,11.76923076923077,9
EPL,2324,2023-12-28 Arsenal-West Ham,1,2023,22076,2023-12-28 20:15:00,83,81,Arsenal,West Ham,WHU,ARS,0,2.1643,0,2.7884,2.7884,1.9524590000000002,5.230769230769231,27,3,0.6319,2,1.59711,0.835941,-1.9524590000000002,33.55555555555556,1
EPL,2324,2023-12-28 Brighton-Tottenham,1,2023,22078,2023-12-28 19:30:00,220,82,Brighton,Tottenham,TOT,BRI,3,2.4309000000000003,4,3.84702,2.32468,0.25512999999999986,8.030303030303031,5,0,0.43920000000000003,2,2.06955,2.06955,-0.25512999999999986,12.409090909090908,28
EPL,2324,2023-12-30 Aston Villa-Burnley,1,2023,22085,2023-12-30 15:00:00,71,92,Aston Villa,Burnley,BUR,AVL,3,2.5507999999999997,3,2.92587,2.1647,1.04547,8.333333333333334,16,0,0.3182,2,1.11923,1.11923,-1.04547,19.071428571428573,2
EPL,2324,2023-12-30 Crystal Palace-Brentford,1,2023,22086,2023-12-30 15:00:00,78,244,Crystal Palace,Brentford,BRE,CRY,3,1.5959999999999999,3,1.61057,1.61057,0.3232600000000001,9.142857142857142,13,0,1.1175000000000002,1,1.28731,1.28731,-0.3232600000000001,9.3,6
EPL,2324,2023-12-30 Luton-Chelsea,1,2023,22089,2023-12-30 12:30:00,256,80,Luton,Chelsea,CHE,LUT,0,2.1866,2,2.64093,2.64093,1.0663,7.71875,5,3,0.6053,3,1.57463,1.57463,-1.0663,8.88,4
EPL,2324,2023-12-30 Manchester City-Sheffield United,1,2023,22090,2023-12-30 15:00:00,88,238,Manchester City,Sheffield United,SHE,MCI,3,2.8184,2,2.24229,2.24229,1.979079,9.571428571428571,12,0,0.1055,0,0.263211,0.263211,-1.979079,116.75,1
EPL,2324,2023-12-30 Nottingham Forest-Manchester United,1,2023,22091,2023-12-30 17:30:00,249,89,Nottingham Forest,Manchester United,MUN,NOT,3,1.4113,2,0.744348,0.744348,0.09244300000000005,15.333333333333334,7,0,1.207,1,0.651905,0.651905,-0.09244300000000005,13.125,9
EPL,2324,2023-12-30 Wolverhampton Wanderers-Everton,1,2023,22094,2023-12-30 15:00:00,229,72,Wolverhampton Wanderers,Everton,EVE,WOL,3,2.8174,3,2.64477,2.64477,2.125129,10.818181818181818,10,0,0.1132,0,0.519641,0.519641,-2.125129,8.25,3
EPL,2324,2023-12-31 Fulham-Arsenal,1,2023,22087,2023-12-31 14:00:00,228,83,Fulham,Arsenal,ARS,FLH,3,1.2496,2,1.52829,1.52829,-0.1308100000000001,21.88235294117647,5,0,1.4644,1,1.6591,1.6591,0.1308100000000001,12.15,5
EPL,2324,2023-12-31 Tottenham-Bournemouth,1,2023,22092,2023-12-31 14:00:00,82,73,Tottenham,Bournemouth,BOU,TOT,3,1.7818,3,2.15027,2.15027,0.5679799999999999,10.65,13,0,0.9894999999999999,1,1.58229,1.58229,-0.5679799999999999,5.95,15
EPL,2324,2024-01-01 Liverpool-Newcastle United,1,2023,22088,2024-01-01 19:00:00,87,86,Liverpool,Newcastle United,NEW,LIV,3,2.9958,4,6.67151,5.02355,4.112576000000001,4.825,16,0,0.0027,2,0.910974,0.910974,-4.112576000000001,14.947368421052632,4
EPL,2324,2024-01-02 West Ham-Brighton,1,2023,22093,2024-01-02 18:30:00,81,220,West Ham,Brighton,BRI,WHU,1,0.5831999999999999,0,0.9831,0.9831,-1.1721,37.69230769230769,4,1,2.1981,0,2.1552,2.1552,1.1721,10.19047619047619,17
EPL,2324,2024-01-12 Burnley-Luton,1,2023,22096,2024-01-12 19:45:00,92,256,Burnley,Luton,LUT,BUR,1,1.8155000000000001,1,1.52023,1.52023,0.555063,19.0625,5,1,0.911,1,0.965167,0.965167,-0.555063,6.666666666666667,7
EPL,2324,2024-01-13 Chelsea-Fulham,1,2023,22097,2024-01-13 12:30:00,80,228,Chelsea,Fulham,FLH,CHE,3,2.4154000000000004,1,2.0456,1.28443,0.586583,8.37037037037037,15,0,0.40900000000000003,0,0.697847,0.697847,-0.586583,10.72,10
EPL,2324,2024-01-13 Newcastle United-Manchester City,1,2023,22100,2024-01-13 17:30:00,86,88,Newcastle United,Manchester City,MCI,NEW,0,0.5402,2,1.23638,1.23638,-1.31814,17.1875,6,3,2.2802000000000002,3,2.55452,2.55452,1.31814,9.235294117647058,25
EPL,2324,2024-01-14 Everton-Aston Villa,1,2023,22098,2024-01-14 14:00:00,72,71,Everton,Aston Villa,AVL,EVE,1,1.1201999999999999,0,1.03664,1.03664,-0.3068599999999999,8.944444444444445,3,1,1.5753,0,1.3435,1.3435,0.3068599999999999,7.923076923076923,12
EPL,2324,2024-01-14 Manchester United-Tottenham,1,2023,22099,2024-01-14 16:30:00,89,82,Manchester United,Tottenham,TOT,MUN,1,1.0110000000000001,2,0.923233,0.923233,-0.3890070000000001,19.36842105263158,6,1,1.6833,2,1.31224,1.31224,0.3890070000000001,6.5,3
EPL,2324,2024-01-20 Arsenal-Crystal Palace,1,2023,22103,2024-01-20 12:30:00,83,78,Arsenal,Crystal Palace,CRY,ARS,3,2.9299999999999997,5,3.52167,3.52167,3.233587,9.772727272727273,18,0,0.041,0,0.288083,0.288083,-3.233587,20.25,0
EPL,2324,2024-01-20 Brentford-Nottingham Forest,1,2023,22104,2024-01-20 17:30:00,244,249,Brentford,Nottingham Forest,NOT,BRE,3,1.9264000000000001,3,1.94219,1.94219,0.7196800000000001,8.0,4,0,0.8308000000000001,2,1.22251,1.22251,-0.7196800000000001,13.0,9
EPL,2324,2024-01-21 Bournemouth-Liverpool,1,2023,22102,2024-01-21 16:30:00,73,87,Bournemouth,Liverpool,LIV,BOU,0,0.7769999999999999,0,0.834585,0.834585,-0.6988549999999999,10.035714285714286,10,3,1.9563,4,1.53344,1.53344,0.6988549999999999,4.806451612903226,15
EPL,2324,2024-01-21 Sheffield United-West Ham,1,2023,22101,2024-01-21 14:00:00,238,81,Sheffield United,West Ham,WHU,SHE,1,1.5154999999999998,2,2.61362,1.85245,0.1895199999999999,8.521739130434783,9,1,1.2503,2,2.4241,1.66293,-0.1895199999999999,11.291666666666666,5
EPL,2324,2024-01-22 Brighton-Wolverhampton Wanderers,1,2023,22095,2024-01-22 19:45:00,220,229,Brighton,Wolverhampton Wanderers,WOL,BRI,1,1.5261,0,1.3701,1.3701,0.22894000000000014,8.863636363636363,16,1,1.1415,0,1.14116,1.14116,-0.22894000000000014,25.375,4
EPL,2324,2024-01-30 Aston Villa-Newcastle United,1,2023,22105,2024-01-30 20:15:00,71,86,Aston Villa,Newcastle United,NEW,AVL,0,0.34690000000000004,1,1.44485,1.44485,-1.87755,9.347826086956522,12,3,2.5302999999999995,3,3.3224,3.3224,1.87755,11.0,10
EPL,2324,2024-01-30 Crystal Palace-Sheffield United,1,2023,22112,2024-01-30 20:00:00,78,238,Crystal Palace,Sheffield United,SHE,CRY,3,1.7256,3,1.1601,1.1601,0.3916329999999999,8.96,8,0,0.954,2,0.768467,0.768467,-0.3916329999999999,7.838709677419355,7
EPL,2324,2024-01-30 Fulham-Everton,1,2023,22106,2024-01-30 19:45:00,228,72,Fulham,Everton,EVE,FLH,1,1.1374,0,2.37499,2.37499,-0.45818000000000003,11.9,6,1,1.6492,0,2.83317,2.83317,0.45818000000000003,11.633333333333333,6
EPL,2324,2024-01-30 Luton-Brighton,1,2023,22107,2024-01-30 19:45:00,256,220,Luton,Brighton,BRI,LUT,3,2.8399,4,3.63312,3.63312,2.61946,12.96,5,0,0.1054,0,1.01366,1.01366,-2.61946,7.083333333333333,2
EPL,2324,2024-01-30 Nottingham Forest-Arsenal,1,2023,22108,2024-01-30 19:30:00,249,83,Nottingham Forest,Arsenal,ARS,NOT,0,0.7547,1,0.631618,0.631618,-0.7598119999999999,39.714285714285715,2,3,1.9622000000000002,2,1.39143,1.39143,0.7598119999999999,8.555555555555555,25
EPL,2324,2024-01-31 Liverpool-Chelsea,1,2023,22113,2024-01-31 20:15:00,87,80,Liverpool,Chelsea,CHE,LIV,3,2.9203,4,3.6627,2.90153,2.4235580000000003,10.054054054054054,10,0,0.0496,1,0.477972,0.477972,-2.4235580000000003,19.6,6
EPL,2324,2024-01-31 Manchester City-Burnley,1,2023,22114,2024-01-31 19:30:00,88,92,Manchester City,Burnley,BUR,MCI,3,1.6338000000000001,3,1.84756,1.84756,0.3564200000000002,13.416666666666666,6,0,1.0824,1,1.49114,1.49114,-0.3564200000000002,22.59090909090909,4
EPL,2324,2024-01-31 Tottenham-Brentford,1,2023,22109,2024-01-31 19:30:00,82,244,Tottenham,Brentford,BRE,TOT,3,2.4727,3,3.36194,3.36194,1.76557,5.428571428571429,15,0,0.388,2,1.59637,1.59637,-1.76557,9.454545454545455,13
EPL,2324,2024-02-01 West Ham-Bournemouth,1,2023,22110,2024-02-01 19:30:00,81,73,West Ham,Bournemouth,BOU,WHU,1,1.5501,1,1.3128,0.551632,-0.583238,9.391304347826088,2,1,1.1286,1,1.13487,1.13487,0.583238,8.096774193548388,5
EPL,2324,2024-02-01 Wolverhampton Wanderers-Manchester United,1,2023,22111,2024-02-01 20:15:00,229,89,Wolverhampton Wanderers,Manchester United,MUN,WOL,0,0.773,3,2.27609,1.51492,-1.7120600000000001,15.333333333333334,9,3,2.018,4,3.22698,3.22698,1.7120600000000001,12.571428571428571,9
EPL,2324,2024-02-03 Brighton-Crystal Palace,1,2023,22118,2024-02-03 15:00:00,220,78,Brighton,Crystal Palace,CRY,BRI,3,2.6679,4,1.92591,1.92591,1.684773,9.666666666666666,3,0,0.2031,1,0.241137,0.241137,-1.684773,20.35483870967742,3
EPL,2324,2024-02-03 Burnley-Fulham,1,2023,22119,2024-02-03 15:00:00,92,228,Burnley,Fulham,FLH,BUR,1,1.1366,2,1.00428,1.00428,-0.2837799999999999,15.0,3,1,1.5704,2,1.28806,1.28806,0.2837799999999999,11.1,7
EPL,2324,2024-02-03 Everton-Tottenham,1,2023,22121,2024-02-03 12:30:00,72,82,Everton,Tottenham,TOT,EVE,1,2.8588,2,3.25881,3.25881,2.336439,8.242424242424242,6,1,0.08860000000000001,2,0.922371,0.922371,-2.336439,5.739130434782608,7
EPL,2324,2024-02-03 Newcastle United-Luton,1,2023,22123,2024-02-03 15:00:00,86,256,Newcastle United,Luton,LUT,NEW,1,1.169,4,2.37353,2.37353,0.4600700000000002,6.857142857142857,9,1,1.6034,4,2.67463,1.91346,-0.4600700000000002,7.071428571428571,8
EPL,2324,2024-02-03 Sheffield United-Aston Villa,1,2023,22124,2024-02-03 17:30:00,238,71,Sheffield United,Aston Villa,AVL,SHE,0,0.4546,0,1.52784,1.52784,-1.4623099999999998,24.42105263157895,7,3,2.3755,5,2.99015,2.99015,1.4623099999999998,13.714285714285714,5
EPL,2324,2024-02-04 Arsenal-Liverpool,1,2023,22116,2024-02-04 16:30:00,83,87,Arsenal,Liverpool,LIV,ARS,3,2.7522999999999995,3,2.8526,2.8526,2.310548,9.7,5,0,0.1636,1,0.542052,0.542052,-2.310548,9.619047619047619,2
EPL,2324,2024-02-04 Bournemouth-Nottingham Forest,1,2023,22115,2024-02-04 14:00:00,73,249,Bournemouth,Nottingham Forest,NOT,BOU,1,2.182,1,1.1895,1.1895,0.732952,6.181818181818182,4,1,0.5377000000000001,1,0.456548,0.456548,-0.732952,7.05,6
EPL,2324,2024-02-04 Chelsea-Wolverhampton Wanderers,1,2023,22120,2024-02-04 14:00:00,80,229,Chelsea,Wolverhampton Wanderers,WOL,CHE,0,1.2979,2,2.35967,2.35967,0.6308799999999999,8.76,13,3,1.4731,4,2.48996,1.72879,-0.6308799999999999,17.736842105263158,6
EPL,2324,2024-02-04 Manchester United-West Ham,1,2023,22122,2024-02-04 14:00:00,89,81,Manchester United,West Ham,WHU,MUN,3,1.1898,3,0.96721,0.96721,-0.21349000000000007,8.84,9,0,1.5096,0,1.1807,1.1807,0.21349000000000007,21.714285714285715,3
EPL,2324,2024-02-05 Brentford-Manchester City,1,2023,22117,2024-02-05 20:00:00,244,88,Brentford,Manchester City,MCI,BRE,0,0.5676,1,0.865741,0.865741,-1.2421090000000001,26.0,3,3,2.2386,3,2.10785,2.10785,1.2421090000000001,10.0625,12
EPL,2324,2024-02-10 Fulham-Bournemouth,1,2023,22127,2024-02-10 15:00:00,228,73,Fulham,Bournemouth,BOU,FLH,3,0.8289,3,1.7456,1.7456,-0.8605200000000002,12.61111111111111,8,0,1.9494,1,2.60612,2.60612,0.8605200000000002,7.03125,21
EPL,2324,2024-02-10 Liverpool-Burnley,1,2023,22128,2024-02-10 15:00:00,87,92,Liverpool,Burnley,BUR,LIV,3,2.5408,3,3.14734,3.14734,2.03611,4.62962962962963,15,0,0.3349,1,1.11123,1.11123,-2.03611,17.166666666666668,6
EPL,2324,2024-02-10 Luton-Sheffield United,1,2023,22129,2024-02-10 15:00:00,256,238,Luton,Sheffield United,SHE,LUT,0,1.1653,1,1.76215,1.00099,-0.22066999999999992,4.0,9,3,1.5505,3,1.98283,1.22166,0.22066999999999992,14.944444444444445,4
EPL,2324,2024-02-10 Manchester City-Everton,1,2023,22130,2024-02-10 12:30:00,88,72,Manchester City,Everton,EVE,MCI,3,2.507,2,1.58971,1.58971,1.397638,8.380952380952381,10,0,0.2969,0,0.192072,0.192072,-1.397638,25.823529411764707,1
EPL,2324,2024-02-10 Nottingham Forest-Newcastle United,1,2023,22131,2024-02-10 17:30:00,249,86,Nottingham Forest,Newcastle United,NEW,NOT,0,1.7924,2,0.968075,0.968075,0.4567,26.4375,7,3,0.8567,3,0.511375,0.511375,-0.4567,9.529411764705882,7
EPL,2324,2024-02-10 Tottenham-Brighton,1,2023,22132,2024-02-10 15:00:00,82,220,Tottenham,Brighton,BRI,TOT,3,1.8099,2,2.10928,2.10928,1.3776000000000002,13.636363636363637,13,0,0.9348000000000001,1,1.49285,0.73168,-1.3776000000000002,12.727272727272727,10
EPL,2324,2024-02-10 Wolverhampton Wanderers-Brentford,1,2023,22134,2024-02-10 15:00:00,229,244,Wolverhampton Wanderers,Brentford,BRE,WOL,0,0.7488,0,1.05781,1.05781,-0.7912700000000001,5.7894736842105265,7,3,2.0106,2,1.84908,1.84908,0.7912700000000001,15.85,3
EPL,2324,2024-02-11 Aston Villa-Manchester United,1,2023,22125,2024-02-11 16:30:00,71,89,Aston Villa,Manchester United,MUN,AVL,0,1.5356999999999998,1,2.64675,2.64675,0.2008399999999999,11.85,10,3,1.2387000000000001,2,2.44591,2.44591,-0.2008399999999999,11.75,4
EPL,2324,2024-02-11 West Ham-Arsenal,1,2023,22133,2024-02-11 14:00:00,81,83,West Ham,Arsenal,ARS,WHU,0,0.0163,0,0.191065,0.191065,-3.046695,21.8,1,3,2.9716000000000005,6,3.99893,3.23776,3.046695,6.809523809523809,24
EPL,2324,2024-02-12 Crystal Palace-Chelsea,1,2023,22126,2024-02-12 20:00:00,78,80,Crystal Palace,Chelsea,CHE,CRY,0,0.8548,1,0.719516,0.719516,-0.5499639999999999,21.434782608695652,4,3,1.8511,3,1.26948,1.26948,0.5499639999999999,5.947368421052632,7
EPL,2324,2024-02-17 Brentford-Liverpool,1,2023,22135,2024-02-17 12:30:00,244,87,Brentford,Liverpool,LIV,BRE,0,0.5613,1,1.69518,1.69518,-1.39434,13.6,10,3,2.2674,4,3.08952,3.08952,1.39434,7.363636363636363,11
EPL,2324,2024-02-17 Burnley-Arsenal,1,2023,22136,2024-02-17 15:00:00,92,83,Burnley,Arsenal,ARS,BUR,0,0.1696,0,0.335143,0.335143,-1.109437,22.235294117647058,2,3,2.7253,5,2.20575,1.44458,1.109437,9.210526315789474,15
EPL,2324,2024-02-17 Fulham-Aston Villa,1,2023,22138,2024-02-17 15:00:00,228,71,Fulham,Aston Villa,AVL,FLH,0,1.2357,1,1.41796,1.41796,-0.15500999999999987,12.590909090909092,9,3,1.4988000000000001,2,1.57297,1.57297,0.15500999999999987,25.09090909090909,2
EPL,2324,2024-02-17 Manchester City-Chelsea,1,2023,22140,2024-02-17 17:30:00,88,80,Manchester City,Chelsea,CHE,MCI,1,1.9676,1,2.77713,2.77713,0.9481000000000002,7.375,29,1,0.8375,1,1.82903,1.82903,-0.9481000000000002,17.529411764705884,9
EPL,2324,2024-02-17 Newcastle United-Bournemouth,1,2023,22141,2024-02-17 15:00:00,86,73,Newcastle United,Bournemouth,BOU,NEW,1,1.5887000000000002,2,2.38425,1.62308,-0.45789999999999975,6.529411764705882,9,1,1.1198000000000001,2,2.08098,2.08098,0.45789999999999975,7.0,3
EPL,2324,2024-02-17 Nottingham Forest-West Ham,1,2023,22142,2024-02-17 15:00:00,249,81,Nottingham Forest,West Ham,WHU,NOT,3,2.7223,2,2.66942,2.66942,2.149404,13.8125,9,0,0.1861,0,0.520016,0.520016,-2.149404,8.185185185185185,3
EPL,2324,2024-02-17 Tottenham-Wolverhampton Wanderers,1,2023,22144,2024-02-17 15:00:00,82,229,Tottenham,Wolverhampton Wanderers,WOL,TOT,0,1.2142,1,1.59768,1.59768,-0.1782300000000001,4.964285714285714,19,3,1.5262,2,1.77591,1.77591,0.1782300000000001,15.368421052631579,5
EPL,2324,2024-02-18 Luton-Manchester United,1,2023,22139,2024-02-18 16:30:00,256,89,Luton,Manchester United,MUN,LUT,0,0.3598,1,1.57234,1.57234,-2.01739,11.052631578947368,11,3,2.5207,2,3.58973,3.58973,2.01739,8.517241379310345,9
EPL,2324,2024-02-18 Sheffield United-Brighton,1,2023,22143,2024-02-18 14:00:00,238,220,Sheffield United,Brighton,BRI,SHE,0,0.0842,0,0.586214,0.586214,-2.769276,193.0,3,3,2.8676,5,3.35549,3.35549,2.769276,5.9411764705882355,15
EPL,2324,2024-02-19 Everton-Crystal Palace,1,2023,22137,2024-02-19 20:00:00,72,78,Everton,Crystal Palace,CRY,EVE,1,2.5576000000000003,1,2.44588,2.44588,1.7111949999999998,5.666666666666667,7,1,0.3043,1,0.734685,0.734685,-1.7111949999999998,21.0,5
EPL,2324,2024-02-20 Manchester City-Brentford,1,2023,22074,2024-02-20 18:30:00,88,244,Manchester City,Brentford,BRE,MCI,3,2.6504000000000003,1,2.53766,2.53766,2.033861,12.357142857142858,19,0,0.23420000000000002,0,0.503799,0.503799,-2.033861,17.545454545454547,1
EPL,2324,2024-02-21 Liverpool-Luton,1,2023,22151,2024-02-21 15:00:00,87,256,Liverpool,Luton,LUT,LIV,3,2.7612,4,3.70302,3.70302,2.746508,4.8,16,0,0.1659,1,0.956512,0.956512,-2.746508,12.3,4
EPL,2324,2024-02-24 Arsenal-Newcastle United,1,2023,22146,2024-02-24 20:00:00,83,86,Arsenal,Newcastle United,NEW,ARS,3,2.8573000000000004,4,2.59336,2.59336,2.3759870000000003,9.096774193548388,17,0,0.0844,1,0.217373,0.217373,-2.3759870000000003,26.7,4
EPL,2324,2024-02-24 Aston Villa-Nottingham Forest,1,2023,22147,2024-02-24 15:00:00,71,249,Aston Villa,Nottingham Forest,NOT,AVL,3,2.1908,4,3.48861,3.48861,1.23292,15.266666666666667,16,0,0.6212,2,2.25569,2.25569,-1.23292,13.12,7
EPL,2324,2024-02-24 Bournemouth-Manchester City,1,2023,22145,2024-02-24 17:30:00,73,88,Bournemouth,Manchester City,MCI,BOU,0,0.6524,0,0.925889,0.925889,-0.870471,10.785714285714286,8,3,2.1083,1,1.79636,1.79636,0.870471,13.5,13
EPL,2324,2024-02-24 Brighton-Everton,1,2023,22148,2024-02-24 15:00:00,220,72,Brighton,Everton,EVE,BRI,1,2.4414000000000002,1,1.6538,1.6538,1.3671449999999998,8.222222222222221,9,1,0.357,1,0.286655,0.286655,-1.3671449999999998,17.0,4
EPL,2324,2024-02-24 Crystal Palace-Burnley,1,2023,22150,2024-02-24 15:00:00,78,92,Crystal Palace,Burnley,BUR,CRY,3,2.9090999999999996,3,2.41612,1.65495,1.5789284,8.391304347826088,8,0,0.0489,0,0.0760216,0.0760216,-1.5789284,16.214285714285715,0
EPL,2324,2024-02-24 Manchester United-Fulham,1,2023,22152,2024-02-24 15:00:00,89,228,Manchester United,Fulham,FLH,MUN,0,2.0153,1,1.96036,1.96036,0.82186,10.727272727272727,11,3,0.7538,2,1.1385,1.1385,-0.82186,16.5625,11
EPL,2324,2024-02-25 Wolverhampton Wanderers-Sheffield United,1,2023,22154,2024-02-25 13:30:00,229,238,Wolverhampton Wanderers,Sheffield United,SHE,WOL,3,1.8486999999999998,1,1.21618,1.21618,0.5618380000000001,16.09090909090909,7,0,0.8488,0,0.654342,0.654342,-0.5618380000000001,26.266666666666666,5
EPL,2324,2024-02-26 West Ham-Brentford,1,2023,22153,2024-02-26 20:00:00,81,244,West Ham,Brentford,BRE,WHU,3,1.9592,4,2.06873,2.06873,0.7319,14.3,5,0,0.8093,2,1.33683,1.33683,-0.7319,6.461538461538462,11
EPL,2324,2024-03-02 Brentford-Chelsea,1,2023,22155,2024-03-02 15:00:00,244,80,Brentford,Chelsea,CHE,BRE,1,1.5665000000000002,2,2.4732,2.4732,0.32089999999999996,13.481481481481481,3,1,1.1924000000000001,2,2.1523,2.1523,-0.32089999999999996,5.809523809523809,9
EPL,2324,2024-03-02 Everton-West Ham,1,2023,22157,2024-03-02 15:00:00,72,81,Everton,West Ham,WHU,EVE,0,2.0165,1,3.12075,2.35958,0.18009999999999993,10.68421052631579,9,3,0.7793000000000001,3,2.17948,2.17948,-0.18009999999999993,21.357142857142858,4
EPL,2324,2024-03-02 Fulham-Brighton,1,2023,22158,2024-03-02 15:00:00,228,220,Fulham,Brighton,BRI,FLH,3,1.5447,3,1.37604,1.37604,0.22405999999999993,19.90909090909091,3,0,1.1747999999999998,0,1.15198,1.15198,-0.22405999999999993,6.153846153846154,15
EPL,2324,2024-03-02 Luton-Aston Villa,1,2023,22159,2024-03-02 17:30:00,256,71,Luton,Aston Villa,AVL,LUT,0,1.6418000000000001,2,2.43312,2.43312,0.34726000000000035,13.666666666666666,3,3,1.1108,3,2.08586,2.08586,-0.34726000000000035,11.2,6
EPL,2324,2024-03-02 Newcastle United-Wolverhampton Wanderers,1,2023,22161,2024-03-02 15:00:00,86,229,Newcastle United,Wolverhampton Wanderers,WOL,NEW,3,2.8959,3,3.33495,3.33495,2.827181,10.67741935483871,8,0,0.06659999999999999,0,0.507769,0.507769,-2.827181,14.722222222222221,5
EPL,2324,2024-03-02 Nottingham Forest-Liverpool,1,2023,22162,2024-03-02 15:00:00,249,87,Nottingham Forest,Liverpool,LIV,NOT,0,1.0878,0,0.971466,0.971466,-0.3511239999999999,22.0625,7,3,1.6254,1,1.32259,1.32259,0.3511239999999999,4.76,12
EPL,2324,2024-03-02 Tottenham-Crystal Palace,1,2023,22164,2024-03-02 15:00:00,82,78,Tottenham,Crystal Palace,CRY,TOT,3,2.8476999999999997,3,2.6625,2.6625,2.384613,4.9,16,0,0.0901,1,0.277887,0.277887,-2.384613,27.9375,2
EPL,2324,2024-03-03 Burnley-Bournemouth,1,2023,22156,2024-03-03 13:00:00,92,73,Burnley,Bournemouth,BOU,BUR,0,1.5241000000000002,0,1.60461,1.60461,0.16845,4.352941176470588,9,3,1.2124000000000001,2,1.43616,1.43616,-0.16845,13.541666666666666,6
EPL,2324,2024-03-03 Manchester City-Manchester United,1,2023,22160,2024-03-03 15:30:00,88,89,Manchester City,Manchester United,MUN,MCI,3,2.8694,3,2.64173,2.64173,2.487966,10.058823529411764,26,0,0.0737,1,0.153764,0.153764,-2.487966,18.176470588235293,1
EPL,2324,2024-03-04 Sheffield United-Arsenal,1,2023,22163,2024-03-04 20:00:00,238,83,Sheffield United,Arsenal,ARS,SHE,0,0.1286,0,0.201374,0.201374,-2.271566,37.416666666666664,2,3,2.7824,6,2.47294,2.47294,2.271566,12.222222222222221,22
EPL,2324,2024-03-09 Arsenal-Brentford,1,2023,22166,2024-03-09 17:30:00,83,244,Arsenal,Brentford,BRE,ARS,3,2.0368,2,1.59369,1.59369,0.8604510000000001,8.3,20,0,0.7012,1,0.733239,0.733239,-0.8604510000000001,14.6,3
EPL,2324,2024-03-09 Bournemouth-Sheffield United,1,2023,22165,2024-03-09 15:00:00,73,238,Bournemouth,Sheffield United,SHE,BOU,1,2.4797999999999996,2,3.92657,3.1654,1.24788,4.904761904761905,15,1,0.38849999999999996,2,1.91752,1.91752,-1.24788,18.90909090909091,2
EPL,2324,2024-03-09 Crystal Palace-Luton,1,2023,22170,2024-03-09 15:00:00,78,256,Crystal Palace,Luton,LUT,CRY,1,2.6542,1,3.25103,3.25103,2.1657200000000003,7.387096774193548,9,1,0.23709999999999998,1,1.08531,1.08531,-2.1657200000000003,15.133333333333333,3
EPL,2324,2024-03-09 Manchester United-Everton,1,2023,22172,2024-03-09 12:30:00,89,72,Manchester United,Everton,EVE,MUN,3,2.1497,2,2.9016,1.37927,-0.4421299999999999,15.428571428571429,7,0,0.6622999999999999,0,1.8214,1.8214,0.4421299999999999,15.4,13
EPL,2324,2024-03-09 Wolverhampton Wanderers-Fulham,1,2023,22174,2024-03-09 15:00:00,229,228,Wolverhampton Wanderers,Fulham,FLH,WOL,3,0.4423,2,1.29589,1.29589,-1.64566,18.764705882352942,9,0,2.4022,1,2.94155,2.94155,1.64566,14.5,15
EPL,2324,2024-03-10 Aston Villa-Tottenham,1,2023,22167,2024-03-10 13:00:00,71,82,Aston Villa,Tottenham,TOT,AVL,0,0.6402,0,1.23267,1.23267,-1.0211400000000002,20.772727272727273,3,3,2.1519,4,2.25381,2.25381,1.0211400000000002,4.255813953488372,9
EPL,2324,2024-03-10 Brighton-Nottingham Forest,1,2023,22168,2024-03-10 14:00:00,220,249,Brighton,Nottingham Forest,NOT,BRI,3,1.1105,1,0.534518,0.534518,-0.15251599999999998,16.214285714285715,1,0,1.4768000000000001,0,0.687034,0.687034,0.15251599999999998,27.647058823529413,3
EPL,2324,2024-03-10 Liverpool-Manchester City,1,2023,22171,2024-03-10 15:45:00,87,88,Liverpool,Manchester City,MCI,LIV,1,2.0021,1,2.25492,1.49375,0.12085999999999997,8.90625,9,1,0.7544,1,1.37289,1.37289,-0.12085999999999997,14.826086956521738,5
EPL,2324,2024-03-10 West Ham-Burnley,1,2023,22173,2024-03-10 14:00:00,81,92,West Ham,Burnley,BUR,WHU,1,2.0846999999999998,2,1.87414,1.87414,0.9928299999999999,8.583333333333334,7,1,0.6816,2,0.88131,0.88131,-0.9928299999999999,7.419354838709677,10
EPL,2324,2024-03-11 Chelsea-Newcastle United,1,2023,22169,2024-03-11 20:00:00,80,86,Chelsea,Newcastle United,NEW,CHE,3,2.4486,3,1.78315,1.78315,1.214715,12.826086956521738,4,0,0.3675,2,0.568435,0.568435,-1.214715,13.578947368421053,8
EPL,2324,2024-03-13 Bournemouth-Luton,1,2023,25861,2024-03-13 19:30:00,73,256,Bournemouth,Luton,LUT,BOU,3,1.3922,4,2.84403,2.84403,0.049840000000000106,7.95,7,0,1.3778,3,2.79419,2.79419,-0.049840000000000106,9.125,1
EPL,2324,2024-03-16 Burnley-Brentford,1,2023,22177,2024-03-16 15:00:00,92,244,Burnley,Brentford,BRE,BUR,3,2.3707999999999996,2,2.69776,1.93659,0.68536,6.571428571428571,12,0,0.45799999999999996,1,1.25123,1.25123,-0.68536,5.884615384615385,8
EPL,2324,2024-03-16 Fulham-Tottenham,1,2023,22180,2024-03-16 17:30:00,228,82,Fulham,Tottenham,TOT,FLH,3,1.6002,3,2.47234,2.47234,0.32669999999999977,10.793103448275861,12,0,1.1487,0,2.14564,2.14564,-0.32669999999999977,10.15,14
EPL,2324,2024-03-16 Luton-Nottingham Forest,1,2023,22181,2024-03-16 15:00:00,256,249,Luton,Nottingham Forest,NOT,LUT,1,0.591,1,0.853782,0.853782,-1.098898,7.857142857142857,6,1,2.1888,1,1.95268,1.95268,1.098898,8.88888888888889,6
EPL,2324,2024-03-17 West Ham-Aston Villa,1,2023,22183,2024-03-17 14:00:00,81,71,West Ham,Aston Villa,AVL,WHU,1,1.684,1,1.32829,1.32829,0.41701599999999994,11.851851851851851,7,1,1.0156,1,0.911274,0.911274,-0.41701599999999994,6.7894736842105265,17
EPL,2324,2024-03-30 Aston Villa-Wolverhampton Wanderers,1,2023,22186,2024-03-30 17:30:00,71,229,Aston Villa,Wolverhampton Wanderers,WOL,AVL,3,1.0626,2,1.28271,1.28271,-0.37961,14.15,5,0,1.6791,0,1.66232,1.66232,0.37961,7.666666666666667,5
EPL,2324,2024-03-30 Bournemouth-Everton,1,2023,22185,2024-03-30 15:00:00,73,72,Bournemouth,Everton,EVE,BOU,3,1.7694999999999999,2,1.39268,1.39268,0.45889999999999986,6.590909090909091,6,0,0.9117999999999999,1,0.93378,0.93378,-0.45889999999999986,8.578947368421053,11
EPL,2324,2024-03-30 Brentford-Manchester United,1,2023,22187,2024-03-30 20:00:00,244,89,Brentford,Manchester United,MUN,BRE,1,2.6005000000000003,1,3.16487,3.16487,2.175305,13.1875,21,1,0.2803,1,0.989565,0.989565,-2.175305,7.2,7
EPL,2324,2024-03-30 Chelsea-Burnley,1,2023,22188,2024-03-30 15:00:00,80,92,Chelsea,Burnley,BUR,CHE,1,2.5973,2,4.46643,3.70526,1.6010399999999998,9.538461538461538,24,1,0.30560000000000004,2,2.10422,2.10422,-1.6010399999999998,24.846153846153847,9
EPL,2324,2024-03-30 Newcastle United-West Ham,1,2023,22191,2024-03-30 12:30:00,86,81,Newcastle United,West Ham,WHU,NEW,3,2.8030000000000004,4,3.80922,2.28688,1.292296,6.791666666666667,16,0,0.1363,3,0.994584,0.994584,-1.292296,13.052631578947368,3
EPL,2324,2024-03-30 Nottingham Forest-Crystal Palace,1,2023,22192,2024-03-30 15:00:00,249,78,Nottingham Forest,Crystal Palace,CRY,NOT,1,1.213,1,0.784652,0.784652,-0.11631999999999998,9.55,3,1,1.4287,1,0.900972,0.900972,0.11631999999999998,12.818181818181818,3
EPL,2324,2024-03-30 Sheffield United-Fulham,1,2023,22193,2024-03-30 15:00:00,238,228,Sheffield United,Fulham,FLH,SHE,1,1.9441999999999997,3,1.78824,1.78824,0.6857,18.823529411764707,4,1,0.8092999999999999,3,1.10254,1.10254,-0.6857,7.0,10
EPL,2324,2024-03-30 Tottenham-Luton,1,2023,22194,2024-03-30 15:00:00,82,256,Tottenham,Luton,LUT,TOT,3,2.7489,2,2.46523,2.46523,2.062828,4.193548387096774,22,0,0.15810000000000002,1,0.402402,0.402402,-2.062828,14.434782608695652,3
EPL,2324,2024-03-31 Liverpool-Brighton,1,2023,22189,2024-03-31 14:00:00,87,220,Liverpool,Brighton,BRI,LIV,3,2.8344,2,3.21149,3.21149,2.77227,8.941176470588236,24,0,0.1056,1,0.43922,0.43922,-2.77227,18.625,6
EPL,2324,2024-03-31 Manchester City-Arsenal,1,2023,22190,2024-03-31 16:30:00,88,83,Manchester City,Arsenal,ARS,MCI,1,2.0676,0,1.22009,1.22009,0.7086879999999999,6.086956521739131,6,1,0.6518999999999999,0,0.511402,0.511402,-0.7086879999999999,11.758620689655173,7
EPL,2324,2024-04-02 Bournemouth-Crystal Palace,1,2023,22195,2024-04-02 18:45:00,73,78,Bournemouth,Crystal Palace,CRY,BOU,3,2.3952,1,1.30969,1.30969,1.1353010000000001,8.538461538461538,4,0,0.36450000000000005,0,0.174389,0.174389,-1.1353010000000001,8.285714285714286,6
EPL,2324,2024-04-02 Burnley-Wolverhampton Wanderers,1,2023,22197,2024-04-02 18:45:00,92,229,Burnley,Wolverhampton Wanderers,WOL,BUR,1,1.4489,1,1.12581,1.12581,0.11559999999999993,8.8,11,1,1.2395,1,1.01021,1.01021,-0.11559999999999993,14.4,4
EPL,2324,2024-04-02 Newcastle United-Everton,1,2023,22202,2024-04-02 18:30:00,86,72,Newcastle United,Everton,EVE,NEW,1,2.0467,1,2.65009,2.65009,1.712923,10.764705882352942,11,1,0.736,1,1.69834,0.937167,-1.712923,14.25,6
EPL,2324,2024-04-02 Nottingham Forest-Fulham,1,2023,22198,2024-04-02 18:30:00,249,228,Nottingham Forest,Fulham,FLH,NOT,3,2.0549,3,1.94619,1.94619,0.9031500000000001,31.6,6,0,0.7301,1,1.04304,1.04304,-0.9031500000000001,8.8,8
EPL,2324,2024-04-02 West Ham-Tottenham,1,2023,22199,2024-04-02 19:15:00,81,82,West Ham,Tottenham,TOT,WHU,1,1.411,1,1.47017,1.47017,0.0759399999999999,14.25,4,1,1.2853,1,1.39423,1.39423,-0.0759399999999999,5.642857142857143,22
EPL,2324,2024-04-03 Arsenal-Luton,1,2023,22196,2024-04-03 18:30:00,83,256,Arsenal,Luton,LUT,ARS,3,2.1457,2,1.14384,1.14384,0.851758,10.708333333333334,14,0,0.5532999999999999,0,0.292082,0.292082,-0.851758,23.529411764705884,3
EPL,2324,2024-04-03 Brentford-Brighton,1,2023,22200,2024-04-03 18:30:00,244,220,Brentford,Brighton,BRI,BRE,1,0.649,0,0.423299,0.423299,-0.800741,16.166666666666668,8,1,2.0572,0,1.22404,1.22404,0.800741,6.730769230769231,8
EPL,2324,2024-04-03 Manchester City-Aston Villa,1,2023,22204,2024-04-03 19:15:00,88,71,Manchester City,Aston Villa,AVL,MCI,3,2.7411,4,3.87704,3.87704,2.69061,7.166666666666667,26,0,0.18660000000000002,1,1.18643,1.18643,-2.69061,21.785714285714285,4
EPL,2324,2024-04-04 Chelsea-Manchester United,1,2023,22201,2024-04-04 19:15:00,80,89,Chelsea,Manchester United,MUN,CHE,3,2.4882,4,3.48048,1.95814,0.39128000000000007,12.294117647058824,15,0,0.3867,3,1.56686,1.56686,-0.39128000000000007,12.72,7
EPL,2324,2024-04-04 Liverpool-Sheffield United,1,2023,22203,2024-04-04 18:30:00,87,238,Liverpool,Sheffield United,SHE,LIV,3,2.5417,3,2.51772,2.51772,1.7967720000000003,2.5652173913043477,18,0,0.3073,1,0.720948,0.720948,-1.7967720000000003,26.4,2
EPL,2324,2024-04-06 Aston Villa-Brentford,1,2023,22205,2024-04-06 14:00:00,71,244,Aston Villa,Brentford,BRE,AVL,1,1.0891,3,1.16333,1.16333,-0.2573099999999999,6.7368421052631575,6,1,1.6237,3,1.42064,1.42064,0.2573099999999999,16.5,3
EPL,2324,2024-04-06 Brighton-Arsenal,1,2023,22206,2024-04-06 16:30:00,220,83,Brighton,Arsenal,ARS,BRI,0,0.0305,0,0.428514,0.428514,-2.975496,9.08695652173913,6,3,2.951,3,4.16518,3.40401,2.975496,15.666666666666666,18
EPL,2324,2024-04-06 Crystal Palace-Manchester City,1,2023,22207,2024-04-06 11:30:00,78,88,Crystal Palace,Manchester City,MCI,CRY,0,0.8637,2,1.49472,1.49472,-0.7690899999999998,20.36842105263158,2,3,1.9056,4,2.26381,2.26381,0.7690899999999998,13.166666666666666,20
EPL,2324,2024-04-06 Everton-Burnley,1,2023,22208,2024-04-06 14:00:00,72,92,Everton,Burnley,BUR,EVE,3,1.5979999999999999,1,0.659844,0.659844,0.31285399999999997,8.971428571428572,9,0,0.9521,0,0.34699,0.34699,-0.31285399999999997,7.157894736842105,6
EPL,2324,2024-04-06 Fulham-Newcastle United,1,2023,22209,2024-04-06 14:00:00,228,86,Fulham,Newcastle United,NEW,FLH,0,1.0251000000000001,0,0.834564,0.834564,-0.3455560000000001,5.76,11,3,1.6664999999999999,1,1.18012,1.18012,0.3455560000000001,13.347826086956522,7
EPL,2324,2024-04-06 Luton-Bournemouth,1,2023,22210,2024-04-06 14:00:00,256,73,Luton,Bournemouth,BOU,LUT,3,1.9554,2,1.30478,1.30478,0.6886720000000001,5.62962962962963,7,0,0.7569000000000001,1,0.616108,0.616108,-0.6886720000000001,4.848484848484849,5
EPL,2324,2024-04-06 Wolverhampton Wanderers-West Ham,1,2023,22214,2024-04-06 14:00:00,229,81,Wolverhampton Wanderers,West Ham,WHU,WOL,0,1.9590999999999998,1,1.78341,1.02224,0.642077,8.76,12,3,0.7492000000000001,2,1.14133,0.380163,-0.642077,11.454545454545455,3
EPL,2324,2024-04-07 Manchester United-Liverpool,1,2023,22211,2024-04-07 14:30:00,89,87,Manchester United,Liverpool,LIV,MUN,1,0.0519,2,0.814509,0.814509,-2.858891,14.2,6,1,2.9172,2,4.43457,3.6734,2.858891,7.84,21
EPL,2324,2024-04-07 Sheffield United-Chelsea,1,2023,22212,2024-04-07 16:30:00,238,80,Sheffield United,Chelsea,CHE,SHE,1,2.3649,2,1.74265,1.74265,1.2208610000000002,20.608695652173914,6,1,0.4323,2,0.521789,0.521789,-1.2208610000000002,7.571428571428571,6
EPL,2324,2024-04-07 Tottenham-Nottingham Forest,1,2023,22213,2024-04-07 19:00:00,82,249,Tottenham,Nottingham Forest,NOT,TOT,3,1.0005000000000002,3,1.61978,1.61978,-0.38144,8.44,17,0,1.7202000000000002,1,2.00122,2.00122,0.38144,18.058823529411764,3
EPL,2324,2024-04-13 Bournemouth-Manchester United,1,2023,22215,2024-04-13 16:30:00,73,89,Bournemouth,Manchester United,MUN,BOU,1,1.9962,2,2.38519,2.38519,1.6236190000000001,13.380952380952381,12,1,0.7629,2,1.52274,0.761571,-1.6236190000000001,10.8125,8
EPL,2324,2024-04-13 Brentford-Sheffield United,1,2023,22217,2024-04-13 14:00:00,244,238,Brentford,Sheffield United,SHE,BRE,3,1.5566,2,1.09071,1.09071,0.2562120000000001,7.95,5,0,1.1159,0,0.834498,0.834498,-0.2562120000000001,12.75,6
EPL,2324,2024-04-13 Burnley-Brighton,1,2023,22218,2024-04-13 14:00:00,92,220,Burnley,Brighton,BRI,BUR,1,2.1573,1,1.8522,1.8522,0.962755,12.066666666666666,8,1,0.6303000000000001,1,0.889445,0.889445,-0.962755,15.470588235294118,9
EPL,2324,2024-04-13 Manchester City-Luton,1,2023,22221,2024-04-13 14:00:00,88,256,Manchester City,Luton,LUT,MCI,3,2.9314,5,4.64245,3.88128,3.0715049999999997,6.62962962962963,37,0,0.043300000000000005,1,0.809775,0.809775,-3.0715049999999997,34.5,2
EPL,2324,2024-04-13 Newcastle United-Tottenham,1,2023,22222,2024-04-13 11:30:00,86,82,Newcastle United,Tottenham,TOT,NEW,3,2.7365999999999997,4,3.1483,3.1483,2.410704,9.192307692307692,8,0,0.1791,0,0.737596,0.737596,-2.410704,3.217391304347826,6
EPL,2324,2024-04-13 Nottingham Forest-Wolverhampton Wanderers,1,2023,22223,2024-04-13 14:00:00,249,229,Nottingham Forest,Wolverhampton Wanderers,WOL,NOT,1,1.5738,2,1.76244,1.76244,0.30556000000000005,11.9,6,1,1.1421,2,1.45688,1.45688,-0.30556000000000005,13.0,3
EPL,2324,2024-04-14 Arsenal-Aston Villa,1,2023,22216,2024-04-14 15:30:00,83,71,Arsenal,Aston Villa,AVL,ARS,0,2.1182,0,1.89003,1.89003,0.9609810000000001,8.892857142857142,17,3,0.6572,2,0.929049,0.929049,-0.9609810000000001,15.285714285714286,2
EPL,2324,2024-04-14 Liverpool-Crystal Palace,1,2023,22220,2024-04-14 13:00:00,87,78,Liverpool,Crystal Palace,CRY,LIV,0,1.963,0,3.04497,3.04497,0.9161800000000002,5.75,11,3,0.832,1,2.12879,2.12879,-0.9161800000000002,26.066666666666666,6
EPL,2324,2024-04-14 West Ham-Fulham,1,2023,22224,2024-04-14 13:00:00,81,228,West Ham,Fulham,FLH,WHU,0,0.27,0,1.45307,1.45307,-2.16106,13.941176470588236,3,3,2.6252999999999997,2,3.61413,3.61413,2.16106,13.318181818181818,10
EPL,2324,2024-04-15 Chelsea-Everton,1,2023,22219,2024-04-15 19:00:00,80,72,Chelsea,Everton,EVE,CHE,3,2.7677,6,3.37093,2.60976,1.39185,13.785714285714286,8,0,0.1517,0,1.21791,1.21791,-1.39185,10.368421052631579,5
EPL,2324,2024-04-20 Luton-Brentford,1,2023,22230,2024-04-20 14:00:00,256,244,Luton,Brentford,BRE,LUT,0,0.047299999999999995,1,0.497799,0.497799,-3.283101,11.125,6,3,2.9222,5,3.7809,3.7809,3.283101,7.461538461538462,13
EPL,2324,2024-04-20 Sheffield United-Burnley,1,2023,22232,2024-04-20 14:00:00,238,92,Sheffield United,Burnley,BUR,SHE,0,1.072,1,1.97816,1.97816,-0.44521999999999995,12.636363636363637,9,3,1.7104,4,2.42338,2.42338,0.44521999999999995,12.947368421052632,6
EPL,2324,2024-04-20 Wolverhampton Wanderers-Arsenal,1,2023,22234,2024-04-20 18:30:00,229,83,Wolverhampton Wanderers,Arsenal,ARS,WOL,0,0.2613,0,0.164516,0.164516,-1.497274,15.61111111111111,2,3,2.5563,2,1.66179,1.66179,1.497274,13.652173913043478,20
EPL,2324,2024-04-21 Aston Villa-Bournemouth,1,2023,22225,2024-04-21 14:00:00,71,73,Aston Villa,Bournemouth,BOU,AVL,3,1.8087,3,2.62687,2.62687,1.3359299999999998,12.25,19,0,0.9381,1,2.05211,1.29094,-1.3359299999999998,12.15,2
EPL,2324,2024-04-21 Crystal Palace-West Ham,1,2023,22227,2024-04-21 14:00:00,78,81,Crystal Palace,West Ham,WHU,CRY,3,2.7224999999999997,5,3.7185,3.7185,2.3731400000000002,9.074074074074074,12,0,0.1866,2,1.34536,1.34536,-2.3731400000000002,14.74074074074074,2
EPL,2324,2024-04-21 Everton-Nottingham Forest,1,2023,22228,2024-04-21 12:30:00,72,249,Everton,Nottingham Forest,NOT,EVE,3,0.6283000000000001,2,0.473233,0.473233,-0.715927,15.636363636363637,0,0,2.0827,0,1.18916,1.18916,0.715927,15.428571428571429,7
EPL,2324,2024-04-21 Fulham-Liverpool,1,2023,22229,2024-04-21 15:30:00,228,87,Fulham,Liverpool,LIV,FLH,0,1.2061000000000002,1,0.83885,0.83885,-0.1856000000000001,52.0,8,3,1.4674,3,1.02445,1.02445,0.1856000000000001,12.238095238095237,9
EPL,2324,2024-04-23 Arsenal-Chelsea,1,2023,22175,2024-04-23 19:00:00,83,80,Arsenal,Chelsea,CHE,ARS,3,2.45,5,3.45858,3.45858,1.85515,13.857142857142858,18,0,0.41059999999999997,0,1.60343,1.60343,-1.85515,19.76923076923077,6
EPL,2324,2024-04-24 Crystal Palace-Newcastle United,1,2023,22178,2024-04-24 19:00:00,78,86,Crystal Palace,Newcastle United,NEW,CRY,3,2.1099,2,1.43661,1.43661,0.88532,8.264705882352942,6,0,0.6273,0,0.55129,0.55129,-0.88532,6.892857142857143,4
EPL,2324,2024-04-24 Everton-Liverpool,1,2023,22179,2024-04-24 19:00:00,72,87,Everton,Liverpool,LIV,EVE,3,1.4035,2,1.89111,1.89111,0.019560000000000022,21.055555555555557,6,0,1.3542999999999998,0,1.87155,1.87155,-0.019560000000000022,4.523809523809524,24
EPL,2324,2024-04-24 Manchester United-Sheffield United,1,2023,22182,2024-04-24 19:00:00,89,238,Manchester United,Sheffield United,SHE,MUN,3,2.6805999999999996,4,3.51311,2.75194,1.5467699999999998,6.32,14,0,0.2248,2,1.20517,1.20517,-1.5467699999999998,21.833333333333332,2
EPL,2324,2024-04-24 Wolverhampton Wanderers-Bournemouth,1,2023,22184,2024-04-24 18:45:00,229,73,Wolverhampton Wanderers,Bournemouth,BOU,WOL,0,0.25270000000000004,0,0.484454,0.484454,-1.918656,8.1875,7,3,2.6209,1,2.40311,2.40311,1.918656,8.411764705882353,12
EPL,2324,2024-04-25 Brighton-Manchester City,1,2023,22176,2024-04-25 19:00:00,220,88,Brighton,Manchester City,MCI,BRI,0,0.40890000000000004,0,0.572021,0.572021,-1.333049,29.11111111111111,3,3,2.3991000000000002,4,1.90507,1.90507,1.333049,19.625,3
EPL,2324,2024-04-27 Aston Villa-Chelsea,1,2023,22236,2024-04-27 19:00:00,71,80,Aston Villa,Chelsea,CHE,AVL,1,0.6084,2,0.612257,0.612257,-0.9517529999999998,40.77777777777778,7,1,2.1498,2,1.56401,1.56401,0.9517529999999998,4.806451612903226,6
EPL,2324,2024-04-27 Everton-Brentford,1,2023,22237,2024-04-27 16:30:00,72,244,Everton,Brentford,BRE,EVE,3,1.5496999999999999,1,1.21399,1.21399,0.2576339999999999,16.6,10,0,1.1396,0,0.956356,0.956356,-0.2576339999999999,8.217391304347826,8
EPL,2324,2024-04-27 Fulham-Crystal Palace,1,2023,22238,2024-04-27 14:00:00,228,78,Fulham,Crystal Palace,CRY,FLH,1,1.6663000000000001,1,1.39418,1.39418,0.3403099999999999,10.25,7,1,1.0477,1,1.05387,1.05387,-0.3403099999999999,11.571428571428571,7
EPL,2324,2024-04-27 Manchester United-Burnley,1,2023,22239,2024-04-27 14:00:00,89,92,Manchester United,Burnley,BUR,MUN,1,2.0884,1,3.06197,3.06197,1.9272200000000002,14.176470588235293,18,1,0.7222000000000001,1,1.89591,1.13475,-1.9272200000000002,8.380952380952381,9
EPL,2324,2024-04-27 Newcastle United-Sheffield United,1,2023,22240,2024-04-27 14:00:00,86,238,Newcastle United,Sheffield United,SHE,NEW,3,2.0884,5,2.93477,2.17361,0.3495300000000001,8.23076923076923,18,0,0.7273,1,1.82408,1.82408,-0.3495300000000001,14.7,4
EPL,2324,2024-04-27 West Ham-Liverpool,1,2023,22243,2024-04-27 11:30:00,81,87,West Ham,Liverpool,LIV,WHU,1,0.4667,2,0.794025,0.794025,-1.498955,19.842105263157894,5,1,2.3548999999999998,2,2.29298,2.29298,1.498955,5.2,20
EPL,2324,2024-04-27 Wolverhampton Wanderers-Luton,1,2023,22244,2024-04-27 14:00:00,229,256,Wolverhampton Wanderers,Luton,LUT,WOL,3,1.8716,2,1.49011,1.49011,0.5857600000000001,12.05,2,0,0.8513,1,0.90435,0.90435,-0.5857600000000001,9.533333333333333,6
EPL,2324,2024-04-28 Bournemouth-Brighton,1,2023,22235,2024-04-28 13:00:00,73,220,Bournemouth,Brighton,BRI,BOU,3,2.1901,3,2.48132,2.48132,1.1245000000000003,14.11111111111111,5,0,0.6061,0,1.35682,1.35682,-1.1245000000000003,5.521739130434782,7
EPL,2324,2024-04-28 Nottingham Forest-Manchester City,1,2023,22242,2024-04-28 15:30:00,249,88,Nottingham Forest,Manchester City,MCI,NOT,0,2.334,0,2.17312,2.17312,1.241057,29.357142857142858,6,3,0.4806,2,0.932063,0.932063,-1.241057,9.333333333333334,5
EPL,2324,2024-04-28 Tottenham-Arsenal,1,2023,22241,2024-04-28 13:00:00,82,83,Tottenham,Arsenal,ARS,TOT,0,2.1699,2,2.60458,1.84341,0.3287199999999999,6.3,9,3,0.6275999999999999,3,1.51469,1.51469,-0.3287199999999999,9.620689655172415,7
EPL,2324,2024-05-02 Chelsea-Tottenham,1,2023,22149,2024-05-02 18:30:00,80,82,Chelsea,Tottenham,TOT,CHE,3,2.0547999999999997,2,2.22432,2.22432,0.9536800000000001,13.4,5,0,0.7327,0,1.27064,1.27064,-0.9536800000000001,6.321428571428571,11
EPL,2324,2024-05-03 Luton-Everton,1,2023,22252,2024-05-03 19:00:00,256,72,Luton,Everton,EVE,LUT,1,1.046,1,0.950391,0.950391,0.481975,10.772727272727273,3,1,1.6331,1,1.22959,0.468416,-0.481975,7.625,5
EPL,2324,2024-05-04 Arsenal-Bournemouth,1,2023,22245,2024-05-04 11:30:00,83,73,Arsenal,Bournemouth,BOU,ARS,3,2.9253000000000005,3,3.91372,3.15255,2.68385,8.115384615384615,28,0,0.0456,0,0.4687,0.4687,-2.68385,11.058823529411764,3
EPL,2324,2024-05-04 Brentford-Fulham,1,2023,22246,2024-05-04 14:00:00,244,228,Brentford,Fulham,FLH,BRE,1,0.8108000000000001,0,0.809379,0.809379,-0.646411,9.238095238095237,6,1,1.8929,0,1.45579,1.45579,0.646411,18.666666666666668,3
EPL,2324,2024-05-04 Burnley-Newcastle United,1,2023,22248,2024-05-04 14:00:00,92,86,Burnley,Newcastle United,NEW,BUR,0,0.1042,1,1.28632,1.28632,-2.20894,11.80952380952381,5,3,2.845,4,4.25643,3.49526,2.20894,9.136363636363637,18
EPL,2324,2024-05-04 Manchester City-Wolverhampton Wanderers,1,2023,22253,2024-05-04 16:30:00,88,229,Manchester City,Wolverhampton Wanderers,WOL,MCI,3,2.9808999999999997,5,4.52542,3.00308,2.606193,13.954545454545455,19,0,0.011200000000000002,1,0.396887,0.396887,-2.606193,13.16,1
EPL,2324,2024-05-04 Sheffield United-Nottingham Forest,1,2023,22254,2024-05-04 14:00:00,238,249,Sheffield United,Nottingham Forest,NOT,SHE,0,1.743,1,2.48986,1.72869,-0.20948999999999995,10.666666666666666,8,3,1.0317,3,1.93818,1.93818,0.20948999999999995,16.11764705882353,6
EPL,2324,2024-05-05 Brighton-Aston Villa,1,2023,22247,2024-05-05 13:00:00,220,71,Brighton,Aston Villa,AVL,BRI,3,2.9497999999999998,1,2.63566,1.75337,1.6889645,10.551724137931034,4,0,0.0263,0,0.0644055,0.0644055,-1.6889645,17.57894736842105,3
EPL,2324,2024-05-05 Chelsea-West Ham,1,2023,22249,2024-05-05 13:00:00,80,81,Chelsea,West Ham,WHU,CHE,3,2.869,5,4.21838,4.21838,3.3244809999999996,6.72,10,0,0.09159999999999999,0,0.893899,0.893899,-3.3244809999999996,20.52173913043478,4
EPL,2324,2024-05-05 Liverpool-Tottenham,1,2023,22251,2024-05-05 15:30:00,87,82,Liverpool,Tottenham,TOT,LIV,3,2.613,4,3.26222,3.26222,2.09017,13.173913043478262,22,0,0.2685,2,1.17205,1.17205,-2.09017,8.37037037037037,9
EPL,2324,2024-05-06 Crystal Palace-Manchester United,1,2023,22250,2024-05-06 19:00:00,78,89,Crystal Palace,Manchester United,MUN,CRY,3,2.6261,4,2.0656,2.0656,1.7241829999999998,16.75,12,0,0.23690000000000003,0,0.341417,0.341417,-1.7241829999999998,11.65,4
EPL,2324,2024-05-11 Bournemouth-Brentford,1,2023,22255,2024-05-11 14:00:00,73,244,Bournemouth,Brentford,BRE,BOU,0,0.7365999999999999,1,1.07237,1.07237,-0.8548499999999999,8.0,11,3,2.0244999999999997,2,1.92722,1.92722,0.8548499999999999,5.304347826086956,11
EPL,2324,2024-05-11 Everton-Sheffield United,1,2023,22257,2024-05-11 14:00:00,72,238,Everton,Sheffield United,SHE,EVE,3,2.4696,1,1.82411,1.82411,1.358587,10.285714285714286,9,0,0.3558,0,0.465523,0.465523,-1.358587,14.235294117647058,4
EPL,2324,2024-05-11 Fulham-Manchester City,1,2023,22258,2024-05-11 11:30:00,228,88,Fulham,Manchester City,MCI,FLH,0,0.0252,0,0.0886245,0.0886245,-2.3023855,42.72727272727273,1,3,2.9526000000000003,4,3.15218,2.39101,2.3023855,17.823529411764707,13
EPL,2324,2024-05-11 Newcastle United-Brighton,1,2023,22260,2024-05-11 14:00:00,86,220,Newcastle United,Brighton,BRI,NEW,1,1.7292,1,2.45163,2.45163,0.5360700000000003,13.38888888888889,12,1,1.041,1,1.91556,1.91556,-0.5360700000000003,12.958333333333334,7
EPL,2324,2024-05-11 Nottingham Forest-Chelsea,1,2023,22261,2024-05-11 16:30:00,249,80,Nottingham Forest,Chelsea,CHE,NOT,0,1.4125,2,2.44569,2.44569,0.035009999999999764,17.043478260869566,8,3,1.3501,3,2.41068,2.41068,-0.035009999999999764,6.65,14
EPL,2324,2024-05-11 Tottenham-Burnley,1,2023,22262,2024-05-11 14:00:00,82,92,Tottenham,Burnley,BUR,TOT,3,2.6251999999999995,2,3.00238,3.00238,2.0520490000000002,8.208333333333334,12,0,0.2579,1,0.950331,0.950331,-2.0520490000000002,14.421052631578947,2
EPL,2324,2024-05-11 West Ham-Luton,1,2023,22263,2024-05-11 14:00:00,81,256,West Ham,Luton,LUT,WHU,3,2.9061999999999997,3,3.71009,3.71009,3.069634,9.578947368421053,8,0,0.0577,1,0.640456,0.640456,-3.069634,9.74074074074074,5
EPL,2324,2024-05-11 Wolverhampton Wanderers-Crystal Palace,1,2023,22264,2024-05-11 14:00:00,229,78,Wolverhampton Wanderers,Crystal Palace,CRY,WOL,0,0.4649,1,1.1561,1.1561,-1.3584200000000002,5.733333333333333,5,3,2.3549,3,2.51452,2.51452,1.3584200000000002,12.222222222222221,9
EPL,2324,2024-05-12 Manchester United-Arsenal,1,2023,22259,2024-05-12 15:30:00,89,83,Manchester United,Arsenal,ARS,MUN,0,0.3789,0,0.551669,0.551669,-1.179371,19.0,4,3,2.427,1,1.73104,1.73104,1.179371,9.25,13
EPL,2324,2024-05-13 Aston Villa-Liverpool,1,2023,22256,2024-05-13 19:00:00,71,87,Aston Villa,Liverpool,LIV,AVL,1,1.951,3,2.71655,2.71655,0.8168699999999998,14.875,14,1,0.8218000000000001,3,1.89968,1.89968,-0.8168699999999998,7.375,7
EPL,2324,2024-05-14 Tottenham-Manchester City,1,2023,22233,2024-05-14 19:00:00,82,88,Tottenham,Manchester City,MCI,TOT,0,0.7314,0,1.84285,1.84285,-0.09928999999999988,11.357142857142858,5,3,2.0442,2,2.70331,1.94214,0.09928999999999988,13.464285714285714,6
EPL,2324,2024-05-15 Brighton-Chelsea,1,2023,22226,2024-05-15 18:45:00,220,80,Brighton,Chelsea,CHE,BRI,0,1.179,1,1.32423,1.32423,-0.21977000000000002,15.380952380952381,11,3,1.5354,2,1.544,1.544,0.21977000000000002,17.555555555555557,10
EPL,2324,2024-05-15 Manchester United-Newcastle United,1,2023,22231,2024-05-15 19:00:00,89,86,Manchester United,Newcastle United,NEW,MUN,3,0.8749,3,1.49706,1.49706,-0.7795099999999999,9.333333333333334,11,0,1.9047999999999998,2,2.27657,2.27657,0.7795099999999999,15.727272727272727,6
EPL,2324,2024-05-19 Arsenal-Everton,1,2023,22265,2024-05-19 15:00:00,83,72,Arsenal,Everton,EVE,ARS,3,2.827,2,3.2117,3.2117,2.546796,8.166666666666666,16,0,0.1057,1,0.664904,0.664904,-2.546796,42.333333333333336,3
EPL,2324,2024-05-19 Brentford-Newcastle United,1,2023,22266,2024-05-19 15:00:00,244,86,Brentford,Newcastle United,NEW,BRE,0,0.3532,2,1.70157,1.70157,-1.94887,7.590909090909091,5,3,2.5234000000000005,4,3.65044,3.65044,1.94887,11.173913043478262,12
EPL,2324,2024-05-19 Brighton-Manchester United,1,2023,22267,2024-05-19 15:00:00,220,89,Brighton,Manchester United,MUN,BRI,0,2.0965000000000003,0,1.9717,1.9717,0.96766,9.233333333333333,10,3,0.6787,2,1.00404,1.00404,-0.96766,18.555555555555557,6
EPL,2324,2024-05-19 Burnley-Nottingham Forest,1,2023,22268,2024-05-19 15:00:00,92,249,Burnley,Nottingham Forest,NOT,BUR,0,0.9702999999999999,1,1.08222,1.08222,-0.49740000000000006,10.636363636363637,7,3,1.7635,2,1.57962,1.57962,0.49740000000000006,90.66666666666667,5
EPL,2324,2024-05-19 Chelsea-Bournemouth,1,2023,22269,2024-05-19 15:00:00,80,73,Chelsea,Bournemouth,BOU,CHE,3,1.0615999999999999,2,1.59771,1.59771,-0.4042899999999998,9.9375,8,0,1.6996999999999998,1,2.002,2.002,0.4042899999999998,9.18918918918919,10
EPL,2324,2024-05-19 Crystal Palace-Aston Villa,1,2023,22270,2024-05-19 15:00:00,78,71,Crystal Palace,Aston Villa,AVL,CRY,3,2.5246999999999997,5,2.23189,2.23189,1.633044,14.478260869565217,11,0,0.3245,0,0.598846,0.598846,-1.633044,30.3,0
EPL,2324,2024-05-19 Liverpool-Wolverhampton Wanderers,1,2023,22271,2024-05-19 15:00:00,87,229,Liverpool,Wolverhampton Wanderers,WOL,LIV,3,2.9874,2,5.65937,5.65937,4.928116,5.096774193548387,22,0,0.0069,0,0.731254,0.731254,-4.928116,16.6,1
EPL,2324,2024-05-19 Luton-Fulham,1,2023,22272,2024-05-19 15:00:00,256,228,Luton,Fulham,FLH,LUT,0,2.1025,2,2.06743,1.30626,0.19028,13.894736842105264,4,3,0.6769000000000001,4,1.11598,1.11598,-0.19028,10.5,5
EPL,2324,2024-05-19 Manchester City-West Ham,1,2023,22273,2024-05-19 15:00:00,88,81,Manchester City,West Ham,WHU,MCI,3,2.7409,3,2.31504,2.31504,2.0748810000000004,8.0,16,0,0.1573,1,0.240159,0.240159,-2.0748810000000004,63.0,0
EPL,2324,2024-05-19 Sheffield United-Tottenham,1,2023,22274,2024-05-19 15:00:00,238,82,Sheffield United,Tottenham,TOT,SHE,0,0.107,0,0.697312,0.697312,-2.499438,33.92307692307692,2,3,2.8313,3,3.19675,3.19675,2.499438,4.956521739130435,14
EPL,2425,2024-08-16 Manchester United-Fulham,1,2024,26602,2024-08-16 19:00:00,89,228,Manchester United,Fulham,FLH,MUN,3,2.5696,1,2.04268,2.04268,1.6239689999999998,7.379310344827586,7,0,0.2815,0,0.418711,0.418711,-1.6239689999999998,10.833333333333334,3
EPL,2425,2024-08-17 Arsenal-Wolverhampton Wanderers,1,2024,26604,2024-08-17 14:00:00,83,229,Arsenal,Wolverhampton Wanderers,WOL,ARS,3,2.1894,2,1.6283,1.6283,1.0524650000000002,7.769230769230769,14,0,0.5796,0,0.575835,0.575835,-1.0524650000000002,10.818181818181818,2
EPL,2425,2024-08-17 Everton-Brighton,1,2024,26605,2024-08-17 14:00:00,72,220,Everton,Brighton,BRI,EVE,0,0.30779999999999996,0,0.405325,0.405325,-1.385505,18.333333333333332,4,3,2.5286999999999997,3,1.79083,1.79083,1.385505,7.916666666666667,5
EPL,2425,2024-08-17 Ipswich-Liverpool,1,2024,26603,2024-08-17 11:30:00,285,87,Ipswich,Liverpool,LIV,IPS,0,0.025799999999999997,0,0.342601,0.342601,-3.586459,18.77777777777778,2,3,2.9562,2,3.92906,3.92906,3.586459,8.73913043478261,13
EPL,2425,2024-08-17 Newcastle United-Southampton,1,2024,26606,2024-08-17 14:00:00,86,74,Newcastle United,Southampton,SOU,NEW,3,0.2774,1,0.433489,0.433489,-1.521341,16.25,4,0,2.5586,0,1.95483,1.95483,1.521341,3.789473684210526,13
EPL,2425,2024-08-17 Nottingham Forest-Bournemouth,1,2024,26607,2024-08-17 14:00:00,249,73,Nottingham Forest,Bournemouth,BOU,NOT,1,0.8518999999999999,1,1.24405,1.24405,-0.6650999999999998,8.653846153846153,10,1,1.8944000000000003,1,1.90915,1.90915,0.6650999999999998,9.954545454545455,4
EPL,2425,2024-08-17 West Ham-Aston Villa,1,2024,26608,2024-08-17 16:30:00,81,71,West Ham,Aston Villa,AVL,WHU,0,1.4689999999999999,1,2.8047,2.04353,-0.62677,9.333333333333334,5,3,1.2989000000000002,2,2.6703,2.6703,0.62677,11.304347826086957,8
EPL,2425,2024-08-18 Brentford-Crystal Palace,1,2024,26609,2024-08-18 13:00:00,244,78,Brentford,Crystal Palace,CRY,BRE,3,1.5885,2,1.38064,1.38064,0.2330700000000001,12.666666666666666,1,0,1.0974,1,1.14757,1.14757,-0.2330700000000001,7.724137931034483,4
EPL,2425,2024-08-18 Chelsea-Manchester City,1,2024,26610,2024-08-18 15:30:00,80,88,Chelsea,Manchester City,MCI,CHE,0,1.2353,0,1.06123,1.06123,-0.11915000000000009,10.064516129032258,8,3,1.4402,2,1.18038,1.18038,0.11915000000000009,15.058823529411764,10
EPL,2425,2024-08-19 Leicester-Tottenham,1,2024,26611,2024-08-19 19:00:00,75,82,Leicester,Tottenham,TOT,LEI,1,1.0574,1,1.02614,1.02614,-0.38161,20.6875,2,1,1.6474999999999997,1,1.40775,1.40775,0.38161,5.482758620689655,21
EPL,2425,2024-08-24 Aston Villa-Arsenal,1,2024,26618,2024-08-24 16:30:00,71,83,Aston Villa,Arsenal,ARS,AVL,0,1.2362000000000002,0,1.31664,1.31664,-0.09735000000000005,17.27777777777778,3,3,1.4615,2,1.41399,1.41399,0.09735000000000005,5.833333333333333,10
EPL,2425,2024-08-24 Brighton-Manchester United,1,2024,26612,2024-08-24 11:30:00,220,89,Brighton,Manchester United,MUN,BRI,3,2.0422,2,2.14153,2.14153,0.8559699999999999,12.5,10,0,0.7186,1,1.28556,1.28556,-0.8559699999999999,16.77777777777778,8
EPL,2425,2024-08-24 Crystal Palace-West Ham,1,2024,26613,2024-08-24 14:00:00,78,81,Crystal Palace,West Ham,WHU,CRY,0,1.2623,0,1.3761,1.3761,-0.15810999999999997,6.911764705882353,6,3,1.4699,2,1.53421,1.53421,0.15810999999999997,13.727272727272727,5
EPL,2425,2024-08-24 Fulham-Leicester,1,2024,26614,2024-08-24 14:00:00,228,75,Fulham,Leicester,LEI,FLH,3,2.1938,2,1.96218,1.96218,1.105175,10.258064516129032,7,0,0.5912000000000001,1,0.857005,0.857005,-1.105175,13.7,1
EPL,2425,2024-08-24 Manchester City-Ipswich,1,2024,26615,2024-08-24 14:00:00,88,285,Manchester City,Ipswich,IPS,MCI,3,2.8808,4,3.07818,2.31701,1.8370109999999997,8.15,15,0,0.06889999999999999,1,0.479999,0.479999,-1.8370109999999997,17.41176470588235,1
EPL,2425,2024-08-24 Southampton-Nottingham Forest,1,2024,26616,2024-08-24 14:00:00,74,249,Southampton,Nottingham Forest,NOT,SOU,0,0.0697,0,0.214952,0.214952,-2.649798,8.142857142857142,4,3,2.8807,1,2.86475,2.86475,2.649798,18.47826086956522,9
EPL,2425,2024-08-24 Tottenham-Everton,1,2024,26617,2024-08-24 14:00:00,82,72,Tottenham,Everton,EVE,TOT,3,2.6318,4,2.61143,2.61143,1.962561,6.3,9,0,0.2558,0,0.648869,0.648869,-1.962561,12.724137931034482,5
EPL,2425,2024-08-25 Bournemouth-Newcastle United,1,2024,26620,2024-08-25 13:00:00,73,86,Bournemouth,Newcastle United,NEW,BOU,1,1.8521999999999998,1,2.53513,2.53513,0.64226,9.2,8,1,0.9144000000000001,1,1.89287,1.89287,-0.64226,9.071428571428571,9
EPL,2425,2024-08-25 Liverpool-Brentford,1,2024,26621,2024-08-25 15:30:00,87,244,Liverpool,Brentford,BRE,LIV,3,2.7572,2,2.71877,2.71877,2.261531,10.130434782608695,21,0,0.1535,0,0.457239,0.457239,-2.261531,32.4,2
EPL,2425,2024-08-25 Wolverhampton Wanderers-Chelsea,1,2024,26619,2024-08-25 13:00:00,229,80,Wolverhampton Wanderers,Chelsea,CHE,WOL,0,1.6892,2,2.4181,2.4181,0.38874999999999993,14.428571428571429,8,3,1.088,6,2.02935,2.02935,-0.38874999999999993,7.04,6
EPL,2425,2024-08-31 Arsenal-Brighton,1,2024,26622,2024-08-31 11:30:00,83,220,Arsenal,Brighton,BRI,ARS,1,1.8070000000000002,1,2.41798,2.41798,0.6005,9.25,6,1,0.9694,1,1.81748,1.81748,-0.6005,9.625,6
EPL,2425,2024-08-31 Brentford-Southampton,1,2024,26623,2024-08-31 14:00:00,244,74,Brentford,Southampton,SOU,BRE,3,2.6071,3,3.86281,3.86281,2.21568,14.571428571428571,15,0,0.2902,1,1.64713,1.64713,-2.21568,8.217391304347826,14
EPL,2425,2024-08-31 Everton-Bournemouth,1,2024,26624,2024-08-31 14:00:00,72,73,Everton,Bournemouth,BOU,EVE,0,1.1241,2,2.55629,2.55629,-0.4005899999999998,8.304347826086957,15,3,1.6599,3,2.95688,2.95688,0.4005899999999998,7.095238095238095,7
EPL,2425,2024-08-31 Ipswich-Fulham,1,2024,26625,2024-08-31 14:00:00,285,228,Ipswich,Fulham,FLH,IPS,1,0.9218,1,0.707048,0.707048,-0.48178200000000004,9.25925925925926,2,1,1.7666,1,1.18883,1.18883,0.48178200000000004,10.904761904761905,4
EPL,2425,2024-08-31 Leicester-Aston Villa,1,2024,26626,2024-08-31 14:00:00,75,71,Leicester,Aston Villa,AVL,LEI,0,0.3729,1,0.774741,0.774741,-1.389109,6.4,3,3,2.448,2,2.16385,2.16385,1.389109,10.466666666666667,6
EPL,2425,2024-08-31 Nottingham Forest-Wolverhampton Wanderers,1,2024,26627,2024-08-31 14:00:00,249,229,Nottingham Forest,Wolverhampton Wanderers,WOL,NOT,1,1.7413,1,1.41069,1.41069,0.473058,6.551724137931035,9,1,0.9358,1,0.937632,0.937632,-0.473058,6.413793103448276,4
EPL,2425,2024-08-31 West Ham-Manchester City,1,2024,26628,2024-08-31 16:30:00,81,88,West Ham,Manchester City,MCI,WHU,0,0.2524,1,0.947201,0.947201,-2.245769,20.764705882352942,5,3,2.6401,3,3.19297,3.19297,2.245769,12.125,21
EPL,2425,2024-09-01 Chelsea-Crystal Palace,1,2024,26630,2024-09-01 12:30:00,80,78,Chelsea,Crystal Palace,CRY,CHE,1,2.8748,1,2.97743,2.97743,2.517722,11.444444444444445,4,1,0.0791,1,0.459708,0.459708,-2.517722,19.789473684210527,6
EPL,2425,2024-09-01 Manchester United-Liverpool,1,2024,26631,2024-09-01 15:00:00,89,87,Manchester United,Liverpool,LIV,MUN,0,0.9689,0,1.50087,1.50087,-0.6031,12.5,6,3,1.7849,3,2.10397,2.10397,0.6031,11.692307692307692,9
EPL,2425,2024-09-01 Newcastle United-Tottenham,1,2024,26629,2024-09-01 12:30:00,86,82,Newcastle United,Tottenham,TOT,NEW,3,1.3414,2,1.58694,1.58694,-0.04610000000000003,8.761904761904763,5,0,1.3729,1,1.63304,1.63304,0.04610000000000003,4.310344827586207,9
EPL,2425,2024-09-14 Aston Villa-Everton,1,2024,26638,2024-09-14 16:30:00,71,72,Aston Villa,Everton,EVE,AVL,3,2.7595,3,3.15876,3.15876,2.306602,5.260869565217392,9,0,0.1567,2,0.852158,0.852158,-2.306602,16.333333333333332,3
EPL,2425,2024-09-14 Bournemouth-Chelsea,1,2024,26639,2024-09-14 19:00:00,73,80,Bournemouth,Chelsea,CHE,BOU,0,1.8796000000000002,0,1.53731,0.77614,-0.156586,11.266666666666667,5,3,0.8302,1,0.932726,0.932726,0.156586,9.5,9
EPL,2425,2024-09-14 Brighton-Ipswich,1,2024,26633,2024-09-14 14:00:00,220,285,Brighton,Ipswich,IPS,BRI,1,2.2361999999999997,0,1.75696,1.75696,1.035637,3.8421052631578947,12,1,0.519,0,0.721323,0.721323,-1.035637,14.727272727272727,1
EPL,2425,2024-09-14 Crystal Palace-Leicester,1,2024,26636,2024-09-14 14:00:00,78,75,Crystal Palace,Leicester,LEI,CRY,1,2.2205999999999997,2,2.88716,2.12599,0.4741199999999999,4.911764705882353,15,1,0.5925,2,1.65187,1.65187,-0.4741199999999999,14.318181818181818,7
EPL,2425,2024-09-14 Fulham-West Ham,1,2024,26634,2024-09-14 14:00:00,228,81,Fulham,West Ham,WHU,FLH,1,2.7014,1,2.88601,2.88601,2.203291,4.685714285714286,6,1,0.2015,1,0.682719,0.682719,-2.203291,6.870967741935484,4
EPL,2425,2024-09-14 Liverpool-Nottingham Forest,1,2024,26635,2024-09-14 14:00:00,87,249,Liverpool,Nottingham Forest,NOT,LIV,0,1.8907,0,1.17044,1.17044,0.580908,3.7333333333333334,6,3,0.7849,1,0.589532,0.589532,-0.580908,17.055555555555557,4
EPL,2425,2024-09-14 Manchester City-Brentford,1,2024,26637,2024-09-14 14:00:00,88,244,Manchester City,Brentford,BRE,MCI,3,1.716,2,1.55279,1.55279,0.5018499999999999,16.36842105263158,22,0,0.9993000000000001,1,1.05094,1.05094,-0.5018499999999999,24.25,6
EPL,2425,2024-09-14 Southampton-Manchester United,1,2024,26632,2024-09-14 11:30:00,74,89,Southampton,Manchester United,MUN,SOU,0,0.34349999999999997,0,1.35593,0.545317,-2.4816130000000003,10.857142857142858,3,3,2.5031999999999996,3,3.02693,3.02693,2.4816130000000003,10.344827586206897,17
EPL,2425,2024-09-15 Tottenham-Arsenal,1,2024,26640,2024-09-15 13:00:00,82,83,Tottenham,Arsenal,ARS,TOT,0,1.0177,0,0.792595,0.792595,-0.32830499999999996,5.88,10,3,1.6665999999999999,1,1.1209,1.1209,0.32830499999999996,13.588235294117647,3
EPL,2425,2024-09-15 Wolverhampton Wanderers-Newcastle United,1,2024,26641,2024-09-15 15:30:00,229,86,Wolverhampton Wanderers,Newcastle United,NEW,WOL,0,1.342,1,1.46969,1.46969,-0.013740000000000085,9.576923076923077,6,3,1.3887999999999998,2,1.48343,1.48343,0.013740000000000085,12.368421052631579,10
EPL,2425,2024-09-21 Aston Villa-Wolverhampton Wanderers,1,2024,26647,2024-09-21 14:00:00,71,229,Aston Villa,Wolverhampton Wanderers,WOL,AVL,3,2.6481,3,2.37351,2.37351,1.853393,11.8,9,0,0.2385,1,0.520117,0.520117,-1.853393,13.5,4
EPL,2425,2024-09-21 Crystal Palace-Manchester United,1,2024,26649,2024-09-21 16:30:00,78,89,Crystal Palace,Manchester United,MUN,CRY,1,0.9061,0,1.66928,1.66928,-0.6812800000000001,18.333333333333332,5,1,1.8622,0,2.35056,2.35056,0.6812800000000001,6.111111111111111,12
EPL,2425,2024-09-21 Fulham-Newcastle United,1,2024,26646,2024-09-21 14:00:00,228,86,Fulham,Newcastle United,NEW,FLH,3,2.5946000000000002,3,3.21141,3.21141,2.11373,13.037037037037036,7,0,0.293,1,1.09768,1.09768,-2.11373,11.461538461538462,3
EPL,2425,2024-09-21 Leicester-Everton,1,2024,26644,2024-09-21 14:00:00,75,72,Leicester,Everton,EVE,LEI,1,1.0394,1,1.33793,1.33793,-0.4858399999999998,8.421052631578947,8,1,1.6985,1,1.82377,1.82377,0.4858399999999998,19.307692307692307,6
EPL,2425,2024-09-21 Liverpool-Bournemouth,1,2024,26645,2024-09-21 14:00:00,87,73,Liverpool,Bournemouth,BOU,LIV,3,1.9972999999999999,3,2.43731,2.43731,0.9675200000000002,11.85,13,0,0.7964000000000001,0,1.46979,1.46979,-0.9675200000000002,16.08695652173913,6
EPL,2425,2024-09-21 Southampton-Ipswich,1,2024,26643,2024-09-21 14:00:00,74,285,Southampton,Ipswich,IPS,SOU,1,2.2631,1,2.89813,2.89813,1.25313,8.8,7,1,0.5590999999999999,1,1.645,1.645,-1.25313,9.235294117647058,5
EPL,2425,2024-09-21 Tottenham-Brentford,1,2024,26648,2024-09-21 14:00:00,82,244,Tottenham,Brentford,BRE,TOT,3,2.8655,3,3.89481,3.89481,3.001245,9.1875,17,0,0.0881,1,0.893565,0.893565,-3.001245,9.105263157894736,5
EPL,2425,2024-09-21 West Ham-Chelsea,1,2024,26642,2024-09-21 11:30:00,81,80,West Ham,Chelsea,CHE,WHU,0,0.38339999999999996,0,0.758267,0.758267,-1.6390029999999998,9.709677419354838,12,3,2.4666,3,2.39727,2.39727,1.6390029999999998,16.294117647058822,9
EPL,2425,2024-09-22 Brighton-Nottingham Forest,1,2024,26650,2024-09-22 13:00:00,220,249,Brighton,Nottingham Forest,NOT,BRI,1,1.4758,2,1.56836,1.56836,0.960299,5.304347826086956,4,1,1.2142,2,1.36923,0.608061,-0.960299,22.75,3
EPL,2425,2024-09-22 Manchester City-Arsenal,1,2024,26651,2024-09-22 15:30:00,88,83,Manchester City,Arsenal,ARS,MCI,1,2.3382,2,2.75588,2.75588,1.4717699999999998,8.357142857142858,13,1,0.48360000000000003,2,1.28411,1.28411,-1.4717699999999998,13.071428571428571,1
EPL,2425,2024-09-28 Arsenal-Leicester,1,2024,26655,2024-09-28 14:00:00,83,75,Arsenal,Leicester,LEI,ARS,3,2.9973,4,6.05305,6.05305,5.715141,4.633333333333334,21,0,0.0018,2,0.337909,0.337909,-5.715141,29.444444444444443,4
EPL,2425,2024-09-28 Brentford-West Ham,1,2024,26656,2024-09-28 14:00:00,244,81,Brentford,West Ham,WHU,BRE,1,0.8435,1,0.370222,0.370222,-0.5083949999999999,10.055555555555555,7,1,1.7666,1,0.878617,0.878617,0.5083949999999999,27.7,12
EPL,2425,2024-09-28 Chelsea-Brighton,1,2024,26657,2024-09-28 14:00:00,80,220,Chelsea,Brighton,BRI,CHE,3,2.7177000000000002,4,3.65839,2.89722,1.6901,25.23076923076923,10,0,0.1977,2,1.20712,1.20712,-1.6901,8.137931034482758,7
EPL,2425,2024-09-28 Everton-Crystal Palace,1,2024,26654,2024-09-28 14:00:00,72,78,Everton,Crystal Palace,CRY,EVE,3,1.3309,2,1.10959,1.10959,-0.013989999999999947,12.5,6,0,1.3546,1,1.12358,1.12358,0.013989999999999947,9.333333333333334,8
EPL,2425,2024-09-28 Newcastle United-Manchester City,1,2024,26652,2024-09-28 11:30:00,86,88,Newcastle United,Manchester City,MCI,NEW,1,1.4546999999999999,1,1.34344,0.582272,-0.682888,12.095238095238095,7,1,1.2507,1,1.26516,1.26516,0.682888,6.3076923076923075,16
EPL,2425,2024-09-28 Nottingham Forest-Fulham,1,2024,26653,2024-09-28 14:00:00,249,228,Nottingham Forest,Fulham,FLH,NOT,0,0.6134,0,0.614351,0.614351,-0.06040000000000001,20.071428571428573,8,3,2.1275,1,1.43592,0.674751,0.06040000000000001,8.263157894736842,4
EPL,2425,2024-09-28 Wolverhampton Wanderers-Liverpool,1,2024,26658,2024-09-28 16:30:00,229,87,Wolverhampton Wanderers,Liverpool,LIV,WOL,0,0.34709999999999996,1,0.748925,0.748925,-0.6071450000000002,14.0,2,3,2.4807,2,2.11724,1.35607,0.6071450000000002,14.777777777777779,11
EPL,2425,2024-09-29 Ipswich-Aston Villa,1,2024,26659,2024-09-29 13:00:00,285,71,Ipswich,Aston Villa,AVL,IPS,1,1.9244999999999997,2,1.84608,1.84608,0.7011399999999999,16.5625,6,1,0.8247,2,1.14494,1.14494,-0.7011399999999999,11.909090909090908,5
EPL,2425,2024-09-29 Manchester United-Tottenham,1,2024,26660,2024-09-29 15:30:00,89,82,Manchester United,Tottenham,TOT,MUN,0,0.0058,0,0.600721,0.600721,-4.8064789999999995,14.62962962962963,6,3,2.9905,3,5.4072,5.4072,4.8064789999999995,12.176470588235293,15
EPL,2425,2024-09-30 Bournemouth-Southampton,1,2024,26661,2024-09-30 19:00:00,73,74,Bournemouth,Southampton,SOU,BOU,3,1.9961000000000002,3,1.44215,1.44215,0.746082,11.59375,7,0,0.7307,1,0.696068,0.696068,-0.746082,11.75,7
EPL,2425,2024-10-05 Arsenal-Southampton,1,2024,26666,2024-10-05 14:00:00,83,74,Arsenal,Southampton,SOU,ARS,3,2.5448,3,3.25165,3.25165,1.97852,8.10344827586207,14,0,0.32930000000000004,1,1.27313,1.27313,-1.97852,15.4375,3
EPL,2425,2024-10-05 Brentford-Wolverhampton Wanderers,1,2024,26667,2024-10-05 14:00:00,244,229,Brentford,Wolverhampton Wanderers,WOL,BRE,3,2.9151,5,4.13513,3.37396,2.6777059999999997,11.833333333333334,9,0,0.0549,3,0.696254,0.696254,-2.6777059999999997,8.95,10
EPL,2425,2024-10-05 Crystal Palace-Liverpool,1,2024,26662,2024-10-05 11:30:00,78,87,Crystal Palace,Liverpool,LIV,CRY,0,0.38,0,0.609481,0.609481,-1.4638389999999997,23.9375,3,3,2.4548,1,2.07332,2.07332,1.4638389999999997,5.555555555555555,11
EPL,2425,2024-10-05 Everton-Newcastle United,1,2024,26669,2024-10-05 16:30:00,72,86,Everton,Newcastle United,NEW,EVE,1,0.4902,0,0.692214,0.692214,-0.33709599999999995,15.76923076923077,3,1,2.2629,0,1.79048,1.02931,0.33709599999999995,5.857142857142857,11
EPL,2425,2024-10-05 Leicester-Bournemouth,1,2024,26663,2024-10-05 14:00:00,75,73,Leicester,Bournemouth,BOU,LEI,3,0.5877,1,0.912063,0.912063,-1.0375670000000001,13.4,2,0,2.1873,0,1.94963,1.94963,1.0375670000000001,8.5,7
EPL,2425,2024-10-05 Manchester City-Fulham,1,2024,26664,2024-10-05 14:00:00,88,228,Manchester City,Fulham,FLH,MCI,3,0.5454,3,1.36684,1.36684,-1.3916199999999999,14.4,8,0,2.289,2,2.75846,2.75846,1.3916199999999999,22.142857142857142,11
EPL,2425,2024-10-05 West Ham-Ipswich,1,2024,26665,2024-10-05 14:00:00,81,285,West Ham,Ipswich,IPS,WHU,3,2.8891,4,4.39402,4.39402,3.20939,16.266666666666666,6,0,0.0715,1,1.18463,1.18463,-3.20939,14.652173913043478,6
EPL,2425,2024-10-06 Aston Villa-Manchester United,1,2024,26670,2024-10-06 13:00:00,71,89,Aston Villa,Manchester United,MUN,AVL,1,1.3408,0,0.532809,0.532809,0.08427199999999996,14.214285714285714,9,1,1.1911,0,0.448537,0.448537,-0.08427199999999996,13.882352941176471,1
EPL,2425,2024-10-06 Brighton-Tottenham,1,2024,26671,2024-10-06 15:30:00,220,82,Brighton,Tottenham,TOT,BRI,3,2.0558,3,1.97217,1.97217,0.87938,12.428571428571429,4,0,0.7226,2,1.09279,1.09279,-0.87938,12.875,10
EPL,2425,2024-10-06 Chelsea-Nottingham Forest,1,2024,26668,2024-10-06 13:00:00,80,249,Chelsea,Nottingham Forest,NOT,CHE,1,1.8302,1,2.27752,2.27752,0.6109800000000001,5.869565217391305,13,1,0.9482,1,1.66654,1.66654,-0.6109800000000001,15.882352941176471,5
EPL,2425,2024-10-19 Bournemouth-Arsenal,1,2024,26680,2024-10-19 16:30:00,73,83,Bournemouth,Arsenal,ARS,BOU,3,2.4646,2,2.18419,1.42302,0.6822619999999999,11.761904761904763,7,0,0.3568,0,0.740758,0.740758,-0.6822619999999999,8.9,4
EPL,2425,2024-10-19 Fulham-Aston Villa,1,2024,26673,2024-10-19 14:00:00,228,71,Fulham,Aston Villa,AVL,FLH,0,2.2527000000000004,1,2.63074,1.86957,0.4336199999999999,12.35,3,3,0.5631,3,1.43595,1.43595,-0.4336199999999999,16.8,9
EPL,2425,2024-10-19 Ipswich-Everton,1,2024,26674,2024-10-19 14:00:00,285,72,Ipswich,Everton,EVE,IPS,0,1.0131999999999999,0,1.174,1.174,-0.43404,11.428571428571429,3,3,1.717,2,1.60804,1.60804,0.43404,15.894736842105264,9
EPL,2425,2024-10-19 Manchester United-Brentford,1,2024,26675,2024-10-19 14:00:00,89,244,Manchester United,Brentford,BRE,MUN,3,2.023,2,1.76555,1.76555,0.8727069999999999,16.105263157894736,12,0,0.7375,1,0.892843,0.892843,-0.8727069999999999,16.235294117647058,3
EPL,2425,2024-10-19 Newcastle United-Brighton,1,2024,26676,2024-10-19 14:00:00,86,220,Newcastle United,Brighton,BRI,NEW,0,1.5542,0,1.93657,1.93657,0.25866999999999996,5.868421052631579,14,3,1.2047,1,1.6779,1.6779,-0.25866999999999996,16.529411764705884,6
EPL,2425,2024-10-19 Southampton-Leicester,1,2024,26678,2024-10-19 14:00:00,74,75,Southampton,Leicester,LEI,SOU,0,1.0828000000000002,2,2.42776,2.42776,0.35065999999999997,16.0,8,3,1.6762000000000001,3,2.83826,2.0771,-0.35065999999999997,6.633333333333334,11
EPL,2425,2024-10-19 Tottenham-West Ham,1,2024,26672,2024-10-19 11:30:00,82,81,Tottenham,West Ham,WHU,TOT,3,1.7992000000000001,4,1.44052,1.44052,0.581717,6.15625,11,0,0.9253,1,0.858803,0.858803,-0.581717,8.666666666666666,6
EPL,2425,2024-10-20 Liverpool-Chelsea,1,2024,26679,2024-10-20 15:30:00,87,80,Liverpool,Chelsea,CHE,LIV,3,2.0937,2,2.22517,1.464,0.12495999999999996,12.8,2,0,0.6800999999999999,1,1.33904,1.33904,-0.12495999999999996,15.9375,6
EPL,2425,2024-10-20 Wolverhampton Wanderers-Manchester City,1,2024,26681,2024-10-20 13:00:00,229,88,Wolverhampton Wanderers,Manchester City,MCI,WOL,0,0.8929,1,0.761217,0.761217,-0.604473,26.571428571428573,0,3,1.819,2,1.36569,1.36569,0.604473,5.947368421052632,25
EPL,2425,2024-10-21 Nottingham Forest-Crystal Palace,1,2024,26677,2024-10-21 19:00:00,249,78,Nottingham Forest,Crystal Palace,CRY,NOT,3,2.1385,1,1.88573,1.88573,1.050729,14.588235294117647,9,0,0.6484000000000001,0,0.835001,0.835001,-1.050729,8.666666666666666,5
EPL,2425,2024-10-25 Leicester-Nottingham Forest,1,2024,26682,2024-10-25 19:00:00,75,249,Leicester,Nottingham Forest,NOT,LEI,0,0.281,1,0.832415,0.832415,-1.712465,5.130434782608695,8,3,2.5784000000000002,3,2.54488,2.54488,1.712465,14.19047619047619,6
EPL,2425,2024-10-26 Aston Villa-Bournemouth,1,2024,26684,2024-10-26 14:00:00,71,73,Aston Villa,Bournemouth,BOU,AVL,1,2.5907999999999998,1,1.974,1.974,1.645349,10.333333333333334,16,1,0.267,1,0.328651,0.328651,-1.645349,8.807692307692308,6
EPL,2425,2024-10-26 Brentford-Ipswich,1,2024,26685,2024-10-26 14:00:00,244,285,Brentford,Ipswich,IPS,BRE,3,2.6407,4,4.09663,3.33546,1.67848,7.933333333333334,9,0,0.2695,3,1.65698,1.65698,-1.67848,18.63157894736842,6
EPL,2425,2024-10-26 Brighton-Wolverhampton Wanderers,1,2024,26686,2024-10-26 14:00:00,220,229,Brighton,Wolverhampton Wanderers,WOL,BRI,1,1.6689,2,1.51347,1.51347,0.40273000000000003,9.964285714285714,12,1,1.0608,2,1.11074,1.11074,-0.40273000000000003,11.272727272727273,3
EPL,2425,2024-10-26 Everton-Fulham,1,2024,26687,2024-10-26 16:30:00,72,228,Everton,Fulham,FLH,EVE,1,0.8440000000000001,1,0.884845,0.884845,-0.6104649999999999,21.176470588235293,7,1,1.8721,1,1.49531,1.49531,0.6104649999999999,10.95,7
EPL,2425,2024-10-26 Manchester City-Southampton,1,2024,26683,2024-10-26 14:00:00,88,74,Manchester City,Southampton,SOU,MCI,3,2.8853,1,3.16286,3.16286,2.792871,11.8,12,0,0.06949999999999999,0,0.369989,0.369989,-2.792871,15.909090909090908,6
EPL,2425,2024-10-27 Arsenal-Liverpool,1,2024,26691,2024-10-27 16:30:00,83,87,Arsenal,Liverpool,LIV,ARS,1,1.0945,2,1.0883,1.0883,-0.26516000000000006,8.071428571428571,6,1,1.5928,2,1.35346,1.35346,0.26516000000000006,8.272727272727273,8
EPL,2425,2024-10-27 Chelsea-Newcastle United,1,2024,26688,2024-10-27 14:00:00,80,86,Chelsea,Newcastle United,NEW,CHE,3,1.2267000000000001,2,1.61794,1.61794,-0.12431000000000014,9.137931034482758,5,0,1.4976,1,1.74225,1.74225,0.12431000000000014,9.08,11
EPL,2425,2024-10-27 Crystal Palace-Tottenham,1,2024,26689,2024-10-27 14:00:00,78,82,Crystal Palace,Tottenham,TOT,CRY,3,1.2846000000000002,1,0.978611,0.978611,-0.0405890000000001,6.951219512195122,7,0,1.389,0,1.0192,1.0192,0.0405890000000001,4.625,7
EPL,2425,2024-10-27 West Ham-Manchester United,1,2024,26690,2024-10-27 14:00:00,81,89,West Ham,Manchester United,MUN,WHU,3,1.6669999999999998,2,2.99312,2.23195,-0.3940300000000003,21.076923076923077,7,0,1.1108,1,2.62598,2.62598,0.3940300000000003,10.285714285714286,7
EPL,2425,2024-11-02 Bournemouth-Manchester City,1,2024,26692,2024-11-02 15:00:00,73,88,Bournemouth,Manchester City,MCI,BOU,3,1.4571,2,2.4493,2.4493,0.09660000000000002,15.05,6,0,1.3071,1,2.3527,2.3527,-0.09660000000000002,13.0,17
EPL,2425,2024-11-02 Ipswich-Leicester,1,2024,26695,2024-11-02 15:00:00,285,75,Ipswich,Leicester,LEI,IPS,1,0.6904,1,1.33617,1.33617,-1.0024099999999998,11.318181818181818,4,1,2.1052000000000004,1,2.33858,2.33858,1.0024099999999998,10.615384615384615,10
EPL,2425,2024-11-02 Liverpool-Brighton,1,2024,26696,2024-11-02 15:00:00,87,220,Liverpool,Brighton,BRI,LIV,3,1.9723000000000002,2,1.81037,1.81037,0.7946900000000001,10.464285714285714,10,0,0.7932999999999999,1,1.01568,1.01568,-0.7946900000000001,8.058823529411764,5
EPL,2425,2024-11-02 Newcastle United-Arsenal,1,2024,26694,2024-11-02 12:30:00,86,83,Newcastle United,Arsenal,ARS,NEW,3,1.2812,1,0.859715,0.859715,-0.051590000000000025,13.210526315789474,9,0,1.3742,0,0.911305,0.911305,0.051590000000000025,5.24,9
EPL,2425,2024-11-02 Nottingham Forest-West Ham,1,2024,26698,2024-11-02 15:00:00,249,81,Nottingham Forest,West Ham,WHU,NOT,3,2.8259999999999996,3,2.35011,2.35011,2.217793,14.1875,11,0,0.1008,0,0.132317,0.132317,-2.217793,13.066666666666666,2
EPL,2425,2024-11-02 Southampton-Everton,1,2024,26699,2024-11-02 15:00:00,74,72,Southampton,Everton,EVE,SOU,3,0.4341,1,0.540345,0.540345,-1.2454649999999998,9.235294117647058,6,0,2.3625,0,1.78581,1.78581,1.2454649999999998,15.0,4
EPL,2425,2024-11-02 Wolverhampton Wanderers-Crystal Palace,1,2024,26701,2024-11-02 17:30:00,229,78,Wolverhampton Wanderers,Crystal Palace,CRY,WOL,1,0.6972,2,1.65018,1.65018,-0.9983099999999998,6.103448275862069,6,1,2.0930999999999997,2,2.64849,2.64849,0.9983099999999998,12.956521739130435,2
EPL,2425,2024-11-03 Manchester United-Chelsea,1,2024,26697,2024-11-03 16:30:00,89,80,Manchester United,Chelsea,CHE,MUN,1,2.112,1,2.1605,1.39934,0.18863000000000008,8.151515151515152,4,1,0.6591,1,1.21071,1.21071,-0.18863000000000008,10.208333333333334,8
EPL,2425,2024-11-03 Tottenham-Aston Villa,1,2024,26700,2024-11-03 14:00:00,82,71,Tottenham,Aston Villa,AVL,TOT,3,1.0641,4,2.09751,2.09751,-0.38998,5.441860465116279,11,0,1.6758,1,2.48749,2.48749,0.38998,10.470588235294118,3
EPL,2425,2024-11-04 Fulham-Brentford,1,2024,26693,2024-11-04 20:00:00,228,244,Fulham,Brentford,BRE,FLH,3,1.8809,2,1.43017,1.43017,0.690939,6.0,13,0,0.8258,1,0.739231,0.739231,-0.690939,12.333333333333334,2
EPL,2425,2024-11-09 Brentford-Bournemouth,1,2024,26702,2024-11-09 15:00:00,244,73,Brentford,Bournemouth,BOU,BRE,3,0.7424999999999999,3,1.56474,1.56474,-0.9276,9.0,14,0,2.0433,2,2.49234,2.49234,0.9276,8.782608695652174,6
EPL,2425,2024-11-09 Brighton-Manchester City,1,2024,26703,2024-11-09 17:30:00,220,88,Brighton,Manchester City,MCI,BRI,3,1.5584000000000002,2,2.87116,2.87116,0.26781999999999995,13.566666666666666,5,0,1.2107,1,2.60334,2.60334,-0.26781999999999995,17.470588235294116,4
EPL,2425,2024-11-09 Crystal Palace-Fulham,1,2024,26706,2024-11-09 15:00:00,78,228,Crystal Palace,Fulham,FLH,CRY,0,1.1876,0,1.96037,1.96037,-0.29294,13.615384615384615,4,3,1.5794000000000001,2,2.25331,2.25331,0.29294,6.538461538461538,7
EPL,2425,2024-11-09 Liverpool-Aston Villa,1,2024,26707,2024-11-09 20:00:00,87,71,Liverpool,Aston Villa,AVL,LIV,3,2.0739,2,2.68196,2.68196,1.01859,8.615384615384615,7,0,0.7257,0,1.66337,1.66337,-1.01859,17.681818181818183,4
EPL,2425,2024-11-09 West Ham-Everton,1,2024,26710,2024-11-09 15:00:00,81,72,West Ham,Everton,EVE,WHU,1,1.5993,0,1.1237,1.1237,0.257717,10.142857142857142,8,1,1.0962,0,0.865983,0.865983,-0.257717,11.11111111111111,7
EPL,2425,2024-11-09 Wolverhampton Wanderers-Southampton,1,2024,26711,2024-11-09 15:00:00,229,74,Wolverhampton Wanderers,Southampton,SOU,WOL,3,1.4629999999999999,2,0.912781,0.912781,0.12012599999999996,25.4375,7,0,1.1777,0,0.792655,0.792655,-0.12012599999999996,5.814814814814815,6
EPL,2425,2024-11-10 Chelsea-Arsenal,1,2024,26705,2024-11-10 16:30:00,80,83,Chelsea,Arsenal,ARS,CHE,1,0.8506,1,1.24067,1.24067,-0.71983,16.5,6,1,1.9068999999999998,1,1.9605,1.9605,0.71983,10.26086956521739,6
EPL,2425,2024-11-10 Manchester United-Leicester,1,2024,26708,2024-11-10 14:00:00,89,75,Manchester United,Leicester,LEI,MUN,3,2.0891,3,1.2369,1.2369,0.8196050000000001,10.142857142857142,2,0,0.6164000000000001,0,0.417295,0.417295,-0.8196050000000001,14.6,5
EPL,2425,2024-11-10 Nottingham Forest-Newcastle United,1,2024,26704,2024-11-10 14:00:00,249,86,Nottingham Forest,Newcastle United,NEW,NOT,0,0.8372999999999999,1,1.17852,1.17852,-0.69052,10.695652173913043,4,3,1.9041,3,1.86904,1.86904,0.69052,13.833333333333334,10
EPL,2425,2024-11-10 Tottenham-Ipswich,1,2024,26709,2024-11-10 14:00:00,82,285,Tottenham,Ipswich,IPS,TOT,0,1.014,1,1.75088,1.75088,-0.4330400000000001,6.631578947368421,10,3,1.7298,2,2.18392,2.18392,0.4330400000000001,9.35483870967742,6
EPL,2425,2024-11-23 Arsenal-Nottingham Forest,1,2024,26714,2024-11-23 15:00:00,83,249,Arsenal,Nottingham Forest,NOT,ARS,3,2.3644,3,1.66016,1.66016,1.2570240000000001,10.533333333333333,19,0,0.4249,0,0.403136,0.403136,-1.2570240000000001,21.647058823529413,0
EPL,2425,2024-11-23 Aston Villa-Crystal Palace,1,2024,26716,2024-11-23 15:00:00,71,78,Aston Villa,Crystal Palace,CRY,AVL,1,2.3213,2,3.04455,2.28338,0.6690100000000001,7.4,11,1,0.5138,2,1.61437,1.61437,-0.6690100000000001,15.818181818181818,2
EPL,2425,2024-11-23 Bournemouth-Brighton,1,2024,26712,2024-11-23 15:00:00,73,220,Bournemouth,Brighton,BRI,BOU,0,1.8321999999999998,1,1.91157,1.91157,0.6809799999999999,7.419354838709677,11,3,0.9064000000000001,2,1.23059,1.23059,-0.6809799999999999,13.0,5
EPL,2425,2024-11-23 Everton-Brentford,1,2024,26715,2024-11-23 15:00:00,72,244,Everton,Brentford,BRE,EVE,1,1.5025,0,1.5951,1.5951,0.25195999999999996,14.866666666666667,8,1,1.2202000000000002,0,1.34314,1.34314,-0.25195999999999996,7.956521739130435,1
EPL,2425,2024-11-23 Fulham-Wolverhampton Wanderers,1,2024,26717,2024-11-23 15:00:00,228,229,Fulham,Wolverhampton Wanderers,WOL,FLH,0,0.8195999999999999,1,0.717158,0.717158,-0.621872,6.611111111111111,6,3,1.8798,4,1.33903,1.33903,0.621872,14.368421052631579,8
EPL,2425,2024-11-23 Leicester-Chelsea,1,2024,26719,2024-11-23 12:30:00,75,80,Leicester,Chelsea,CHE,LEI,0,0.2195,1,0.967987,0.206818,-2.609762,13.291666666666666,3,3,2.6633,2,2.81658,2.81658,2.609762,8.347826086956522,13
EPL,2425,2024-11-23 Manchester City-Tottenham,1,2024,26720,2024-11-23 17:30:00,88,82,Manchester City,Tottenham,TOT,MCI,0,0.6784,0,2.15899,2.15899,-1.1454999999999997,6.621621621621622,14,3,2.1441999999999997,4,3.30449,3.30449,1.1454999999999997,28.3,8
EPL,2425,2024-11-24 Ipswich-Manchester United,1,2024,26718,2024-11-24 16:30:00,285,89,Ipswich,Manchester United,MUN,IPS,1,1.9564,1,1.98714,1.98714,0.7180199999999999,21.136363636363637,4,1,0.7996,1,1.26912,1.26912,-0.7180199999999999,12.0,5
EPL,2425,2024-11-24 Southampton-Liverpool,1,2024,26721,2024-11-24 14:00:00,74,87,Southampton,Liverpool,LIV,SOU,0,0.3767,2,1.53985,0.642015,-1.785165,24.0,6,3,2.4682999999999997,3,3.18835,2.42718,1.785165,8.285714285714286,13
EPL,2425,2024-11-25 Newcastle United-West Ham,1,2024,26713,2024-11-25 20:00:00,86,81,Newcastle United,West Ham,WHU,NEW,0,1.8360000000000003,0,1.49781,1.49781,0.5549860000000001,9.448275862068966,6,3,0.8991,2,0.942824,0.942824,-0.5549860000000001,14.11111111111111,5
EPL,2425,2024-11-29 Brighton-Southampton,1,2024,26723,2024-11-29 20:00:00,220,74,Brighton,Southampton,SOU,BRI,1,2.0479,1,1.86986,1.86986,0.934891,8.588235294117647,16,1,0.7225,1,0.934969,0.934969,-0.934891,12.045454545454545,4
EPL,2425,2024-11-30 Brentford-Leicester,1,2024,26722,2024-11-30 15:00:00,244,75,Brentford,Leicester,LEI,BRE,3,2.3232999999999997,4,2.21885,2.21885,1.3112950000000003,7.607142857142857,7,0,0.4798,1,0.907555,0.907555,-1.3112950000000003,14.421052631578947,3
EPL,2425,2024-11-30 Crystal Palace-Newcastle United,1,2024,26725,2024-11-30 15:00:00,78,86,Crystal Palace,Newcastle United,NEW,CRY,1,2.8826,1,2.29595,2.29595,2.274961,8.851851851851851,11,1,0.0605,1,0.020989,0.020989,-2.274961,9.5,2
EPL,2425,2024-11-30 Nottingham Forest-Ipswich,1,2024,26728,2024-11-30 15:00:00,249,285,Nottingham Forest,Ipswich,IPS,NOT,3,2.4696000000000002,1,1.76587,1.0047,0.5419289999999999,12.875,3,0,0.3504,0,0.462771,0.462771,-0.5419289999999999,7.722222222222222,5
EPL,2425,2024-11-30 West Ham-Arsenal,1,2024,26730,2024-11-30 17:30:00,81,83,West Ham,Arsenal,ARS,WHU,0,0.1265,2,1.23539,1.23539,-1.24162,13.833333333333334,3,3,2.8133,5,3.99935,2.47701,1.24162,12.0,6
EPL,2425,2024-11-30 Wolverhampton Wanderers-Bournemouth,1,2024,26731,2024-11-30 15:00:00,229,73,Wolverhampton Wanderers,Bournemouth,BOU,WOL,0,0.1558,2,0.866034,0.866034,0.07053299999999996,11.3125,8,3,2.7676,4,3.07901,0.795501,-0.07053299999999996,10.74074074074074,4
EPL,2425,2024-12-01 Chelsea-Aston Villa,1,2024,26724,2024-12-01 13:30:00,80,71,Chelsea,Aston Villa,AVL,CHE,3,2.1509,3,1.94939,1.94939,1.073947,8.1,4,0,0.6308,0,0.875443,0.875443,-1.073947,39.6,4
EPL,2425,2024-12-01 Liverpool-Manchester City,1,2024,26726,2024-12-01 16:00:00,87,88,Liverpool,Manchester City,MCI,LIV,3,2.9016,2,3.70054,2.93937,2.194355,17.352941176470587,8,0,0.06359999999999999,0,0.745015,0.745015,-2.194355,15.6875,4
EPL,2425,2024-12-01 Manchester United-Everton,1,2024,26727,2024-12-01 13:30:00,89,72,Manchester United,Everton,EVE,MUN,3,2.1703,4,1.76161,1.76161,0.9948609999999999,11.458333333333334,10,0,0.5986,0,0.766749,0.766749,-0.9948609999999999,17.074074074074073,3
EPL,2425,2024-12-01 Tottenham-Fulham,1,2024,26729,2024-12-01 13:30:00,82,228,Tottenham,Fulham,FLH,TOT,1,0.9093000000000001,1,1.01086,1.01086,-0.5618799999999999,19.307692307692307,7,1,1.8117,1,1.57274,1.57274,0.5618799999999999,11.347826086956522,7
EPL,2425,2024-12-03 Ipswich-Crystal Palace,1,2024,26737,2024-12-03 19:30:00,285,78,Ipswich,Crystal Palace,CRY,IPS,0,0.46419999999999995,0,0.471708,0.471708,-1.182512,10.956521739130435,2,3,2.3167,1,1.65422,1.65422,1.182512,13.565217391304348,6
EPL,2425,2024-12-03 Leicester-West Ham,1,2024,26738,2024-12-03 20:15:00,75,81,Leicester,West Ham,WHU,LEI,3,1.3649,3,2.78061,2.78061,-0.09655000000000014,10.068965517241379,4,0,1.4368999999999998,1,2.87716,2.87716,0.09655000000000014,12.777777777777779,14
EPL,2425,2024-12-04 Arsenal-Manchester United,1,2024,26733,2024-12-04 20:15:00,83,89,Arsenal,Manchester United,MUN,ARS,3,2.9395,2,2.96684,2.96684,2.710757,11.8,8,0,0.0343,0,0.256083,0.256083,-2.710757,19.4,1
EPL,2425,2024-12-04 Aston Villa-Brentford,1,2024,26734,2024-12-04 20:15:00,71,244,Aston Villa,Brentford,BRE,AVL,3,2.6043000000000003,3,3.21673,2.45556,1.3229000000000002,11.105263157894736,11,0,0.2826,1,1.13266,1.13266,-1.3229000000000002,7.258064516129032,5
EPL,2425,2024-12-04 Everton-Wolverhampton Wanderers,1,2024,26735,2024-12-04 19:30:00,72,229,Everton,Wolverhampton Wanderers,WOL,EVE,3,1.8867999999999998,4,1.49904,1.49904,0.6513159999999999,10.178571428571429,7,0,0.8206,0,0.847724,0.847724,-0.6513159999999999,7.708333333333333,4
EPL,2425,2024-12-04 Manchester City-Nottingham Forest,1,2024,26739,2024-12-04 19:30:00,88,249,Manchester City,Nottingham Forest,NOT,MCI,3,2.7382999999999997,3,3.20169,3.20169,2.399535,7.866666666666666,10,0,0.1778,0,0.802155,0.802155,-2.399535,10.703703703703704,7
EPL,2425,2024-12-04 Newcastle United-Liverpool,1,2024,26740,2024-12-04 19:30:00,86,87,Newcastle United,Liverpool,LIV,NEW,1,0.9100999999999999,3,1.52057,1.52057,-0.7070900000000002,13.590909090909092,3,1,1.8659000000000001,3,2.22766,2.22766,0.7070900000000002,8.153846153846153,9
EPL,2425,2024-12-04 Southampton-Chelsea,1,2024,26741,2024-12-04 19:30:00,74,80,Southampton,Chelsea,CHE,SOU,0,0.052099999999999994,1,1.91014,1.91014,-3.92296,33.375,6,3,2.9237,5,5.8331,5.8331,3.92296,11.074074074074074,18
EPL,2425,2024-12-05 Bournemouth-Tottenham,1,2024,26732,2024-12-05 20:15:00,73,82,Bournemouth,Tottenham,TOT,BOU,3,2.7977000000000003,1,3.27716,3.27716,2.653226,7.064516129032258,10,0,0.13490000000000002,0,0.623934,0.623934,-2.653226,3.5925925925925926,11
EPL,2425,2024-12-05 Fulham-Brighton,1,2024,26736,2024-12-05 19:30:00,228,220,Fulham,Brighton,BRI,FLH,3,0.9318,3,0.666644,0.666644,-0.4327460000000001,18.705882352941178,3,0,1.7403,1,1.09939,1.09939,0.4327460000000001,13.647058823529411,2
EPL,2425,2024-12-07 Aston Villa-Southampton,1,2024,26742,2024-12-07 15:00:00,71,74,Aston Villa,Southampton,SOU,AVL,3,2.7499,1,2.51338,2.51338,2.127548,7.885714285714286,13,0,0.1582,0,0.385832,0.385832,-2.127548,8.851851851851851,7
EPL,2425,2024-12-07 Brentford-Newcastle United,1,2024,26743,2024-12-07 15:00:00,244,86,Brentford,Newcastle United,NEW,BRE,3,1.2189,4,1.746,1.746,-0.21045000000000003,10.76,6,0,1.539,2,1.95645,1.95645,0.21045000000000003,12.133333333333333,9
EPL,2425,2024-12-07 Crystal Palace-Manchester City,1,2024,26747,2024-12-07 15:00:00,78,88,Crystal Palace,Manchester City,MCI,CRY,1,1.0644,2,1.21476,1.21476,-0.36983999999999995,38.8,6,1,1.6707,2,1.5846,1.5846,0.36983999999999995,8.227272727272727,16
EPL,2425,2024-12-07 Manchester United-Nottingham Forest,1,2024,26744,2024-12-07 17:30:00,89,249,Manchester United,Nottingham Forest,NOT,MUN,0,2.0817,2,1.4697,1.4697,0.818483,3.2083333333333335,7,3,0.6564000000000001,3,0.651217,0.651217,-0.818483,26.384615384615383,4
EPL,2425,2024-12-08 Fulham-Arsenal,1,2024,26749,2024-12-08 14:00:00,228,83,Fulham,Arsenal,ARS,FLH,1,0.0306,1,0.150988,0.150988,-2.282312,24.357142857142858,0,1,2.943,1,2.4333,2.4333,2.282312,8.68421052631579,12
EPL,2425,2024-12-08 Ipswich-Bournemouth,1,2024,26750,2024-12-08 14:00:00,285,73,Ipswich,Bournemouth,BOU,IPS,0,0.30200000000000005,1,1.5668,1.5668,-1.9244700000000001,9.4,12,3,2.5852999999999997,2,3.49127,3.49127,1.9244700000000001,5.125,12
EPL,2425,2024-12-08 Leicester-Brighton,1,2024,26751,2024-12-08 14:00:00,75,220,Leicester,Brighton,BRI,LEI,1,1.6399000000000001,2,1.42438,1.42438,0.30254000000000003,14.5,3,1,1.0744,2,1.12184,1.12184,-0.30254000000000003,12.423076923076923,5
EPL,2425,2024-12-08 Tottenham-Chelsea,1,2024,26745,2024-12-08 16:30:00,82,80,Tottenham,Chelsea,CHE,TOT,0,1.8100999999999998,3,3.25488,3.25488,2.20396,9.857142857142858,8,3,0.9833000000000001,4,2.57326,1.05092,-2.20396,7.958333333333333,16
EPL,2425,2024-12-09 West Ham-Wolverhampton Wanderers,1,2024,26746,2024-12-09 20:00:00,81,229,West Ham,Wolverhampton Wanderers,WOL,WHU,3,1.1481,2,1.19808,1.19808,-0.27759,9.043478260869565,7,0,1.5825,1,1.47567,1.47567,0.27759,8.037037037037036,6
EPL,2425,2024-12-14 Arsenal-Everton,1,2024,26755,2024-12-14 15:00:00,83,72,Arsenal,Everton,EVE,ARS,1,2.4169,0,1.30865,1.30865,1.176484,5.0476190476190474,12,1,0.3379,0,0.132166,0.132166,-1.176484,19.77777777777778,2
EPL,2425,2024-12-14 Liverpool-Fulham,1,2024,26752,2024-12-14 15:00:00,87,228,Liverpool,Fulham,FLH,LIV,1,1.9724999999999997,2,2.09698,2.09698,0.8107799999999998,7.703703703703703,8,1,0.8013000000000001,2,1.2862,1.2862,-0.8107799999999998,38.75,6
EPL,2425,2024-12-14 Newcastle United-Leicester,1,2024,26760,2024-12-14 15:00:00,86,75,Newcastle United,Leicester,LEI,NEW,3,2.9819,4,3.95461,3.95461,3.7678510000000003,11.368421052631579,21,0,0.0098,0,0.186759,0.186759,-3.7678510000000003,14.826086956521738,3
EPL,2425,2024-12-14 Nottingham Forest-Aston Villa,1,2024,26761,2024-12-14 17:30:00,249,71,Nottingham Forest,Aston Villa,AVL,NOT,3,2.6913,2,2.2861,2.2861,1.8966769999999997,17.3125,5,0,0.198,1,0.389423,0.389423,-1.8966769999999997,16.928571428571427,7
EPL,2425,2024-12-14 Wolverhampton Wanderers-Ipswich,1,2024,26758,2024-12-14 15:00:00,229,285,Wolverhampton Wanderers,Ipswich,IPS,WOL,0,0.9286,1,1.23748,1.23748,-0.49601000000000006,11.608695652173912,11,3,1.8144999999999998,2,1.73349,1.73349,0.49601000000000006,12.363636363636363,4
EPL,2425,2024-12-15 Brighton-Crystal Palace,1,2024,26756,2024-12-15 14:00:00,220,78,Brighton,Crystal Palace,CRY,BRI,0,0.39640000000000003,1,1.32323,1.32323,-1.6829500000000002,4.756756756756757,9,3,2.4631,3,3.00618,3.00618,1.6829500000000002,14.136363636363637,6
EPL,2425,2024-12-15 Chelsea-Brentford,1,2024,26757,2024-12-15 19:00:00,80,244,Chelsea,Brentford,BRE,CHE,3,1.9714,2,2.59146,2.59146,0.9328500000000002,8.761904761904763,13,0,0.8152,1,1.65861,1.65861,-0.9328500000000002,14.625,6
EPL,2425,2024-12-15 Manchester City-Manchester United,1,2024,26753,2024-12-15 16:30:00,88,89,Manchester City,Manchester United,MUN,MCI,0,0.3402,1,0.638103,0.638103,-0.647347,16.944444444444443,4,3,2.4972,2,2.04662,1.28545,0.647347,7.928571428571429,5
EPL,2425,2024-12-15 Southampton-Tottenham,1,2024,26759,2024-12-15 19:00:00,74,82,Southampton,Tottenham,TOT,SOU,0,0.13890000000000002,0,1.27356,1.27356,-2.6196599999999997,17.47826086956522,2,3,2.7945,5,3.89322,3.89322,2.6196599999999997,10.666666666666666,10
EPL,2425,2024-12-16 Bournemouth-West Ham,1,2024,26754,2024-12-16 20:00:00,73,81,Bournemouth,West Ham,WHU,BOU,1,1.5071999999999999,1,2.04842,2.04842,0.9913200000000002,11.473684210526315,10,1,1.2479999999999998,1,1.81827,1.0571,-0.9913200000000002,10.894736842105264,6
EPL,2425,2024-12-21 Aston Villa-Manchester City,1,2024,26762,2024-12-21 12:30:00,71,88,Aston Villa,Manchester City,MCI,AVL,3,2.0925,2,2.05988,2.05988,0.9636100000000001,18.357142857142858,7,0,0.6900000000000001,1,1.09627,1.09627,-0.9636100000000001,19.6,4
EPL,2425,2024-12-21 Brentford-Nottingham Forest,1,2024,26766,2024-12-21 15:00:00,244,249,Brentford,Nottingham Forest,NOT,BRE,0,1.1537,0,0.769004,0.769004,-0.19589299999999998,4.862068965517241,11,3,1.5014,2,0.964897,0.964897,0.19589299999999998,15.222222222222221,6
EPL,2425,2024-12-21 Crystal Palace-Arsenal,1,2024,26765,2024-12-21 17:30:00,78,83,Crystal Palace,Arsenal,ARS,CRY,0,0.42580000000000007,1,1.6052,1.6052,-1.4491399999999999,17.3,3,3,2.4151000000000002,5,3.05434,3.05434,1.4491399999999999,12.833333333333334,6
EPL,2425,2024-12-21 Ipswich-Newcastle United,1,2024,26771,2024-12-21 15:00:00,285,86,Ipswich,Newcastle United,NEW,IPS,0,0.25579999999999997,0,1.06427,1.06427,-2.16959,17.782608695652176,0,3,2.6363,4,3.23386,3.23386,2.16959,12.263157894736842,14
EPL,2425,2024-12-21 West Ham-Brighton,1,2024,26767,2024-12-21 15:00:00,81,220,West Ham,Brighton,BRI,WHU,1,1.2192,1,1.22937,1.22937,-0.11441999999999997,9.48,6,1,1.485,1,1.34379,1.34379,0.11441999999999997,6.1891891891891895,13
EPL,2425,2024-12-22 Everton-Chelsea,1,2024,26764,2024-12-22 14:00:00,72,80,Everton,Chelsea,CHE,EVE,1,0.9176,0,1.07081,1.07081,-0.44510000000000005,14.428571428571429,0,1,1.7681,0,1.51591,1.51591,0.44510000000000005,4.782608695652174,2
EPL,2425,2024-12-22 Fulham-Southampton,1,2024,26763,2024-12-22 14:00:00,228,74,Fulham,Southampton,SOU,FLH,1,2.2141,0,1.25255,1.25255,0.9725190000000001,18.333333333333332,8,1,0.5035000000000001,0,0.280031,0.280031,-0.9725190000000001,11.653846153846153,3
EPL,2425,2024-12-22 Leicester-Wolverhampton Wanderers,1,2024,26770,2024-12-22 14:00:00,75,229,Leicester,Wolverhampton Wanderers,WOL,LEI,0,1.017,0,0.78868,0.78868,-0.34663,11.851851851851851,3,3,1.6608,3,1.13531,1.13531,0.34663,14.590909090909092,3
EPL,2425,2024-12-22 Manchester United-Bournemouth,1,2024,26769,2024-12-22 14:00:00,89,73,Manchester United,Bournemouth,BOU,MUN,0,1.6816999999999998,0,2.28533,2.28533,1.21819,7.3478260869565215,14,3,1.0631,3,1.82831,1.06714,-1.21819,9.23076923076923,3
EPL,2425,2024-12-22 Tottenham-Liverpool,1,2024,26768,2024-12-22 16:30:00,82,87,Tottenham,Liverpool,LIV,TOT,0,0.0286,3,1.20245,1.20245,-3.99969,21.53846153846154,8,3,2.9533,6,5.20214,5.20214,3.99969,11.551724137931034,14
EPL,2425,2024-12-26 Bournemouth-Crystal Palace,1,2024,26772,2024-12-26 15:00:00,73,78,Bournemouth,Crystal Palace,CRY,BOU,1,1.9444000000000001,0,1.20189,1.20189,0.7018239999999999,6.411764705882353,10,1,0.7489,0,0.500066,0.500066,-0.7018239999999999,11.842105263157896,8
EPL,2425,2024-12-26 Chelsea-Fulham,1,2024,26775,2024-12-26 15:00:00,80,228,Chelsea,Fulham,FLH,CHE,0,1.1754,1,1.55626,1.55626,-0.22303000000000006,16.869565217391305,6,3,1.5630000000000002,2,1.77929,1.77929,0.22303000000000006,17.88235294117647,4
EPL,2425,2024-12-26 Liverpool-Leicester,1,2024,26776,2024-12-26 20:00:00,87,75,Liverpool,Leicester,LEI,LIV,3,2.6357000000000004,3,1.89935,1.89935,1.6783800000000002,5.484848484848484,26,0,0.2228,1,0.22097,0.22097,-1.6783800000000002,78.0,0
EPL,2425,2024-12-26 Manchester City-Everton,1,2024,26777,2024-12-26 12:30:00,88,72,Manchester City,Everton,EVE,MCI,1,2.609,1,2.51965,1.75849,1.105201,10.666666666666666,18,1,0.2591,1,0.653289,0.653289,-1.105201,28.09090909090909,1
EPL,2425,2024-12-26 Newcastle United-Aston Villa,1,2024,26778,2024-12-26 15:00:00,86,71,Newcastle United,Aston Villa,AVL,NEW,3,2.8808000000000002,3,2.82867,2.82867,2.603148,6.107142857142857,20,0,0.0707,0,0.225522,0.225522,-2.603148,21.714285714285715,2
EPL,2425,2024-12-26 Nottingham Forest-Tottenham,1,2024,26779,2024-12-26 15:00:00,249,82,Nottingham Forest,Tottenham,TOT,NOT,3,1.5766999999999998,1,1.30018,1.30018,0.24259999999999993,23.153846153846153,5,0,1.1156,0,1.05758,1.05758,-0.24259999999999993,5.4,9
EPL,2425,2024-12-26 Southampton-West Ham,1,2024,26780,2024-12-26 15:00:00,74,81,Southampton,West Ham,WHU,SOU,0,1.5784,0,2.19833,2.19833,0.2972199999999998,7.9655172413793105,9,3,1.1689,1,1.90111,1.90111,-0.2972199999999998,18.857142857142858,6
EPL,2425,2024-12-26 Wolverhampton Wanderers-Manchester United,1,2024,26781,2024-12-26 17:30:00,229,89,Wolverhampton Wanderers,Manchester United,MUN,WOL,3,1.9208,2,0.826489,0.826489,0.46761300000000006,10.523809523809524,4,0,0.722,0,0.358876,0.358876,-0.46761300000000006,7.470588235294118,2
EPL,2425,2024-12-27 Arsenal-Ipswich,1,2024,26773,2024-12-27 20:15:00,83,285,Arsenal,Ipswich,IPS,ARS,3,2.8423,1,2.16462,2.16462,2.0862873000000004,6.428571428571429,12,0,0.0856,0,0.0783327,0.0783327,-2.0862873000000004,19.41176470588235,0
EPL,2425,2024-12-27 Brighton-Brentford,1,2024,26774,2024-12-27 19:30:00,220,244,Brighton,Brentford,BRE,BRI,1,1.6324999999999998,0,1.33538,1.33538,0.374147,8.347826086956522,21,1,1.0741999999999998,0,0.961233,0.961233,-0.374147,12.631578947368421,5
EPL,2425,2024-12-29 Crystal Palace-Southampton,1,2024,26784,2024-12-29 15:00:00,78,74,Crystal Palace,Southampton,SOU,CRY,3,2.5632,2,3.05417,3.05417,1.8356400000000002,7.0285714285714285,10,0,0.2976,1,1.21853,1.21853,-1.8356400000000002,5.65625,1
EPL,2425,2024-12-29 Everton-Nottingham Forest,1,2024,26785,2024-12-29 15:00:00,72,249,Everton,Nottingham Forest,NOT,EVE,0,0.38470000000000004,0,0.615191,0.615191,-1.412339,8.1875,8,3,2.4487,2,2.02753,2.02753,1.412339,17.0,7
EPL,2425,2024-12-29 Fulham-Bournemouth,1,2024,26786,2024-12-29 15:00:00,228,73,Fulham,Bournemouth,BOU,FLH,1,0.8170999999999999,2,0.961566,0.961566,-0.745354,11.944444444444445,5,1,1.9376000000000002,2,1.70692,1.70692,0.745354,10.423076923076923,10
EPL,2425,2024-12-29 Leicester-Manchester City,1,2024,26788,2024-12-29 14:30:00,75,88,Leicester,Manchester City,MCI,LEI,0,1.5841,0,1.84208,1.84208,0.26205999999999996,15.31578947368421,5,3,1.1524,2,1.58002,1.58002,-0.26205999999999996,27.642857142857142,9
EPL,2425,2024-12-29 Tottenham-Wolverhampton Wanderers,1,2024,26790,2024-12-29 15:00:00,82,229,Tottenham,Wolverhampton Wanderers,WOL,TOT,1,2.5563,2,2.28433,1.52317,0.882473,11.68421052631579,6,1,0.29879999999999995,2,0.640697,0.640697,-0.882473,10.9,6
EPL,2425,2024-12-29 West Ham-Liverpool,1,2024,26791,2024-12-29 17:15:00,81,87,West Ham,Liverpool,LIV,WHU,0,0.09620000000000001,0,0.518279,0.518279,-2.780401,14.157894736842104,3,3,2.8459999999999996,5,3.29868,3.29868,2.780401,10.035714285714286,16
EPL,2425,2024-12-30 Aston Villa-Brighton,1,2024,26782,2024-12-30 19:45:00,71,220,Aston Villa,Brighton,BRI,AVL,1,2.1243,2,1.87997,1.1188,0.18075799999999997,9.95,13,1,0.6501,2,0.938042,0.938042,-0.18075799999999997,8.59375,6
EPL,2425,2024-12-30 Ipswich-Chelsea,1,2024,26787,2024-12-30 19:45:00,285,80,Ipswich,Chelsea,CHE,IPS,3,1.2616,2,1.50093,0.739758,-0.866462,22.9375,4,0,1.4575,0,1.60622,1.60622,0.866462,7.5625,18
EPL,2425,2024-12-30 Manchester United-Newcastle United,1,2024,26789,2024-12-30 20:00:00,89,86,Manchester United,Newcastle United,NEW,MUN,0,0.5484,0,1.00073,1.00073,-1.24167,9.833333333333334,6,3,2.2635,2,2.2424,2.2424,1.24167,19.444444444444443,5
EPL,2425,2025-01-01 Brentford-Arsenal,1,2024,26783,2025-01-01 17:30:00,244,83,Brentford,Arsenal,ARS,BRE,0,0.1493,1,0.272604,0.272604,-1.725876,17.727272727272727,2,3,2.7520999999999995,3,1.99848,1.99848,1.725876,17.41176470588235,17
EPL,2425,2025-01-04 Aston Villa-Leicester,1,2024,26793,2025-01-04 15:00:00,71,75,Aston Villa,Leicester,LEI,AVL,3,2.5573,2,2.3456,2.3456,1.5301200000000001,9.03448275862069,9,0,0.2842,1,0.81548,0.81548,-1.5301200000000001,20.842105263157894,3
EPL,2425,2025-01-04 Bournemouth-Everton,1,2024,26792,2025-01-04 15:00:00,73,72,Bournemouth,Everton,EVE,BOU,3,2.738,1,2.61852,2.61852,2.057505,3.962962962962963,14,0,0.17420000000000002,0,0.561015,0.561015,-2.057505,10.722222222222221,1
EPL,2425,2025-01-04 Brighton-Arsenal,1,2024,26794,2025-01-04 17:30:00,220,83,Brighton,Arsenal,ARS,BRI,1,1.3562,1,1.76513,1.00396,-0.8074600000000001,14.772727272727273,4,1,1.3613,1,1.81142,1.81142,0.8074600000000001,10.833333333333334,8
EPL,2425,2025-01-04 Crystal Palace-Chelsea,1,2024,26795,2025-01-04 15:00:00,78,80,Crystal Palace,Chelsea,CHE,CRY,1,1.1723,1,1.2766,1.2766,-0.23880999999999997,19.294117647058822,6,1,1.5524,1,1.51541,1.51541,0.23880999999999997,9.272727272727273,16
EPL,2425,2025-01-04 Manchester City-West Ham,1,2024,26798,2025-01-04 15:00:00,88,81,Manchester City,West Ham,WHU,MCI,3,1.7275,4,1.97986,1.97986,0.44700000000000006,14.68421052631579,9,0,1.0314999999999999,1,1.53286,1.53286,-0.44700000000000006,11.777777777777779,7
EPL,2425,2025-01-04 Southampton-Brentford,1,2024,26799,2025-01-04 15:00:00,74,244,Southampton,Brentford,BRE,SOU,0,0.0018,0,0.249614,0.249614,-4.537955999999999,12.88888888888889,9,3,2.9964,5,5.54874,4.78757,4.537955999999999,11.090909090909092,15
EPL,2425,2025-01-04 Tottenham-Newcastle United,1,2024,26800,2025-01-04 12:30:00,82,86,Tottenham,Newcastle United,NEW,TOT,0,0.44189999999999996,1,1.00333,1.00333,-1.4263,5.806451612903226,15,3,2.3865000000000003,2,2.42963,2.42963,1.4263,7.730769230769231,9
EPL,2425,2025-01-05 Fulham-Ipswich,1,2024,26796,2025-01-05 14:00:00,228,285,Fulham,Ipswich,IPS,FLH,1,2.294,2,2.65469,1.13235,0.45011599999999996,8.1875,5,1,0.5066,2,1.4434,0.682234,-0.45011599999999996,13.75,2
EPL,2425,2025-01-05 Liverpool-Manchester United,1,2024,26797,2025-01-05 16:30:00,87,89,Liverpool,Manchester United,MUN,LIV,1,2.1611000000000002,2,2.862,2.10084,0.4261499999999998,8.869565217391305,7,1,0.6461,2,1.67469,1.67469,-0.4261499999999998,7.555555555555555,7
EPL,2425,2025-01-06 Wolverhampton Wanderers-Nottingham Forest,1,2024,26801,2025-01-06 20:00:00,229,249,Wolverhampton Wanderers,Nottingham Forest,NOT,WOL,0,0.8769,0,1.90463,1.90463,-0.66764,9.55,12,3,1.8789,3,2.57227,2.57227,0.66764,18.2,11
EPL,2425,2025-01-14 Brentford-Manchester City,1,2024,26803,2025-01-14 19:30:00,244,88,Brentford,Manchester City,MCI,BRE,1,1.2401,2,2.39088,2.39088,-0.26227,14.214285714285714,14,1,1.5518,2,2.65315,2.65315,0.26227,20.181818181818183,15
EPL,2425,2025-01-14 Chelsea-Bournemouth,1,2024,26809,2025-01-14 19:30:00,80,73,Chelsea,Bournemouth,BOU,CHE,1,2.3727,2,2.53808,2.53808,2.150798,9.421052631578947,12,1,0.4455,2,1.14845,0.387282,-2.150798,8.923076923076923,8
EPL,2425,2025-01-14 Nottingham Forest-Liverpool,1,2024,26807,2025-01-14 20:00:00,249,87,Nottingham Forest,Liverpool,LIV,NOT,1,0.1675,1,0.5292,0.5292,-2.1937100000000003,21.545454545454547,2,1,2.7403000000000004,1,2.72291,2.72291,2.1937100000000003,6.375,18
EPL,2425,2025-01-14 West Ham-Fulham,1,2024,26808,2025-01-14 19:30:00,81,228,West Ham,Fulham,FLH,WHU,3,0.25570000000000004,3,0.937322,0.937322,-1.898488,17.294117647058822,2,0,2.6248,2,2.83581,2.83581,1.898488,8.65625,9
EPL,2425,2025-01-15 Arsenal-Tottenham,1,2024,26802,2025-01-15 20:00:00,83,82,Arsenal,Tottenham,TOT,ARS,3,2.3930999999999996,2,2.25501,2.25501,1.4779390000000001,6.135135135135135,11,0,0.4317,1,0.777071,0.777071,-1.4779390000000001,21.444444444444443,0
EPL,2425,2025-01-15 Everton-Aston Villa,1,2024,26804,2025-01-15 19:30:00,72,71,Everton,Aston Villa,AVL,EVE,0,1.3195999999999999,0,1.23126,1.23126,-0.05396000000000001,9.678571428571429,4,3,1.3870999999999998,1,1.28522,1.28522,0.05396000000000001,14.6,5
EPL,2425,2025-01-15 Leicester-Crystal Palace,1,2024,26806,2025-01-15 19:30:00,75,78,Leicester,Crystal Palace,CRY,LEI,0,1.238,0,2.09904,2.09904,-0.16565999999999992,12.272727272727273,7,3,1.52,2,2.2647,2.2647,0.16565999999999992,15.478260869565217,7
EPL,2425,2025-01-15 Newcastle United-Wolverhampton Wanderers,1,2024,26810,2025-01-15 19:30:00,86,229,Newcastle United,Wolverhampton Wanderers,WOL,NEW,3,1.8340999999999998,3,2.13327,2.13327,0.6589400000000001,5.59375,10,0,0.9416,0,1.47433,1.47433,-0.6589400000000001,14.833333333333334,8
EPL,2425,2025-01-16 Ipswich-Brighton,1,2024,26805,2025-01-16 19:30:00,285,220,Ipswich,Brighton,BRI,IPS,0,0.5738,0,0.268127,0.268127,-0.7953030000000001,11.565217391304348,1,3,2.0936,2,1.06343,1.06343,0.7953030000000001,10.538461538461538,9
EPL,2425,2025-01-16 Manchester United-Southampton,1,2024,26811,2025-01-16 20:00:00,89,74,Manchester United,Southampton,SOU,MUN,3,2.4094,3,3.10847,3.10847,1.74142,12.411764705882353,15,0,0.4456,1,1.36705,1.36705,-1.74142,12.821428571428571,1
EPL,2425,2025-01-18 Arsenal-Aston Villa,1,2024,26812,2025-01-18 17:30:00,83,71,Arsenal,Aston Villa,AVL,ARS,1,1.6845,2,1.64458,1.64458,0.43855999999999984,6.818181818181818,8,1,1.0373999999999999,2,1.20602,1.20602,-0.43855999999999984,15.0,1
EPL,2425,2025-01-18 Brentford-Liverpool,1,2024,26813,2025-01-18 15:00:00,244,87,Brentford,Liverpool,LIV,BRE,0,0.1391,0,1.20021,1.20021,-2.96228,16.9,8,3,2.7965,2,4.16249,4.16249,2.96228,8.16,23
EPL,2425,2025-01-18 Leicester-Fulham,1,2024,26817,2025-01-18 15:00:00,75,228,Leicester,Fulham,FLH,LEI,0,0.25039999999999996,0,0.676934,0.676934,-1.691296,19.0,2,3,2.6144,2,2.36823,2.36823,1.691296,9.80952380952381,10
EPL,2425,2025-01-18 Newcastle United-Bournemouth,1,2024,26819,2025-01-18 12:30:00,86,73,Newcastle United,Bournemouth,BOU,NEW,0,0.3428,1,0.837801,0.837801,-1.863939,7.9375,12,3,2.5229000000000004,4,2.70174,2.70174,1.863939,6.147058823529412,8
EPL,2425,2025-01-18 West Ham-Crystal Palace,1,2024,26821,2025-01-18 15:00:00,81,78,West Ham,Crystal Palace,CRY,WHU,0,0.2249,0,0.221062,0.221062,-0.643382,13.85,4,3,2.6231,2,1.62561,0.864444,0.643382,12.74074074074074,5
EPL,2425,2025-01-19 Everton-Tottenham,1,2024,26815,2025-01-19 14:00:00,72,82,Everton,Tottenham,TOT,EVE,3,2.1962,3,2.56089,2.56089,1.2037000000000002,12.035714285714286,6,0,0.6095,2,1.35719,1.35719,-1.2037000000000002,9.0,8
EPL,2425,2025-01-19 Ipswich-Manchester City,1,2024,26816,2025-01-19 16:30:00,285,88,Ipswich,Manchester City,MCI,IPS,0,0.1748,0,0.795637,0.795637,-2.406643,39.8,3,3,2.7443000000000004,6,3.20228,3.20228,2.406643,8.869565217391305,17
EPL,2425,2025-01-19 Manchester United-Brighton,1,2024,26818,2025-01-19 14:00:00,89,220,Manchester United,Brighton,BRI,MUN,0,0.673,1,1.31823,0.557061,-1.614659,8.866666666666667,8,3,2.0938,3,2.17172,2.17172,1.614659,18.857142857142858,6
EPL,2425,2025-01-19 Nottingham Forest-Southampton,1,2024,26820,2025-01-19 14:00:00,249,74,Nottingham Forest,Southampton,SOU,NOT,3,2.3204,3,2.36419,2.36419,1.1049699999999998,12.842105263157896,9,0,0.4667,2,1.25922,1.25922,-1.1049699999999998,9.823529411764707,2
EPL,2425,2025-01-20 Chelsea-Wolverhampton Wanderers,1,2024,26814,2025-01-20 20:00:00,80,229,Chelsea,Wolverhampton Wanderers,WOL,CHE,3,2.7219,3,3.14882,3.14882,2.08156,13.23076923076923,10,0,0.1815,1,1.06726,1.06726,-2.08156,16.045454545454547,10
EPL,2425,2025-01-25 Bournemouth-Nottingham Forest,1,2024,26822,2025-01-25 15:00:00,73,249,Bournemouth,Nottingham Forest,NOT,BOU,3,2.5601000000000003,5,2.8254,2.8254,1.829234,7.666666666666667,6,0,0.3197,0,0.996166,0.996166,-1.829234,7.65,12
EPL,2425,2025-01-25 Brighton-Everton,1,2024,26824,2025-01-25 15:00:00,220,72,Brighton,Everton,EVE,BRI,0,0.9701,0,0.64378,0.64378,0.534065,6.6923076923076925,9,3,1.6616,1,0.870883,0.109715,-0.534065,16.68421052631579,2
EPL,2425,2025-01-25 Liverpool-Ipswich,1,2024,26827,2025-01-25 15:00:00,87,285,Liverpool,Ipswich,IPS,LIV,3,2.4444,4,2.16809,2.16809,1.3633829999999998,6.551724137931035,15,0,0.3684,1,0.804707,0.804707,-1.3633829999999998,11.72,2
EPL,2425,2025-01-25 Manchester City-Chelsea,1,2024,26828,2025-01-25 17:30:00,88,80,Manchester City,Chelsea,CHE,MCI,3,1.9055999999999997,3,2.23213,2.23213,0.7337000000000002,15.529411764705882,3,0,0.8682000000000001,1,1.49843,1.49843,-0.7337000000000002,22.705882352941178,5
EPL,2425,2025-01-25 Southampton-Newcastle United,1,2024,26829,2025-01-25 15:00:00,74,86,Southampton,Newcastle United,NEW,SOU,0,0.1946,1,0.825621,0.825621,-1.4963990000000003,13.555555555555555,2,3,2.7137,3,3.08319,2.32202,1.4963990000000003,11.181818181818182,11
EPL,2425,2025-01-25 Wolverhampton Wanderers-Arsenal,1,2024,26831,2025-01-25 15:00:00,229,83,Wolverhampton Wanderers,Arsenal,ARS,WOL,0,0.9501,0,0.514724,0.514724,-0.372634,6.7407407407407405,0,3,1.6851,1,0.887358,0.887358,0.372634,7.733333333333333,2
EPL,2425,2025-01-26 Aston Villa-West Ham,1,2024,26823,2025-01-26 16:30:00,71,81,Aston Villa,West Ham,WHU,AVL,1,0.7566999999999999,1,0.907851,0.907851,-0.771009,8.67741935483871,7,1,2.0029000000000003,1,1.67886,1.67886,0.771009,6.32258064516129,5
EPL,2425,2025-01-26 Crystal Palace-Brentford,1,2024,26825,2025-01-26 14:00:00,78,244,Crystal Palace,Brentford,BRE,CRY,0,0.7787999999999999,1,1.23177,1.23177,0.07257000000000002,15.454545454545455,9,3,1.9575,2,1.92037,1.1592,-0.07257000000000002,8.5,11
EPL,2425,2025-01-26 Fulham-Manchester United,1,2024,26826,2025-01-26 19:00:00,228,89,Fulham,Manchester United,MUN,FLH,0,1.6486999999999998,0,0.560571,0.560571,0.35858300000000004,30.8,3,3,0.8438,1,0.201988,0.201988,-0.35858300000000004,16.058823529411764,5
EPL,2425,2025-01-26 Tottenham-Leicester,1,2024,26830,2025-01-26 14:00:00,82,75,Tottenham,Leicester,LEI,TOT,0,1.1875,1,1.27483,1.27483,-0.1298600000000001,11.4,5,3,1.4557,2,1.40469,1.40469,0.1298600000000001,11.25925925925926,5
EPL,2425,2025-02-01 Bournemouth-Liverpool,1,2024,26832,2025-02-01 15:00:00,73,87,Bournemouth,Liverpool,LIV,BOU,0,0.7025,0,1.65273,1.65273,-0.30800000000000005,8.192307692307692,5,3,2.1038,2,2.7219,1.96073,0.30800000000000005,8.636363636363637,11
EPL,2425,2025-02-01 Everton-Leicester,1,2024,26836,2025-02-01 15:00:00,72,75,Everton,Leicester,LEI,EVE,3,2.845,4,3.11261,3.11261,2.665474,17.944444444444443,14,0,0.1015,0,0.447136,0.447136,-2.665474,12.043478260869565,4
EPL,2425,2025-02-01 Ipswich-Southampton,1,2024,26837,2025-02-01 15:00:00,285,74,Ipswich,Southampton,SOU,IPS,0,1.9861,1,1.94845,1.94845,0.7727900000000001,9.041666666666666,5,3,0.7545999999999999,2,1.17566,1.17566,-0.7727900000000001,10.310344827586206,1
EPL,2425,2025-02-01 Newcastle United-Fulham,1,2024,26839,2025-02-01 15:00:00,86,228,Newcastle United,Fulham,FLH,NEW,0,1.0527,1,1.22716,1.22716,-0.38165000000000004,13.6875,10,3,1.6649999999999998,2,1.60881,1.60881,0.38165000000000004,11.736842105263158,5
EPL,2425,2025-02-01 Nottingham Forest-Brighton,1,2024,26840,2025-02-01 12:30:00,249,220,Nottingham Forest,Brighton,BRI,NOT,3,2.9326,7,4.0677,3.30653,2.550234,19.9375,7,0,0.041800000000000004,0,0.756296,0.756296,-2.550234,6.285714285714286,8
EPL,2425,2025-02-01 Wolverhampton Wanderers-Aston Villa,1,2024,26841,2025-02-01 17:30:00,229,71,Wolverhampton Wanderers,Aston Villa,AVL,WOL,3,2.3543,2,2.00146,2.00146,1.2586509999999997,12.25,2,0,0.45170000000000005,0,0.742809,0.742809,-1.2586509999999997,11.5,4
EPL,2425,2025-02-02 Arsenal-Manchester City,1,2024,26833,2025-02-02 16:30:00,83,88,Arsenal,Manchester City,MCI,ARS,3,2.0152,5,1.53202,1.53202,0.7888289999999999,14.466666666666667,6,0,0.7171,1,0.743191,0.743191,-0.7888289999999999,17.76923076923077,7
EPL,2425,2025-02-02 Brentford-Tottenham,1,2024,26834,2025-02-02 14:00:00,244,82,Brentford,Tottenham,TOT,BRE,0,1.9175999999999997,0,1.66475,1.66475,0.719395,12.333333333333334,8,3,0.8316,2,0.945355,0.945355,-0.719395,9.083333333333334,4
EPL,2425,2025-02-02 Manchester United-Crystal Palace,1,2024,26838,2025-02-02 14:00:00,89,78,Manchester United,Crystal Palace,CRY,MUN,0,0.6737,0,1.50706,1.50706,-0.93927,5.565217391304348,18,3,2.1191,2,2.44633,2.44633,0.93927,13.476190476190476,6
EPL,2425,2025-02-03 Chelsea-West Ham,1,2024,26835,2025-02-03 20:00:00,80,81,Chelsea,West Ham,WHU,CHE,3,1.5123000000000002,2,1.39066,1.39066,0.20385999999999993,6.2727272727272725,6,0,1.2126000000000001,1,1.1868,1.1868,-0.20385999999999993,30.5,8
EPL,2425,2025-02-12 Everton-Liverpool,1,2024,26748,2025-02-12 19:30:00,72,87,Everton,Liverpool,LIV,EVE,1,1.2764000000000002,2,0.910523,0.910523,-0.01858000000000004,17.72222222222222,2,1,1.3736000000000002,2,0.929103,0.929103,0.01858000000000004,4.5625,2
EPL,2425,2025-02-14 Brighton-Chelsea,1,2024,26843,2025-02-14 20:00:00,220,80,Brighton,Chelsea,CHE,BRI,3,2.4382,3,2.06892,2.06892,1.4191319999999998,17.074074074074073,7,0,0.3892,0,0.649788,0.649788,-1.4191319999999998,6.193548387096774,9
EPL,2425,2025-02-15 Aston Villa-Ipswich,1,2024,26842,2025-02-15 15:00:00,71,285,Aston Villa,Ipswich,IPS,AVL,1,2.853,1,2.89841,2.89841,2.5655460000000003,7.666666666666667,19,1,0.0906,1,0.332864,0.332864,-2.5655460000000003,13.208333333333334,0
EPL,2425,2025-02-15 Crystal Palace-Everton,1,2024,26844,2025-02-15 17:30:00,78,72,Crystal Palace,Everton,EVE,CRY,0,2.2888,1,2.30646,2.30646,1.29081,9.65,9,3,0.5251,2,1.01565,1.01565,-1.29081,10.695652173913043,4
EPL,2425,2025-02-15 Fulham-Nottingham Forest,1,2024,26845,2025-02-15 15:00:00,228,249,Fulham,Nottingham Forest,NOT,FLH,3,2.6468999999999996,2,2.20993,2.20993,1.8786289999999999,13.941176470588236,6,0,0.2265,1,0.331301,0.331301,-1.8786289999999999,25.363636363636363,4
EPL,2425,2025-02-15 Leicester-Arsenal,1,2024,26846,2025-02-15 12:30:00,75,83,Leicester,Arsenal,ARS,LEI,0,0.2378,0,0.233209,0.233209,-1.516791,10.461538461538462,3,3,2.6084,2,1.75,1.75,1.516791,6.0,10
EPL,2425,2025-02-15 Manchester City-Newcastle United,1,2024,26848,2025-02-15 15:00:00,88,86,Manchester City,Newcastle United,NEW,MCI,3,2.7776,4,2.12004,2.12004,1.962829,15.5,4,0,0.1307,0,0.157211,0.157211,-1.962829,10.903225806451612,1
EPL,2425,2025-02-15 Southampton-Bournemouth,1,2024,26849,2025-02-15 15:00:00,74,73,Southampton,Bournemouth,BOU,SOU,0,0.5265,1,0.974418,0.974418,-1.1128019999999998,8.724137931034482,7,3,2.2659000000000002,3,2.08722,2.08722,1.1128019999999998,7.230769230769231,3
EPL,2425,2025-02-15 West Ham-Brentford,1,2024,26851,2025-02-15 15:00:00,81,244,West Ham,Brentford,BRE,WHU,0,0.472,0,0.673466,0.673466,-1.291524,10.052631578947368,8,3,2.3373999999999997,1,1.96499,1.96499,1.291524,8.8125,9
EPL,2425,2025-02-16 Liverpool-Wolverhampton Wanderers,1,2024,26847,2025-02-16 14:00:00,87,229,Liverpool,Wolverhampton Wanderers,WOL,LIV,3,2.0721,2,1.86758,1.10642,0.0531299999999999,11.454545454545455,7,0,0.6923999999999999,1,1.05329,1.05329,-0.0531299999999999,9.25,7
EPL,2425,2025-02-16 Tottenham-Manchester United,1,2024,26850,2025-02-16 16:30:00,82,89,Tottenham,Manchester United,MUN,TOT,3,1.7798999999999998,1,1.97109,1.97109,0.54457,9.636363636363637,15,0,0.9837,0,1.42652,1.42652,-0.54457,11.5,8
EPL,2425,2025-02-19 Aston Villa-Liverpool,1,2024,26884,2025-02-19 15:00:00,71,87,Aston Villa,Liverpool,LIV,AVL,1,0.6596,2,1.02269,1.02269,-1.0201,11.5,13,1,2.1182,2,2.04279,2.04279,1.0201,13.277777777777779,17
EPL,2425,2025-02-21 Leicester-Brentford,1,2024,26858,2025-02-21 20:00:00,75,244,Leicester,Brentford,BRE,LEI,0,0.4696,0,0.727901,0.727901,-1.306749,18.916666666666668,9,3,2.3359,4,2.03465,2.03465,1.306749,10.764705882352942,8
EPL,2425,2025-02-22 Arsenal-West Ham,1,2024,26853,2025-02-22 15:00:00,83,81,Arsenal,West Ham,WHU,ARS,0,1.5830000000000002,0,1.37264,1.37264,0.3458000000000001,5.193548387096774,15,3,1.1057000000000001,1,1.02684,1.02684,-0.3458000000000001,13.761904761904763,1
EPL,2425,2025-02-22 Aston Villa-Chelsea,1,2024,26854,2025-02-22 17:30:00,71,80,Aston Villa,Chelsea,CHE,AVL,3,1.7705000000000002,2,2.69413,2.69413,0.5199500000000001,9.642857142857142,5,0,0.9803,1,2.17418,2.17418,-0.5199500000000001,11.72,7
EPL,2425,2025-02-22 Bournemouth-Wolverhampton Wanderers,1,2024,26852,2025-02-22 15:00:00,73,229,Bournemouth,Wolverhampton Wanderers,WOL,BOU,0,0.3528,0,0.629691,0.629691,-1.4715490000000002,8.333333333333334,8,3,2.4786,1,2.10124,2.10124,1.4715490000000002,5.387096774193548,5
EPL,2425,2025-02-22 Everton-Manchester United,1,2024,26855,2025-02-22 12:30:00,72,89,Everton,Manchester United,MUN,EVE,1,2.4612000000000003,2,2.10444,2.10444,1.458755,14.043478260869565,6,1,0.369,2,0.645685,0.645685,-1.458755,6.391304347826087,5
EPL,2425,2025-02-22 Fulham-Crystal Palace,1,2024,26856,2025-02-22 15:00:00,228,78,Fulham,Crystal Palace,CRY,FLH,0,0.318,0,0.23426,0.23426,-1.22777,7.12,8,3,2.4812999999999996,2,1.46203,1.46203,1.22777,17.666666666666668,5
EPL,2425,2025-02-22 Ipswich-Tottenham,1,2024,26857,2025-02-22 15:00:00,285,82,Ipswich,Tottenham,TOT,IPS,0,0.958,1,1.15389,1.15389,-0.4335199999999999,10.228571428571428,4,3,1.7563000000000002,4,1.58741,1.58741,0.4335199999999999,9.0,7
EPL,2425,2025-02-22 Southampton-Brighton,1,2024,26861,2025-02-22 15:00:00,74,220,Southampton,Brighton,BRI,SOU,0,0.0021,0,0.154147,0.154147,-4.966033,9.846153846153847,1,3,2.9958,4,5.12018,5.12018,4.966033,9.777777777777779,6
EPL,2425,2025-02-23 Manchester City-Liverpool,1,2024,26859,2025-02-23 16:30:00,88,87,Manchester City,Liverpool,LIV,MCI,0,1.0677999999999999,0,0.58248,0.58248,-0.22457800000000006,18.90909090909091,9,3,1.5565,2,0.807058,0.807058,0.22457800000000006,21.2,7
EPL,2425,2025-02-23 Newcastle United-Nottingham Forest,1,2024,26860,2025-02-23 14:00:00,86,249,Newcastle United,Nottingham Forest,NOT,NEW,3,2.1107,4,3.45858,2.69741,0.3113800000000002,6.75,5,0,0.6869000000000001,3,2.38603,2.38603,-0.3113800000000002,10.958333333333334,7
EPL,2425,2025-02-25 Brighton-Bournemouth,1,2024,26863,2025-02-25 19:30:00,220,73,Brighton,Bournemouth,BOU,BRI,3,1.9919,2,2.57927,1.8181,0.11641000000000012,11.619047619047619,7,0,0.7937,1,1.70169,1.70169,-0.11641000000000012,4.588235294117647,8
EPL,2425,2025-02-25 Chelsea-Southampton,1,2024,26869,2025-02-25 20:15:00,80,74,Chelsea,Southampton,SOU,CHE,3,2.6348,4,2.98234,2.98234,2.1373010000000003,13.75,18,0,0.25460000000000005,0,0.845039,0.845039,-2.1373010000000003,21.866666666666667,4
EPL,2425,2025-02-25 Crystal Palace-Aston Villa,1,2024,26868,2025-02-25 19:30:00,78,71,Crystal Palace,Aston Villa,AVL,CRY,3,2.9674,4,4.02522,4.02522,3.358003,6.428571428571429,9,0,0.0199,1,0.667217,0.667217,-3.358003,5.714285714285714,1
EPL,2425,2025-02-25 Wolverhampton Wanderers-Fulham,1,2024,26867,2025-02-25 19:30:00,229,228,Wolverhampton Wanderers,Fulham,FLH,WOL,0,0.9564,1,0.928973,0.928973,-0.505757,13.411764705882353,2,3,1.7796,2,1.43473,1.43473,0.505757,13.083333333333334,4
EPL,2425,2025-02-26 Brentford-Everton,1,2024,26862,2025-02-26 19:30:00,244,72,Brentford,Everton,EVE,BRE,1,1.2521,1,1.34009,1.34009,-0.10945999999999989,13.625,6,1,1.4206999999999999,1,1.44955,1.44955,0.10945999999999989,31.875,4
EPL,2425,2025-02-26 Liverpool-Newcastle United,1,2024,26870,2025-02-26 20:15:00,87,86,Liverpool,Newcastle United,NEW,LIV,3,2.1678,2,1.40027,1.40027,0.9414499999999999,6.777777777777778,8,0,0.5595,0,0.45882,0.45882,-0.9414499999999999,19.5,3
EPL,2425,2025-02-26 Manchester United-Ipswich,1,2024,26871,2025-02-26 19:30:00,89,285,Manchester United,Ipswich,IPS,MUN,3,1.7134,3,1.40202,1.40202,0.35704,15.461538461538462,4,0,0.9478,2,1.04498,1.04498,-0.35704,8.708333333333334,8
EPL,2425,2025-02-26 Nottingham Forest-Arsenal,1,2024,26864,2025-02-26 19:30:00,249,83,Nottingham Forest,Arsenal,ARS,NOT,1,0.6533,0,0.508611,0.508611,-0.809049,13.117647058823529,4,1,2.0645,0,1.31766,1.31766,0.809049,5.3478260869565215,7
EPL,2425,2025-02-26 Tottenham-Manchester City,1,2024,26865,2025-02-26 19:30:00,82,88,Tottenham,Manchester City,MCI,TOT,0,0.6301,0,1.28426,1.28426,-1.1021500000000002,10.458333333333334,5,3,2.1733000000000002,1,2.38641,2.38641,1.1021500000000002,13.423076923076923,11
EPL,2425,2025-02-27 West Ham-Leicester,1,2024,26866,2025-02-27 20:00:00,81,75,West Ham,Leicester,LEI,WHU,3,2.6633,2,1.70437,1.70437,1.4147919999999998,14.473684210526315,6,0,0.2054,0,0.289578,0.289578,-1.4147919999999998,20.11111111111111,0
EPL,2425,2025-03-08 Brentford-Aston Villa,1,2024,26872,2025-03-08 17:30:00,244,71,Brentford,Aston Villa,AVL,BRE,0,0.7849999999999999,0,0.637743,0.637743,-0.6586370000000001,5.777777777777778,10,3,1.9199,1,1.29638,1.29638,0.6586370000000001,20.25,5
EPL,2425,2025-03-08 Brighton-Fulham,1,2024,26873,2025-03-08 15:00:00,220,228,Brighton,Fulham,FLH,BRI,3,2.4018,2,1.94417,1.183,0.474773,9.0,11,0,0.3972,1,0.708227,0.708227,-0.474773,22.153846153846153,1
EPL,2425,2025-03-08 Crystal Palace-Ipswich,1,2024,26875,2025-03-08 15:00:00,78,285,Crystal Palace,Ipswich,IPS,CRY,3,2.3349,1,3.13879,3.13879,1.5059700000000003,5.866666666666666,1,0,0.498,0,1.63282,1.63282,-1.5059700000000003,16.0,1
EPL,2425,2025-03-08 Liverpool-Southampton,1,2024,26876,2025-03-08 15:00:00,87,74,Liverpool,Southampton,SOU,LIV,3,2.9843,3,4.98996,3.46762,2.956054,4.823529411764706,19,0,0.0095,1,0.511566,0.511566,-2.956054,19.833333333333332,0
EPL,2425,2025-03-08 Nottingham Forest-Manchester City,1,2024,26878,2025-03-08 12:30:00,249,88,Nottingham Forest,Manchester City,MCI,NOT,3,1.0776,1,0.501476,0.501476,-0.219758,13.869565217391305,3,0,1.512,0,0.721234,0.721234,0.219758,7.625,6
EPL,2425,2025-03-08 Wolverhampton Wanderers-Everton,1,2024,26881,2025-03-08 20:00:00,229,72,Wolverhampton Wanderers,Everton,EVE,WOL,1,0.8695,1,0.812432,0.812432,-0.5547679999999999,9.263157894736842,7,1,1.843,1,1.3672,1.3672,0.5547679999999999,10.264705882352942,3
EPL,2425,2025-03-09 Chelsea-Leicester,1,2024,26874,2025-03-09 14:00:00,80,75,Chelsea,Leicester,LEI,CHE,3,2.7635000000000005,1,1.76844,1.00727,0.8987830000000001,12.523809523809524,16,0,0.1337,0,0.108487,0.108487,-0.8987830000000001,10.96,1
EPL,2425,2025-03-09 Manchester United-Arsenal,1,2024,26877,2025-03-09 16:30:00,89,83,Manchester United,Arsenal,ARS,MUN,1,0.9984999999999999,1,1.31107,1.31107,-0.5188900000000001,16.0,9,1,1.7511999999999999,1,1.82996,1.82996,0.5188900000000001,8.117647058823529,9
EPL,2425,2025-03-09 Tottenham-Bournemouth,1,2024,26879,2025-03-09 14:00:00,82,73,Tottenham,Bournemouth,BOU,TOT,1,0.7423,2,1.35053,0.589359,-1.6360009999999998,6.884615384615385,5,1,2.0221,2,2.22536,2.22536,1.6360009999999998,7.861111111111111,7
EPL,2425,2025-03-10 West Ham-Newcastle United,1,2024,26880,2025-03-10 20:00:00,81,86,West Ham,Newcastle United,NEW,WHU,0,0.6674,0,0.823986,0.823986,-0.8057740000000001,12.0,0,3,2.0603,1,1.62976,1.62976,0.8057740000000001,11.952380952380953,10
EPL,2425,2025-03-15 Bournemouth-Brentford,1,2024,26882,2025-03-15 17:30:00,73,244,Bournemouth,Brentford,BRE,BOU,0,1.6718,1,2.02714,2.02714,0.42393000000000014,7.285714285714286,17,3,1.0781,2,1.60321,1.60321,-0.42393000000000014,7.8,8
EPL,2425,2025-03-15 Everton-West Ham,1,2024,26885,2025-03-15 15:00:00,72,81,Everton,West Ham,WHU,EVE,1,1.9838999999999998,1,1.189,1.189,0.6729710000000001,8.923076923076923,5,1,0.7173,1,0.516029,0.516029,-0.6729710000000001,25.0,7
EPL,2425,2025-03-15 Ipswich-Nottingham Forest,1,2024,26887,2025-03-15 15:00:00,285,249,Ipswich,Nottingham Forest,NOT,IPS,0,0.6642000000000001,2,0.520839,0.520839,-0.786381,21.428571428571427,1,3,2.0561999999999996,4,1.30722,1.30722,0.786381,11.5,7
EPL,2425,2025-03-15 Manchester City-Brighton,1,2024,26889,2025-03-15 15:00:00,88,220,Manchester City,Brighton,BRI,MCI,1,1.3104,2,2.02642,1.26525,-0.8459400000000001,10.647058823529411,6,1,1.4439,2,2.11119,2.11119,0.8459400000000001,18.2,8
EPL,2425,2025-03-15 Southampton-Wolverhampton Wanderers,1,2024,26891,2025-03-15 15:00:00,74,229,Southampton,Wolverhampton Wanderers,WOL,SOU,0,2.0458,1,1.2821,1.2821,0.741382,11.454545454545455,6,3,0.6667000000000001,2,0.540718,0.540718,-0.741382,12.357142857142858,3
EPL,2425,2025-03-16 Arsenal-Chelsea,1,2024,26883,2025-03-16 13:30:00,83,80,Arsenal,Chelsea,CHE,ARS,3,1.6941,1,0.695725,0.695725,0.409689,13.88888888888889,6,0,0.8559000000000001,0,0.286036,0.286036,-0.409689,11.588235294117647,0
EPL,2425,2025-03-16 Fulham-Tottenham,1,2024,26886,2025-03-16 13:30:00,228,82,Fulham,Tottenham,TOT,FLH,3,1.0252999999999999,2,1.03966,1.03966,-0.36898999999999993,8.75,9,0,1.6906999999999999,0,1.40865,1.40865,0.36898999999999993,10.037037037037036,7
EPL,2425,2025-03-16 Leicester-Manchester United,1,2024,26888,2025-03-16 19:00:00,75,89,Leicester,Manchester United,MUN,LEI,0,1.4946000000000002,0,1.30455,1.30455,0.16563000000000017,10.538461538461538,6,3,1.2156,3,1.13892,1.13892,-0.16563000000000017,14.954545454545455,2
EPL,2425,2025-04-01 Arsenal-Fulham,1,2024,26892,2025-04-01 19:45:00,83,228,Arsenal,Fulham,FLH,ARS,3,2.0167,2,2.30189,2.30189,0.8598300000000003,16.8,11,0,0.7285,1,1.44206,1.44206,-0.8598300000000003,20.285714285714285,2
EPL,2425,2025-04-01 Nottingham Forest-Manchester United,1,2024,26894,2025-04-01 20:00:00,249,89,Nottingham Forest,Manchester United,MUN,NOT,3,0.422,1,0.512063,0.512063,-1.3548170000000002,21.705882352941178,5,0,2.3869999999999996,0,1.86688,1.86688,1.3548170000000002,4.5,13
EPL,2425,2025-04-01 Wolverhampton Wanderers-West Ham,1,2024,26895,2025-04-01 19:45:00,229,81,Wolverhampton Wanderers,West Ham,WHU,WOL,3,0.8547,1,1.10359,1.10359,-0.6269799999999999,14.0,6,0,1.8761999999999999,0,1.73057,1.73057,0.6269799999999999,8.071428571428571,5
EPL,2425,2025-04-02 Bournemouth-Ipswich,1,2024,26896,2025-04-02 19:45:00,73,285,Bournemouth,Ipswich,IPS,BOU,0,1.8446,1,1.99637,1.99637,0.5837399999999999,5.233333333333333,7,3,0.9074,2,1.41263,1.41263,-0.5837399999999999,15.666666666666666,6
EPL,2425,2025-04-02 Brighton-Aston Villa,1,2024,26893,2025-04-02 19:45:00,220,71,Brighton,Aston Villa,AVL,BRI,0,0.7490000000000001,0,0.558009,0.558009,-0.649141,7.5,12,3,1.9562,3,1.20715,1.20715,0.649141,12.5,4
EPL,2425,2025-04-02 Liverpool-Everton,1,2024,26901,2025-04-02 20:00:00,87,72,Liverpool,Everton,EVE,LIV,3,1.7384,1,1.29718,1.29718,0.474044,4.318181818181818,10,0,0.9608000000000001,0,0.823136,0.823136,-0.474044,16.705882352941178,3
EPL,2425,2025-04-02 Manchester City-Leicester,1,2024,26898,2025-04-02 19:45:00,88,75,Manchester City,Leicester,LEI,MCI,3,2.7422,2,2.07165,2.07165,1.966909,8.545454545454545,18,0,0.14629999999999999,0,0.104741,0.104741,-1.966909,35.0,1
EPL,2425,2025-04-02 Newcastle United-Brentford,1,2024,26899,2025-04-02 19:45:00,86,244,Newcastle United,Brentford,BRE,NEW,3,1.8812,2,2.26584,2.26584,1.495002,9.91304347826087,7,0,0.8807,1,1.53201,0.770838,-1.495002,7.72,7
EPL,2425,2025-04-02 Southampton-Crystal Palace,1,2024,26900,2025-04-02 19:45:00,74,78,Southampton,Crystal Palace,CRY,SOU,1,1.0684,1,0.687304,0.687304,-0.250456,12.0,3,1,1.5808,1,0.93776,0.93776,0.250456,15.642857142857142,8
EPL,2425,2025-04-03 Chelsea-Tottenham,1,2024,26897,2025-04-03 19:00:00,80,82,Chelsea,Tottenham,TOT,CHE,3,1.259,1,1.30443,1.30443,-0.09831000000000012,12.714285714285714,6,0,1.4399,0,1.40274,1.40274,0.09831000000000012,11.777777777777779,9
EPL,2425,2025-04-05 Aston Villa-Nottingham Forest,1,2024,26902,2025-04-05 16:30:00,71,249,Aston Villa,Nottingham Forest,NOT,AVL,3,2.4585,2,2.63349,2.63349,1.6658,9.947368421052632,7,0,0.4008,1,0.96769,0.96769,-1.6658,10.521739130434783,4
EPL,2425,2025-04-05 Crystal Palace-Brighton,1,2024,26904,2025-04-05 14:00:00,78,220,Crystal Palace,Brighton,BRI,CRY,3,0.5775,2,0.443965,0.443965,-0.828295,16.105263157894736,1,0,2.1576,1,1.27226,1.27226,0.828295,7.791666666666667,7
EPL,2425,2025-04-05 Everton-Arsenal,1,2024,26905,2025-04-05 11:30:00,72,83,Everton,Arsenal,ARS,EVE,1,1.2601,1,1.22875,0.467577,-0.935523,11.791666666666666,3,1,1.4371,1,1.4031,1.4031,0.935523,3.55,7
EPL,2425,2025-04-05 Ipswich-Wolverhampton Wanderers,1,2024,26907,2025-04-05 14:00:00,285,229,Ipswich,Wolverhampton Wanderers,WOL,IPS,0,0.2274,1,0.872356,0.872356,-1.9372440000000002,12.555555555555555,5,3,2.6502,2,2.8096,2.8096,1.9372440000000002,8.7,8
EPL,2425,2025-04-05 West Ham-Bournemouth,1,2024,26911,2025-04-05 14:00:00,81,73,West Ham,Bournemouth,BOU,WHU,1,0.525,2,0.907832,0.907832,-1.040858,8.173913043478262,5,1,2.2605000000000004,2,1.94869,1.94869,1.040858,8.25,6
EPL,2425,2025-04-06 Brentford-Chelsea,1,2024,26903,2025-04-06 13:00:00,244,80,Brentford,Chelsea,CHE,BRE,1,1.3049,0,1.36123,1.36123,-0.11706000000000016,13.0,9,1,1.4249,0,1.47829,1.47829,0.11706000000000016,8.727272727272727,9
EPL,2425,2025-04-06 Fulham-Liverpool,1,2024,26906,2025-04-06 13:00:00,228,87,Fulham,Liverpool,LIV,FLH,3,1.6276,3,1.72764,1.72764,0.3212600000000001,21.733333333333334,6,0,1.1121999999999999,2,1.40638,1.40638,-0.3212600000000001,6.428571428571429,8
EPL,2425,2025-04-06 Manchester United-Manchester City,1,2024,26909,2025-04-06 15:30:00,89,88,Manchester United,Manchester City,MCI,MUN,1,1.8164999999999998,0,1.23317,1.23317,0.5452760000000001,13.523809523809524,11,1,0.8709,0,0.687894,0.687894,-0.5452760000000001,10.454545454545455,1
EPL,2425,2025-04-06 Tottenham-Southampton,1,2024,26910,2025-04-06 13:00:00,82,74,Tottenham,Southampton,SOU,TOT,3,2.6009,3,2.648,1.88683,1.106391,7.7272727272727275,10,0,0.27590000000000003,1,0.780439,0.780439,-1.106391,8.764705882352942,5
EPL,2425,2025-04-07 Leicester-Newcastle United,1,2024,26908,2025-04-07 19:00:00,75,86,Leicester,Newcastle United,NEW,LEI,0,0.0242,0,0.354575,0.354575,-3.086535,10.416666666666666,6,3,2.9585000000000004,3,3.44111,3.44111,3.086535,12.518518518518519,5
EPL,2425,2025-04-12 Arsenal-Brentford,1,2024,26913,2025-04-12 16:30:00,83,244,Arsenal,Brentford,BRE,ARS,1,1.4515,1,0.767369,0.767369,0.178786,12.23076923076923,9,1,1.1554,1,0.588583,0.588583,-0.178786,10.631578947368421,6
EPL,2425,2025-04-12 Brighton-Leicester,1,2024,26914,2025-04-12 14:00:00,220,75,Brighton,Leicester,LEI,BRI,1,2.4116,2,3.6978,2.17546,0.1910200000000002,8.8,17,1,0.44780000000000003,2,1.98444,1.98444,-0.1910200000000002,17.705882352941178,4
EPL,2425,2025-04-12 Manchester City-Crystal Palace,1,2024,26917,2025-04-12 11:30:00,88,78,Manchester City,Crystal Palace,CRY,MCI,3,2.8965,5,4.59724,4.59724,3.2591600000000005,8.923076923076923,10,0,0.066,2,1.33808,1.33808,-3.2591600000000005,46.22222222222222,5
EPL,2425,2025-04-12 Nottingham Forest-Everton,1,2024,26920,2025-04-12 14:00:00,249,72,Nottingham Forest,Everton,EVE,NOT,0,0.6268,0,0.423949,0.423949,-0.8364109999999999,22.1,1,3,2.092,1,1.26036,1.26036,0.8364109999999999,11.333333333333334,9
EPL,2425,2025-04-12 Southampton-Aston Villa,1,2024,26921,2025-04-12 14:00:00,74,71,Southampton,Aston Villa,AVL,SOU,0,0.0602,0,0.412256,0.412256,-0.957254,22.90909090909091,1,3,2.8997,3,2.99927,1.36951,0.957254,10.952380952380953,13
EPL,2425,2025-04-13 Chelsea-Ipswich,1,2024,26915,2025-04-13 13:00:00,80,285,Chelsea,Ipswich,IPS,CHE,1,2.2177000000000002,2,2.90758,2.90758,1.3045699999999998,4.16,15,1,0.6135999999999999,2,1.60301,1.60301,-1.3045699999999998,22.818181818181817,3
EPL,2425,2025-04-13 Liverpool-West Ham,1,2024,26916,2025-04-13 13:00:00,87,81,Liverpool,West Ham,WHU,LIV,3,1.3169,2,1.42902,1.42902,-0.036960000000000104,8.903225806451612,14,0,1.4093,1,1.46598,1.46598,0.036960000000000104,17.0,6
EPL,2425,2025-04-13 Newcastle United-Manchester United,1,2024,26918,2025-04-13 15:30:00,86,89,Newcastle United,Manchester United,MUN,NEW,3,2.6407000000000003,4,2.6383,2.6383,1.8517320000000002,7.621621621621622,10,0,0.24219999999999997,1,0.786568,0.786568,-1.8517320000000002,11.38888888888889,3
EPL,2425,2025-04-13 Wolverhampton Wanderers-Tottenham,1,2024,26919,2025-04-13 13:00:00,229,82,Wolverhampton Wanderers,Tottenham,TOT,WOL,3,1.8094999999999999,4,2.22977,2.22977,0.6008999999999998,15.238095238095237,4,0,0.9329000000000001,2,1.62887,1.62887,-0.6008999999999998,8.043478260869565,9
EPL,2425,2025-04-14 Bournemouth-Fulham,1,2024,26912,2025-04-14 19:00:00,73,228,Bournemouth,Fulham,FLH,BOU,3,2.0067,1,1.8577,1.8577,0.7856699999999999,11.736842105263158,4,0,0.7413,0,1.07203,1.07203,-0.7856699999999999,9.61111111111111,10
EPL,2425,2025-04-16 Newcastle United-Crystal Palace,1,2024,26890,2025-04-16 18:30:00,86,78,Newcastle United,Crystal Palace,CRY,NEW,3,1.3172000000000001,5,2.32947,2.32947,0.7151600000000002,13.583333333333334,9,0,1.4393,0,2.37548,1.61431,-0.7151600000000002,16.136363636363637,9
EPL,2425,2025-04-19 Aston Villa-Newcastle United,1,2024,26922,2025-04-19 16:30:00,71,86,Aston Villa,Newcastle United,NEW,AVL,3,2.47,4,3.05371,3.05371,1.7819500000000001,11.227272727272727,10,0,0.38770000000000004,1,1.27176,1.27176,-1.7819500000000001,13.875,8
EPL,2425,2025-04-19 Brentford-Brighton,1,2024,26923,2025-04-19 14:00:00,244,220,Brentford,Brighton,BRI,BRE,3,2.4490999999999996,4,2.95516,2.95516,1.71409,14.333333333333334,14,0,0.4121,2,1.24107,1.24107,-1.71409,15.333333333333334,10
EPL,2425,2025-04-19 Crystal Palace-Bournemouth,1,2024,26924,2025-04-19 14:00:00,78,73,Crystal Palace,Bournemouth,BOU,CRY,1,0.9461,0,0.337818,0.337818,-0.32627500000000004,16.0625,4,1,1.5989,0,0.664093,0.664093,0.32627500000000004,6.6923076923076925,8
EPL,2425,2025-04-19 Everton-Manchester City,1,2024,26925,2025-04-19 14:00:00,72,88,Everton,Manchester City,MCI,EVE,0,0.5501,0,0.81683,0.81683,-1.0630600000000001,17.7,4,3,2.231,2,1.87989,1.87989,1.0630600000000001,10.9375,11
EPL,2425,2025-04-19 West Ham-Southampton,1,2024,26931,2025-04-19 14:00:00,81,74,West Ham,Southampton,SOU,WHU,1,1.3721,1,0.98423,0.98423,0.0613530000000001,21.181818181818183,8,1,1.3031,1,0.922877,0.922877,-0.0613530000000001,14.05,9
EPL,2425,2025-04-20 Fulham-Chelsea,1,2024,26926,2025-04-20 13:00:00,228,80,Fulham,Chelsea,CHE,FLH,0,0.8209000000000001,1,0.306122,0.306122,-0.44559800000000005,16.31578947368421,2,3,1.7488000000000001,2,0.75172,0.75172,0.44559800000000005,13.0625,11
EPL,2425,2025-04-20 Ipswich-Arsenal,1,2024,26927,2025-04-20 13:00:00,285,83,Ipswich,Arsenal,ARS,IPS,0,0.0769,0,0.192879,0.192879,-2.6207409999999998,19.866666666666667,2,3,2.8678,4,2.81362,2.81362,2.6207409999999998,7.85,30
EPL,2425,2025-04-20 Leicester-Liverpool,1,2024,26928,2025-04-20 15:30:00,75,87,Leicester,Liverpool,LIV,LEI,0,0.01,0,0.232205,0.232205,-4.294855,14.61111111111111,3,3,2.9824,1,4.52706,4.52706,4.294855,12.578947368421053,17
EPL,2425,2025-04-20 Manchester United-Wolverhampton Wanderers,1,2024,26929,2025-04-20 13:00:00,89,229,Manchester United,Wolverhampton Wanderers,WOL,MUN,0,2.2698,0,1.13966,1.13966,0.9518459999999999,7.896551724137931,9,3,0.44310000000000005,1,0.187814,0.187814,-0.9518459999999999,9.35483870967742,3
EPL,2425,2025-04-21 Tottenham-Nottingham Forest,1,2024,26930,2025-04-21 19:00:00,82,249,Tottenham,Nottingham Forest,NOT,TOT,0,2.6125000000000003,1,2.4024,2.4024,1.844718,5.476190476190476,5,3,0.2521,2,0.557682,0.557682,-1.844718,12.666666666666666,1
EPL,2425,2025-04-22 Manchester City-Aston Villa,1,2024,26937,2025-04-22 19:00:00,88,71,Manchester City,Aston Villa,AVL,MCI,3,0.9816999999999999,2,1.36232,1.36232,0.26442999999999994,10.555555555555555,3,0,1.762,1,1.85906,1.09789,-0.26442999999999994,17.785714285714285,3
EPL,2425,2025-04-23 Arsenal-Crystal Palace,1,2024,26933,2025-04-23 19:00:00,83,78,Arsenal,Crystal Palace,CRY,ARS,1,0.9802,2,1.92149,1.92149,-0.5836600000000001,13.0,6,1,1.7776,2,2.50515,2.50515,0.5836600000000001,30.1875,7
EPL,2425,2025-04-26 Brighton-West Ham,1,2024,26934,2025-04-26 14:00:00,220,81,Brighton,West Ham,WHU,BRI,3,1.389,3,1.29433,1.29433,0.05298999999999987,9.166666666666666,10,0,1.3068,2,1.24134,1.24134,-0.05298999999999987,24.0,10
EPL,2425,2025-04-26 Chelsea-Everton,1,2024,26935,2025-04-26 11:30:00,80,72,Chelsea,Everton,EVE,CHE,3,1.1564999999999999,1,0.768313,0.768313,-0.14852500000000002,10.576923076923077,2,0,1.4964,0,0.916838,0.916838,0.14852500000000002,14.619047619047619,0
EPL,2425,2025-04-26 Newcastle United-Ipswich,1,2024,26938,2025-04-26 14:00:00,86,285,Newcastle United,Ipswich,IPS,NEW,3,2.9913,3,4.11539,3.35423,3.2270269999999996,5.928571428571429,23,0,0.0045,0,0.127203,0.127203,-3.2270269999999996,23.7,1
EPL,2425,2025-04-26 Southampton-Fulham,1,2024,26940,2025-04-26 14:00:00,74,228,Southampton,Fulham,FLH,SOU,0,0.6812,1,0.935581,0.935581,-1.060019,16.214285714285715,2,3,2.0890999999999997,2,1.9956,1.9956,1.060019,7.416666666666667,8
EPL,2425,2025-04-26 Wolverhampton Wanderers-Leicester,1,2024,26941,2025-04-26 14:00:00,229,75,Wolverhampton Wanderers,Leicester,LEI,WOL,3,2.4926,3,2.57666,2.57666,2.288045,19.5,11,0,0.3266,0,1.04978,0.288615,-2.288045,10.783783783783784,4
EPL,2425,2025-04-27 Bournemouth-Manchester United,1,2024,26932,2025-04-27 13:00:00,73,89,Bournemouth,Manchester United,MUN,BOU,1,0.47250000000000003,1,0.60995,0.60995,-1.30044,10.0,4,1,2.3313,1,1.91039,1.91039,1.30044,7.294117647058823,15
EPL,2425,2025-04-27 Liverpool-Tottenham,1,2024,26936,2025-04-27 15:30:00,87,82,Liverpool,Tottenham,TOT,LIV,3,2.6835999999999998,5,2.51104,2.51104,1.998228,6.0,13,0,0.2047,1,0.512812,0.512812,-1.998228,24.307692307692307,5
EPL,2425,2025-05-01 Nottingham Forest-Brentford,1,2024,26939,2025-05-01 18:30:00,249,244,Nottingham Forest,Brentford,BRE,NOT,0,0.6803,0,0.670607,0.670607,-0.849933,12.1875,8,3,2.0707999999999998,2,1.52054,1.52054,0.849933,12.125,5
EPL,2425,2025-05-02 Manchester City-Wolverhampton Wanderers,1,2024,26942,2025-05-02 19:00:00,88,229,Manchester City,Wolverhampton Wanderers,WOL,MCI,3,1.5434999999999999,1,0.859463,0.859463,0.237008,11.952380952380953,11,0,1.0674000000000001,0,0.622455,0.622455,-0.237008,15.727272727272727,2
EPL,2425,2025-05-03 Arsenal-Bournemouth,1,2024,26945,2025-05-03 16:30:00,83,73,Arsenal,Bournemouth,BOU,ARS,0,1.819,1,2.05484,2.05484,0.6370100000000001,12.777777777777779,10,3,0.9253,2,1.41783,1.41783,-0.6370100000000001,8.75,3
EPL,2425,2025-05-03 Aston Villa-Fulham,1,2024,26946,2025-05-03 11:30:00,71,228,Aston Villa,Fulham,FLH,AVL,3,1.8952,1,1.29013,1.29013,0.587343,19.90909090909091,5,0,0.8140000000000001,0,0.702787,0.702787,-0.587343,9.857142857142858,7
EPL,2425,2025-05-03 Everton-Ipswich,1,2024,26950,2025-05-03 14:00:00,72,285,Everton,Ipswich,IPS,EVE,1,1.0232,2,0.808481,0.808481,-0.335029,10.166666666666666,2,1,1.6430000000000002,2,1.14351,1.14351,0.335029,18.0,2
EPL,2425,2025-05-03 Leicester-Southampton,1,2024,26951,2025-05-03 14:00:00,75,74,Leicester,Southampton,SOU,LEI,3,2.2218,2,1.60739,1.60739,1.056616,12.478260869565217,2,0,0.5436,0,0.550774,0.550774,-1.056616,16.736842105263158,2
EPL,2425,2025-05-04 Brentford-Manchester United,1,2024,26947,2025-05-04 13:00:00,244,89,Brentford,Manchester United,MUN,BRE,3,2.7417,4,3.58737,3.58737,2.4533300000000002,10.0,4,0,0.1782,3,1.13404,1.13404,-2.4533300000000002,9.041666666666666,7
EPL,2425,2025-05-04 Brighton-Newcastle United,1,2024,26944,2025-05-04 13:00:00,220,86,Brighton,Newcastle United,NEW,BRI,1,0.5700000000000001,1,0.687863,0.687863,-0.18874100000000005,13.777777777777779,1,1,2.1753,1,1.63777,0.876604,0.18874100000000005,9.55,12
EPL,2425,2025-05-04 Chelsea-Liverpool,1,2024,26948,2025-05-04 15:30:00,80,87,Chelsea,Liverpool,LIV,CHE,3,2.6048000000000004,3,3.51944,2.75828,1.33158,20.789473684210527,9,0,0.28759999999999997,1,1.4267,1.4267,-1.33158,14.4,9
EPL,2425,2025-05-04 West Ham-Tottenham,1,2024,26943,2025-05-04 13:00:00,81,82,West Ham,Tottenham,TOT,WHU,1,1.6428000000000003,1,1.15166,1.15166,0.30463799999999985,5.114285714285714,6,1,1.0236,1,0.847022,0.847022,-0.30463799999999985,10.238095238095237,3
EPL,2425,2025-05-05 Crystal Palace-Nottingham Forest,1,2024,26949,2025-05-05 19:00:00,78,249,Crystal Palace,Nottingham Forest,NOT,CRY,1,2.5771999999999995,1,2.34037,1.5792,0.94236,11.529411764705882,10,1,0.2897,1,0.63684,0.63684,-0.94236,9.0,5
EPL,2425,2025-05-10 Bournemouth-Aston Villa,1,2024,26955,2025-05-10 16:30:00,73,71,Bournemouth,Aston Villa,AVL,BOU,0,1.2057,0,1.02272,1.02272,-0.10104000000000002,4.5,10,3,1.4105999999999999,1,1.12376,1.12376,0.10104000000000002,12.0,1
EPL,2425,2025-05-10 Fulham-Everton,1,2024,26953,2025-05-10 14:00:00,228,72,Fulham,Everton,EVE,FLH,0,1.2613999999999999,1,1.20869,1.20869,-0.11735000000000007,8.045454545454545,15,3,1.4425999999999999,3,1.32604,1.32604,0.11735000000000007,17.41176470588235,4
EPL,2425,2025-05-10 Ipswich-Brentford,1,2024,26954,2025-05-10 14:00:00,285,244,Ipswich,Brentford,BRE,IPS,0,0.8407,0,0.717433,0.717433,-0.603337,23.22222222222222,3,3,1.8655000000000002,1,1.32077,1.32077,0.603337,11.142857142857142,9
EPL,2425,2025-05-10 Southampton-Manchester City,1,2024,26959,2025-05-10 14:00:00,74,88,Southampton,Manchester City,MCI,SOU,1,0.2781,0,0.136995,0.136995,-1.447635,17.25,3,1,2.5125,0,1.58463,1.58463,1.447635,7.363636363636363,24
EPL,2425,2025-05-10 Wolverhampton Wanderers-Brighton,1,2024,26961,2025-05-10 14:00:00,229,220,Wolverhampton Wanderers,Brighton,BRI,WOL,0,0.6833,0,0.73395,0.73395,0.08257599999999998,13.2,7,3,2.0248999999999997,2,1.41254,0.651374,-0.08257599999999998,11.033333333333333,5
EPL,2425,2025-05-11 Liverpool-Arsenal,1,2024,26952,2025-05-11 15:30:00,87,83,Liverpool,Arsenal,ARS,LIV,1,1.7659999999999998,2,2.74682,2.74682,0.5588700000000002,12.047619047619047,10,1,1.0115,2,2.18795,2.18795,-0.5588700000000002,9.772727272727273,11
EPL,2425,2025-05-11 Manchester United-West Ham,1,2024,26956,2025-05-11 13:15:00,89,81,Manchester United,West Ham,WHU,MUN,0,1.4452,0,2.31287,2.31287,0.15302000000000016,15.857142857142858,9,3,1.3066,2,2.15985,2.15985,-0.15302000000000016,14.823529411764707,2
EPL,2425,2025-05-11 Newcastle United-Chelsea,1,2024,26957,2025-05-11 11:00:00,86,80,Newcastle United,Chelsea,CHE,NEW,3,2.2061,2,1.6703,1.6703,1.023874,14.0625,17,0,0.5624,0,0.646426,0.646426,-1.023874,9.25,6
EPL,2425,2025-05-11 Nottingham Forest-Leicester,1,2024,26958,2025-05-11 13:15:00,249,75,Nottingham Forest,Leicester,LEI,NOT,1,1.7835,2,1.76909,1.76909,0.5396000000000001,8.384615384615385,3,1,0.9512999999999999,2,1.22949,1.22949,-0.5396000000000001,24.7,5
EPL,2425,2025-05-11 Tottenham-Crystal Palace,1,2024,26960,2025-05-11 13:15:00,82,78,Tottenham,Crystal Palace,CRY,TOT,0,0.0879,0,0.806792,0.806792,-3.178668,9.518518518518519,2,3,2.8668,2,3.98546,3.98546,3.178668,9.954545454545455,10
EPL,2425,2025-05-16 Aston Villa-Tottenham,1,2024,26963,2025-05-16 18:30:00,71,82,Aston Villa,Tottenham,TOT,AVL,3,2.2784000000000004,2,1.69061,1.69061,1.1675939999999998,9.5,19,0,0.48769999999999997,0,0.523016,0.523016,-1.1675939999999998,26.25,2
EPL,2425,2025-05-16 Chelsea-Manchester United,1,2024,26966,2025-05-16 19:15:00,80,89,Chelsea,Manchester United,MUN,CHE,3,2.2511,1,1.29571,1.29571,0.958078,12.375,5,0,0.4868,0,0.337632,0.337632,-0.958078,8.916666666666666,5
EPL,2425,2025-05-18 Arsenal-Newcastle United,1,2024,26962,2025-05-18 15:30:00,83,86,Arsenal,Newcastle United,NEW,ARS,3,0.6165999999999999,1,1.15958,1.15958,-1.08676,11.11111111111111,3,0,2.1799,0,2.24634,2.24634,1.08676,9.368421052631579,8
EPL,2425,2025-05-18 Brentford-Fulham,1,2024,26964,2025-05-18 14:00:00,244,228,Brentford,Fulham,FLH,BRE,0,2.0339,2,2.43045,1.66928,0.05187000000000008,11.857142857142858,4,3,0.7343000000000001,3,1.61741,1.61741,-0.05187000000000008,15.909090909090908,6
EPL,2425,2025-05-18 Everton-Southampton,1,2024,26968,2025-05-18 11:00:00,72,74,Everton,Southampton,SOU,EVE,3,2.5638000000000005,2,2.67793,2.67793,1.62768,16.61904761904762,11,0,0.28500000000000003,0,1.05025,1.05025,-1.62768,21.285714285714285,2
EPL,2425,2025-05-18 Leicester-Ipswich,1,2024,26969,2025-05-18 14:00:00,75,285,Leicester,Ipswich,IPS,LEI,3,0.8986,2,0.788544,0.788544,-0.5810259999999999,9.321428571428571,6,0,1.8169,0,1.36957,1.36957,0.5810259999999999,12.708333333333334,4
EPL,2425,2025-05-18 West Ham-Nottingham Forest,1,2024,26971,2025-05-18 13:15:00,81,249,West Ham,Nottingham Forest,NOT,WHU,0,0.5036,1,0.850457,0.850457,-1.297103,6.7727272727272725,5,3,2.3123,2,2.14756,2.14756,1.297103,10.961538461538462,9
EPL,2425,2025-05-19 Brighton-Liverpool,1,2024,26965,2025-05-19 19:00:00,220,87,Brighton,Liverpool,LIV,BRI,3,0.8144,3,2.17789,2.17789,-0.8871099999999998,15.45,20,0,1.9883,2,3.065,3.065,0.8871099999999998,13.0,13
EPL,2425,2025-05-20 Crystal Palace-Wolverhampton Wanderers,1,2024,26967,2025-05-20 19:00:00,78,229,Crystal Palace,Wolverhampton Wanderers,WOL,CRY,3,1.5617,4,1.68451,1.68451,0.25564999999999993,17.714285714285715,12,0,1.1765,2,1.42886,1.42886,-0.25564999999999993,8.941176470588236,9
EPL,2425,2025-05-20 Manchester City-Bournemouth,1,2024,26970,2025-05-20 19:00:00,88,73,Manchester City,Bournemouth,BOU,MCI,3,1.8995,3,1.59779,1.59779,0.635776,20.818181818181817,8,0,0.8341999999999999,1,0.962014,0.962014,-0.635776,22.466666666666665,2
EPL,2425,2025-05-25 Bournemouth-Leicester,1,2024,26979,2025-05-25 15:00:00,73,75,Bournemouth,Leicester,LEI,BOU,3,2.8686999999999996,2,2.72449,2.72449,2.5677879999999997,4.647058823529412,16,0,0.0733,0,0.156702,0.156702,-2.5677879999999997,9.28,3
EPL,2425,2025-05-25 Fulham-Manchester City,1,2024,26981,2025-05-25 15:00:00,228,88,Fulham,Manchester City,MCI,FLH,0,1.2431,0,2.21797,2.21797,0.5199100000000003,22.153846153846153,5,3,1.5218,2,2.45923,1.69806,-0.5199100000000003,13.545454545454545,16
EPL,2425,2025-05-25 Ipswich-West Ham,1,2024,26980,2025-05-25 15:00:00,285,81,Ipswich,West Ham,WHU,IPS,0,1.2639,1,0.893095,0.893095,-0.07428400000000002,14.607142857142858,6,3,1.3971,3,0.967379,0.967379,0.07428400000000002,8.115384615384615,7
EPL,2425,2025-05-25 Liverpool-Crystal Palace,1,2024,26975,2025-05-25 15:00:00,87,78,Liverpool,Crystal Palace,CRY,LIV,1,1.7519,1,1.92122,1.92122,0.5068199999999998,6.346153846153846,9,1,0.9857,1,1.4144,1.4144,-0.5068199999999998,25.416666666666668,3
EPL,2425,2025-05-25 Manchester United-Aston Villa,1,2024,26974,2025-05-25 15:00:00,89,71,Manchester United,Aston Villa,AVL,MUN,3,2.8667999999999996,2,2.96259,2.20143,1.8662080000000003,5.107142857142857,24,0,0.07980000000000001,0,0.335222,0.335222,-1.8662080000000003,26.90909090909091,5
EPL,2425,2025-05-25 Newcastle United-Everton,1,2024,26973,2025-05-25 15:00:00,86,72,Newcastle United,Everton,EVE,NEW,0,1.404,0,1.1591,1.1591,0.08631000000000011,6.25,6,3,1.2846000000000002,1,1.07279,1.07279,-0.08631000000000011,17.866666666666667,1
EPL,2425,2025-05-25 Nottingham Forest-Chelsea,1,2024,26972,2025-05-25 15:00:00,249,80,Nottingham Forest,Chelsea,CHE,NOT,0,1.5584,0,1.58014,1.58014,0.2714000000000001,11.38888888888889,3,3,1.1323999999999999,1,1.30874,1.30874,-0.2714000000000001,14.117647058823529,1
EPL,2425,2025-05-25 Southampton-Arsenal,1,2024,26977,2025-05-25 15:00:00,74,83,Southampton,Arsenal,ARS,SOU,0,0.31120000000000003,1,0.598144,0.598144,-1.8089659999999999,17.3,4,3,2.5522,2,2.40711,2.40711,1.8089659999999999,7.357142857142857,11
EPL,2425,2025-05-25 Tottenham-Brighton,1,2024,26976,2025-05-25 15:00:00,82,220,Tottenham,Brighton,BRI,TOT,0,0.5655,1,1.85265,1.09148,-1.26359,18.0625,3,3,2.2437,4,3.11624,2.35507,1.26359,6.615384615384615,12
EPL,2425,2025-05-25 Wolverhampton Wanderers-Brentford,1,2024,26978,2025-05-25 15:00:00,229,244,Wolverhampton Wanderers,Brentford,BRE,WOL,1,0.7593,1,1.10889,1.10889,-0.86307,13.45,7,1,2.019,1,1.97196,1.97196,0.86307,7.44,7
EPL,2526,2025-08-15 Liverpool-Bournemouth,1,2025,28778,2025-08-15 19:00:00,87,73,Liverpool,Bournemouth,BOU,LIV,3,1.877,4,2.33007,2.33007,0.7570400000000002,8.764705882352942,9,0,0.8954,2,1.57303,1.57303,-0.7570400000000002,11.583333333333334,8
EPL,2526,2025-08-16 Aston Villa-Newcastle United,1,2025,28779,2025-08-16 11:30:00,71,86,Aston Villa,Newcastle United,NEW,AVL,1,0.42579999999999996,0,0.318601,0.318601,-1.082379,18.916666666666668,2,1,2.3370999999999995,0,1.40098,1.40098,1.082379,6.083333333333333,6
EPL,2526,2025-08-16 Brighton-Fulham,1,2025,28780,2025-08-16 14:00:00,220,228,Brighton,Fulham,FLH,BRI,1,1.8562,1,1.44008,0.678909,-0.223974,8.928571428571429,5,1,0.835,1,0.902883,0.902883,0.223974,16.22222222222222,6
EPL,2526,2025-08-16 Sunderland-West Ham,1,2025,28781,2025-08-16 14:00:00,77,81,Sunderland,West Ham,WHU,SUN,3,1.48,3,0.724368,0.724368,0.16542,20.785714285714285,2,0,1.129,0,0.558948,0.558948,-0.16542,11.0,8
EPL,2526,2025-08-16 Tottenham-Burnley,1,2025,28782,2025-08-16 14:00:00,82,92,Tottenham,Burnley,BUR,TOT,3,2.3089000000000004,3,1.97858,1.97858,1.244442,6.352941176470588,7,0,0.4918,0,0.734138,0.734138,-1.244442,17.352941176470587,6
EPL,2526,2025-08-16 Wolverhampton Wanderers-Manchester City,1,2025,28783,2025-08-16 16:30:00,229,88,Wolverhampton Wanderers,Manchester City,MCI,WOL,0,0.2391,0,0.519436,0.519436,-1.7795940000000001,12.10344827586207,4,3,2.6430000000000002,4,2.29903,2.29903,1.7795940000000001,11.8,8
EPL,2526,2025-08-17 Chelsea-Crystal Palace,1,2025,28784,2025-08-17 13:00:00,80,78,Chelsea,Crystal Palace,CRY,CHE,1,1.6141,0,1.36793,1.36793,0.33379000000000003,5.869565217391305,7,1,1.093,0,1.03414,1.03414,-0.33379000000000003,17.63157894736842,2
EPL,2526,2025-08-17 Manchester United-Arsenal,1,2025,28786,2025-08-17 15:30:00,89,83,Manchester United,Arsenal,ARS,MUN,0,1.3298,0,1.37653,1.37653,0.046130000000000004,7.904761904761905,7,3,1.3628,1,1.3304,1.3304,-0.046130000000000004,11.26086956521739,3
EPL,2526,2025-08-17 Nottingham Forest-Brentford,1,2025,28785,2025-08-17 13:00:00,249,244,Nottingham Forest,Brentford,BRE,NOT,3,1.6997,3,1.7555,1.7555,1.191506,11.142857142857142,6,0,1.0148000000000001,1,1.32516,0.563994,-1.191506,9.823529411764707,3
EPL,2526,2025-08-18 Leeds-Everton,1,2025,28787,2025-08-18 19:00:00,245,72,Leeds,Everton,EVE,LED,3,2.5742000000000003,1,2.3812,1.62003,0.9456920000000001,15.6875,5,0,0.2864,0,0.674338,0.674338,-0.9456920000000001,27.5,2
EPL,2526,2025-08-22 West Ham-Chelsea,1,2025,28788,2025-08-22 19:00:00,81,80,West Ham,Chelsea,CHE,WHU,0,0.0944,1,0.978572,0.978572,-2.9713979999999998,26.307692307692307,6,3,2.8571000000000004,5,3.94997,3.94997,2.9713979999999998,11.947368421052632,5
EPL,2526,2025-08-23 Arsenal-Leeds,1,2025,28793,2025-08-23 16:30:00,83,245,Arsenal,Leeds,LED,ARS,3,2.9097,5,2.73761,1.97644,1.819679,7.954545454545454,5,0,0.0513,0,0.156761,0.156761,-1.819679,27.866666666666667,1
EPL,2526,2025-08-23 Bournemouth-Wolverhampton Wanderers,1,2025,28792,2025-08-23 14:00:00,73,229,Bournemouth,Wolverhampton Wanderers,WOL,BOU,3,2.5305999999999997,1,1.78462,1.78462,1.411253,5.88,6,0,0.3052,0,0.373367,0.373367,-1.411253,10.428571428571429,3
EPL,2526,2025-08-23 Brentford-Aston Villa,1,2025,28790,2025-08-23 14:00:00,244,71,Brentford,Aston Villa,AVL,BRE,3,1.5385,1,1.12964,1.12964,0.15278799999999992,10.785714285714286,2,0,1.1286999999999998,0,0.976852,0.976852,-0.15278799999999992,5.411764705882353,14
EPL,2526,2025-08-23 Burnley-Sunderland,1,2025,28791,2025-08-23 14:00:00,92,77,Burnley,Sunderland,SUN,BUR,3,1.2227,2,1.00381,1.00381,-0.1174599999999999,15.428571428571429,4,0,1.448,0,1.12127,1.12127,0.1174599999999999,20.583333333333332,4
EPL,2526,2025-08-23 Manchester City-Tottenham,1,2025,28789,2025-08-23 11:30:00,88,82,Manchester City,Tottenham,TOT,MCI,0,1.3467,0,1.2475,1.2475,-0.032649999999999846,10.444444444444445,8,3,1.3643999999999998,2,1.28015,1.28015,0.032649999999999846,13.272727272727273,4
EPL,2526,2025-08-24 Crystal Palace-Nottingham Forest,1,2025,28794,2025-08-24 13:00:00,78,249,Crystal Palace,Nottingham Forest,NOT,CRY,1,1.1537,1,1.10188,1.10188,-0.22799000000000014,12.782608695652174,6,1,1.5392,1,1.32987,1.32987,0.22799000000000014,10.368421052631579,4
EPL,2526,2025-08-24 Everton-Brighton,1,2025,28795,2025-08-24 13:00:00,72,220,Everton,Brighton,BRI,EVE,3,1.1070000000000002,2,1.80116,1.80116,0.47746,17.705882352941178,5,0,1.6155000000000002,0,2.08487,1.3237,-0.47746,8.68421052631579,8
EPL,2526,2025-08-24 Fulham-Manchester United,1,2025,28796,2025-08-24 15:30:00,228,89,Fulham,Manchester United,MUN,FLH,1,1.4455999999999998,1,1.65333,1.65333,0.868472,9.909090909090908,11,1,1.2692,1,1.54603,0.784858,-0.868472,10.88888888888889,11
EPL,2526,2025-08-25 Newcastle United-Liverpool,1,2025,28797,2025-08-25 19:00:00,86,87,Newcastle United,Liverpool,LIV,NEW,0,2.4272,2,1.96342,1.96342,1.3168609999999998,12.045454545454545,3,3,0.39349999999999996,3,0.646559,0.646559,-1.3168609999999998,7.571428571428571,6
EPL,2526,2025-08-30 Chelsea-Fulham,1,2025,28798,2025-08-30 11:30:00,80,228,Chelsea,Fulham,FLH,CHE,3,2.5668,2,2.4324,1.67123,0.935002,9.32,4,0,0.2994,0,0.736228,0.736228,-0.935002,10.851851851851851,9
EPL,2526,2025-08-30 Leeds-Newcastle United,1,2025,28803,2025-08-30 16:30:00,245,86,Leeds,Newcastle United,NEW,LED,1,1.6758,0,0.6773,0.6773,0.373665,14.863636363636363,5,1,0.8724,0,0.303635,0.303635,-0.373665,11.238095238095237,5
EPL,2526,2025-08-30 Manchester United-Burnley,1,2025,28802,2025-08-30 14:00:00,89,92,Manchester United,Burnley,BUR,MUN,3,2.7985,3,4.02237,3.2612,1.9350200000000002,15.181818181818182,8,0,0.136,2,1.32618,1.32618,-1.9350200000000002,16.0,3
EPL,2526,2025-08-30 Sunderland-Brentford,1,2025,28801,2025-08-30 14:00:00,77,244,Sunderland,Brentford,BRE,SUN,3,1.4156,2,1.57127,0.810099,0.12522500000000003,5.184210526315789,2,0,1.2650000000000001,1,1.44604,0.684874,-0.12522500000000003,21.545454545454547,4
EPL,2526,2025-08-30 Tottenham-Bournemouth,1,2025,28799,2025-08-30 14:00:00,82,73,Tottenham,Bournemouth,BOU,TOT,0,0.15689999999999998,0,0.17067,0.17067,-1.94943,5.2,4,3,2.7342000000000004,1,2.1201,2.1201,1.94943,7.146341463414634,11
EPL,2526,2025-08-30 Wolverhampton Wanderers-Everton,1,2025,28800,2025-08-30 14:00:00,229,72,Wolverhampton Wanderers,Everton,EVE,WOL,0,0.5699,2,0.943257,0.943257,-1.094653,5.851851851851852,5,3,2.2217000000000002,3,2.03791,2.03791,1.094653,11.961538461538462,11
EPL,2526,2025-08-31 Aston Villa-Crystal Palace,1,2025,28807,2025-08-31 18:00:00,71,78,Aston Villa,Crystal Palace,CRY,AVL,0,0.3812,0,1.20586,1.20586,-0.6301000000000001,10.571428571428571,6,3,2.4577999999999998,3,2.59713,1.83596,0.6301000000000001,19.2,5
EPL,2526,2025-08-31 Brighton-Manchester City,1,2025,28805,2025-08-31 13:00:00,220,88,Brighton,Manchester City,MCI,BRI,3,1.4209999999999998,2,2.20864,1.44747,-0.6867100000000002,11.814814814814815,4,0,1.3064,1,2.13418,2.13418,0.6867100000000002,11.933333333333334,9
EPL,2526,2025-08-31 Liverpool-Arsenal,1,2025,28806,2025-08-31 15:30:00,87,83,Liverpool,Arsenal,ARS,LIV,3,1.2667,1,0.481404,0.481404,-0.004275000000000029,15.066666666666666,4,0,1.2709,0,0.485679,0.485679,0.004275000000000029,12.869565217391305,5
EPL,2526,2025-08-31 Nottingham Forest-West Ham,1,2025,28804,2025-08-31 13:00:00,249,81,Nottingham Forest,West Ham,WHU,NOT,0,0.33340000000000003,0,0.716018,0.716018,-0.758812,9.846153846153847,6,3,2.5114,3,2.236,1.47483,0.758812,21.46153846153846,5
EPL,2526,2025-09-13 Arsenal-Nottingham Forest,1,2025,28808,2025-09-13 11:30:00,83,249,Arsenal,Nottingham Forest,NOT,ARS,3,2.8737,3,2.8817,2.8817,2.588019,10.95,10,0,0.07830000000000001,0,0.293681,0.293681,-2.588019,14.55,1
EPL,2526,2025-09-13 Bournemouth-Brighton,1,2025,28810,2025-09-13 14:00:00,73,220,Bournemouth,Brighton,BRI,BOU,3,2.1195,2,1.44187,0.680706,0.05578300000000003,10.833333333333334,5,0,0.6141000000000001,1,0.624923,0.624923,-0.05578300000000003,8.695652173913043,3
EPL,2526,2025-09-13 Brentford-Chelsea,1,2025,28815,2025-09-13 19:00:00,244,80,Brentford,Chelsea,CHE,BRE,1,1.7843999999999998,2,1.17533,1.17533,0.419331,20.1875,8,1,0.9162,2,0.755999,0.755999,-0.419331,5.206896551724138,12
EPL,2526,2025-09-13 Crystal Palace-Sunderland,1,2025,28811,2025-09-13 14:00:00,78,77,Crystal Palace,Sunderland,SUN,CRY,1,2.5155,0,1.75805,1.75805,1.403921,13.555555555555555,8,1,0.31589999999999996,0,0.354129,0.354129,-1.403921,17.77777777777778,4
EPL,2526,2025-09-13 Everton-Aston Villa,1,2025,28812,2025-09-13 14:00:00,72,71,Everton,Aston Villa,AVL,EVE,1,2.5199,0,1.8927,1.8927,1.538373,7.074074074074074,10,1,0.3143,0,0.354327,0.354327,-1.538373,8.368421052631579,3
EPL,2526,2025-09-13 Fulham-Leeds,1,2025,28813,2025-09-13 14:00:00,228,245,Fulham,Leeds,LED,FLH,3,1.6496,1,1.13979,1.13979,0.3093920000000001,9.478260869565217,4,0,1.0121,0,0.830398,0.830398,-0.3093920000000001,13.444444444444445,5
EPL,2526,2025-09-13 Newcastle United-Wolverhampton Wanderers,1,2025,28809,2025-09-13 14:00:00,86,229,Newcastle United,Wolverhampton Wanderers,WOL,NEW,3,2.1553,1,1.19186,1.19186,0.8159179999999999,10.5625,12,0,0.5596,0,0.375942,0.375942,-0.8159179999999999,9.041666666666666,3
EPL,2526,2025-09-13 West Ham-Tottenham,1,2025,28814,2025-09-13 16:30:00,81,82,West Ham,Tottenham,TOT,WHU,0,0.7895000000000001,0,0.793248,0.793248,-0.720772,17.555555555555557,2,3,1.9297999999999997,3,1.51402,1.51402,0.720772,10.857142857142858,8
EPL,2526,2025-09-14 Burnley-Liverpool,1,2025,28816,2025-09-14 13:00:00,92,87,Burnley,Liverpool,LIV,BUR,0,0.0498,0,0.168041,0.168041,-1.8657089999999998,11.090909090909092,0,3,2.9114999999999998,1,2.79492,2.03375,1.8657089999999998,4.142857142857143,17
EPL,2526,2025-09-14 Manchester City-Manchester United,1,2025,28817,2025-09-14 15:30:00,88,89,Manchester City,Manchester United,MUN,MCI,3,1.697,3,1.99725,1.99725,0.47809999999999997,19.214285714285715,8,0,1.0457,0,1.51915,1.51915,-0.47809999999999997,9.23076923076923,8
EPL,2526,2025-09-20 Brighton-Tottenham,1,2025,28821,2025-09-20 14:00:00,220,82,Brighton,Tottenham,TOT,BRI,1,1.5372999999999999,2,1.40466,1.40466,0.21284999999999998,11.48,4,1,1.1338,2,1.19181,1.19181,-0.21284999999999998,4.84375,14
EPL,2526,2025-09-20 Burnley-Nottingham Forest,1,2025,28822,2025-09-20 14:00:00,92,249,Burnley,Nottingham Forest,NOT,BUR,1,1.6359,1,1.14159,1.14159,0.31081100000000006,18.88888888888889,4,1,1.0473,1,0.830779,0.830779,-0.31081100000000006,9.095238095238095,10
EPL,2526,2025-09-20 Fulham-Brentford,1,2025,28825,2025-09-20 19:00:00,228,244,Fulham,Brentford,BRE,FLH,3,1.9517,3,1.52431,1.52431,0.6977540000000001,19.846153846153847,5,0,0.7894999999999999,1,0.826556,0.826556,-0.6977540000000001,13.476190476190476,3
EPL,2526,2025-09-20 Liverpool-Everton,1,2025,28818,2025-09-20 11:30:00,87,72,Liverpool,Everton,EVE,LIV,3,1.6665,2,1.06166,1.06166,0.34028900000000006,5.884615384615385,12,0,1.0035,1,0.721371,0.721371,-0.34028900000000006,11.304347826086957,9
EPL,2526,2025-09-20 Manchester United-Chelsea,1,2025,28824,2025-09-20 16:30:00,89,80,Manchester United,Chelsea,CHE,MUN,3,2.163,2,1.34458,1.34458,0.8747370000000001,12.961538461538462,4,0,0.5622,1,0.469843,0.469843,-0.8747370000000001,13.142857142857142,5
EPL,2526,2025-09-20 West Ham-Crystal Palace,1,2025,28819,2025-09-20 14:00:00,81,78,West Ham,Crystal Palace,CRY,WHU,0,0.22110000000000002,1,0.466365,0.466365,-1.8692849999999999,8.565217391304348,5,3,2.6628,2,2.33565,2.33565,1.8692849999999999,23.818181818181817,7
EPL,2526,2025-09-20 Wolverhampton Wanderers-Leeds,1,2025,28820,2025-09-20 14:00:00,229,245,Wolverhampton Wanderers,Leeds,LED,WOL,0,2.2899999999999996,1,1.5661,1.5661,1.109112,10.96,10,3,0.48339999999999994,3,0.456988,0.456988,-1.109112,13.19047619047619,7
EPL,2526,2025-09-21 Arsenal-Manchester City,1,2025,28827,2025-09-21 15:30:00,83,88,Arsenal,Manchester City,MCI,ARS,1,0.9305000000000001,1,0.718575,0.718575,-0.40412500000000007,6.818181818181818,10,1,1.7474,1,1.1227,1.1227,0.40412500000000007,17.0,3
EPL,2526,2025-09-21 Bournemouth-Newcastle United,1,2025,28823,2025-09-21 13:00:00,73,86,Bournemouth,Newcastle United,NEW,BOU,1,1.7041999999999997,0,0.55066,0.55066,0.397031,8.363636363636363,4,1,0.7742,0,0.153629,0.153629,-0.397031,16.41176470588235,6
EPL,2526,2025-09-21 Sunderland-Aston Villa,1,2025,28826,2025-09-21 13:00:00,77,71,Sunderland,Aston Villa,AVL,SUN,1,1.3236999999999999,1,0.938312,0.938312,-0.0010419999999999874,9.869565217391305,4,1,1.33,1,0.939354,0.939354,0.0010419999999999874,7.0,16
EPL,2526,2025-09-27 Brentford-Manchester United,1,2025,28828,2025-09-27 11:30:00,244,89,Brentford,Manchester United,MUN,BRE,3,1.7845,3,2.78726,2.78726,1.3123399999999998,11.72,6,0,0.9664,1,2.23609,1.47492,-1.3123399999999998,12.125,1
EPL,2526,2025-09-27 Chelsea-Brighton,1,2025,28829,2025-09-27 14:00:00,80,220,Chelsea,Brighton,BRI,CHE,0,1.0291,1,2.02653,2.02653,-0.4485699999999997,8.526315789473685,4,3,1.7227,3,2.4751,2.4751,0.4485699999999997,9.172413793103448,8
EPL,2526,2025-09-27 Crystal Palace-Liverpool,1,2025,28830,2025-09-27 14:00:00,78,87,Crystal Palace,Liverpool,LIV,CRY,3,1.6584,2,3.53323,3.53323,0.43147,24.375,12,0,1.1448,1,3.10176,3.10176,-0.43147,8.571428571428571,5
EPL,2526,2025-09-27 Leeds-Bournemouth,1,2025,28832,2025-09-27 14:00:00,245,73,Leeds,Bournemouth,BOU,LED,1,2.0964,2,2.04728,2.04728,0.9869500000000002,10.076923076923077,3,1,0.6846,2,1.06033,1.06033,-0.9869500000000002,8.4,9
EPL,2526,2025-09-27 Manchester City-Burnley,1,2025,28833,2025-09-27 14:00:00,88,92,Manchester City,Burnley,BUR,MCI,3,2.8438999999999997,5,3.22133,3.22133,2.711839,16.0,15,0,0.0959,1,0.509491,0.509491,-2.711839,17.1875,4
EPL,2526,2025-09-27 Nottingham Forest-Sunderland,1,2025,28834,2025-09-27 16:30:00,249,77,Nottingham Forest,Sunderland,SUN,NOT,0,0.9927,0,1.4203,1.4203,-0.5212400000000001,9.3,6,3,1.7727,1,1.94154,1.94154,0.5212400000000001,29.5,3
EPL,2526,2025-09-27 Tottenham-Wolverhampton Wanderers,1,2025,28835,2025-09-27 19:00:00,82,229,Tottenham,Wolverhampton Wanderers,WOL,TOT,1,0.9919,1,0.818711,0.818711,-0.3407990000000001,16.928571428571427,5,1,1.6705,1,1.15951,1.15951,0.3407990000000001,9.5,4
EPL,2526,2025-09-28 Aston Villa-Fulham,1,2025,28831,2025-09-28 13:00:00,71,228,Aston Villa,Fulham,FLH,AVL,3,1.7306,3,1.36575,1.36575,0.413138,17.357142857142858,6,0,0.9763999999999999,1,0.952612,0.952612,-0.413138,13.833333333333334,4
EPL,2526,2025-09-28 Newcastle United-Arsenal,1,2025,28836,2025-09-28 15:30:00,86,83,Newcastle United,Arsenal,ARS,NEW,0,0.474,1,0.739851,0.739851,-1.3306289999999998,16.466666666666665,4,3,2.3387999999999995,2,2.07048,2.07048,1.3306289999999998,7.25,13
EPL,2526,2025-09-29 Everton-West Ham,1,2025,28837,2025-09-29 19:00:00,72,81,Everton,West Ham,WHU,EVE,1,1.4394999999999998,1,0.909703,0.909703,0.13393700000000008,12.764705882352942,12,1,1.2127,1,0.775766,0.775766,-0.13393700000000008,13.5,7
EPL,2526,2025-10-03 Bournemouth-Fulham,1,2025,28838,2025-10-03 19:00:00,73,228,Bournemouth,Fulham,FLH,BOU,3,1.8082,3,1.33458,1.33458,0.49123000000000006,13.823529411764707,13,0,0.8946999999999998,1,0.84335,0.84335,-0.49123000000000006,19.142857142857142,10
EPL,2526,2025-10-04 Arsenal-West Ham,1,2025,28839,2025-10-04 14:00:00,83,81,Arsenal,West Ham,WHU,ARS,3,2.7519,2,3.0585,2.29733,1.432781,4.212121212121212,17,0,0.159,0,0.864549,0.864549,-1.432781,25.076923076923077,3
EPL,2526,2025-10-04 Chelsea-Liverpool,1,2025,28842,2025-10-04 16:30:00,80,87,Chelsea,Liverpool,LIV,CHE,3,0.7363,2,1.23721,1.23721,-0.8226000000000002,13.3,6,0,2.0083,1,2.05981,2.05981,0.8226000000000002,17.125,9
EPL,2526,2025-10-04 Leeds-Tottenham,1,2025,28844,2025-10-04 11:30:00,245,82,Leeds,Tottenham,TOT,LED,0,2.0633,1,1.48051,1.48051,0.792312,10.833333333333334,6,3,0.6734,2,0.688198,0.688198,-0.792312,15.0,4
EPL,2526,2025-10-04 Manchester United-Sunderland,1,2025,28845,2025-10-04 14:00:00,89,77,Manchester United,Sunderland,SUN,MUN,3,2.2545,2,1.9298,1.9298,1.122681,10.173913043478262,7,0,0.5388,0,0.807119,0.807119,-1.122681,9.76,3
EPL,2526,2025-10-05 Aston Villa-Burnley,1,2025,28840,2025-10-05 13:00:00,71,92,Aston Villa,Burnley,BUR,AVL,3,2.3255,2,1.73572,1.73572,1.233428,12.722222222222221,8,0,0.4577,1,0.502292,0.502292,-1.233428,7.809523809523809,1
EPL,2526,2025-10-05 Brentford-Manchester City,1,2025,28841,2025-10-05 15:30:00,244,88,Brentford,Manchester City,MCI,BRE,0,0.9858,0,0.693758,0.693758,-0.40271200000000007,13.3,2,3,1.6665,1,1.09647,1.09647,0.40271200000000007,13.5,9
EPL,2526,2025-10-05 Everton-Crystal Palace,1,2025,28843,2025-10-05 13:00:00,72,78,Everton,Crystal Palace,CRY,EVE,3,1.3515,2,2.13876,1.37759,-0.8003,9.275862068965518,5,0,1.3839,1,2.17789,2.17789,0.8003,6.805555555555555,6
EPL,2526,2025-10-05 Newcastle United-Nottingham Forest,1,2025,28846,2025-10-05 13:00:00,86,249,Newcastle United,Nottingham Forest,NOT,NEW,3,2.9546,2,3.81662,3.05545,2.717761,8.0,13,0,0.027200000000000002,0,0.337689,0.337689,-2.717761,11.047619047619047,4
EPL,2526,2025-10-05 Wolverhampton Wanderers-Brighton,1,2025,28847,2025-10-05 13:00:00,229,220,Wolverhampton Wanderers,Brighton,BRI,WOL,1,0.4865,1,0.369404,0.369404,-1.022176,13.571428571428571,2,1,2.2661,1,1.39158,1.39158,1.022176,9.818181818181818,2
EPL,2526,2025-10-18 Brighton-Newcastle United,1,2025,28848,2025-10-18 14:00:00,220,86,Brighton,Newcastle United,NEW,BRI,3,0.9963000000000001,2,0.857104,0.857104,-0.4260260000000001,13.409090909090908,8,0,1.7094,1,1.28313,1.28313,0.4260260000000001,9.64,9
EPL,2526,2025-10-18 Burnley-Leeds,1,2025,28849,2025-10-18 14:00:00,92,245,Burnley,Leeds,LED,BUR,3,0.22310000000000002,2,0.509647,0.509647,-1.8218729999999999,15.80952380952381,2,0,2.6492,0,2.33152,2.33152,1.8218729999999999,7.809523809523809,8
EPL,2526,2025-10-18 Crystal Palace-Bournemouth,1,2025,28850,2025-10-18 14:00:00,78,73,Crystal Palace,Bournemouth,BOU,CRY,1,2.7443,3,4.56284,3.80167,1.7545700000000002,7.84,14,1,0.1793,3,2.0471,2.0471,-1.7545700000000002,8.11111111111111,6
EPL,2526,2025-10-18 Fulham-Arsenal,1,2025,28851,2025-10-18 16:30:00,228,83,Fulham,Arsenal,ARS,FLH,0,0.29500000000000004,0,0.502332,0.502332,-1.575898,18.1875,3,3,2.5627,1,2.07823,2.07823,1.575898,30.0,14
EPL,2526,2025-10-18 Manchester City-Everton,1,2025,28853,2025-10-18 14:00:00,88,72,Manchester City,Everton,EVE,MCI,3,2.5183,2,2.4799,2.4799,1.6852780000000003,8.722222222222221,15,0,0.3247,0,0.794622,0.794622,-1.6852780000000003,16.692307692307693,4
EPL,2526,2025-10-18 Nottingham Forest-Chelsea,1,2025,28854,2025-10-18 11:30:00,249,80,Nottingham Forest,Chelsea,CHE,NOT,0,1.0608,0,2.0555,2.0555,-0.5028000000000001,14.842105263157896,9,3,1.7066999999999999,3,2.5583,2.5583,0.5028000000000001,8.482758620689655,6
EPL,2526,2025-10-18 Sunderland-Wolverhampton Wanderers,1,2025,28855,2025-10-18 14:00:00,77,229,Sunderland,Wolverhampton Wanderers,WOL,SUN,3,1.6885000000000001,2,1.02481,1.02481,0.348487,36.42857142857143,6,0,0.9793000000000001,0,0.676323,0.676323,-0.348487,5.233333333333333,11
EPL,2526,2025-10-19 Liverpool-Manchester United,1,2025,28852,2025-10-19 15:30:00,87,89,Liverpool,Manchester United,MUN,LIV,0,1.4439000000000002,1,2.60972,2.60972,0.0785499999999999,7.625,10,3,1.3212000000000002,2,2.53117,2.53117,-0.0785499999999999,17.428571428571427,6
EPL,2526,2025-10-19 Tottenham-Aston Villa,1,2025,28856,2025-10-19 13:00:00,82,71,Tottenham,Aston Villa,AVL,TOT,0,2.3837,1,1.51461,1.51461,1.162379,7.592592592592593,5,3,0.4064,2,0.352231,0.352231,-1.162379,12.88888888888889,2
EPL,2526,2025-10-20 West Ham-Brentford,1,2025,28857,2025-10-20 19:00:00,81,244,West Ham,Brentford,BRE,WHU,0,0.045399999999999996,0,0.260251,0.260251,-3.206099,14.777777777777779,4,3,2.926,2,3.46635,3.46635,3.206099,12.466666666666667,11
EPL,2526,2025-10-24 Leeds-West Ham,1,2025,28864,2025-10-24 19:00:00,245,81,Leeds,West Ham,WHU,LED,3,2.6272,2,2.2214,2.2214,1.722747,10.814814814814815,1,0,0.2482,1,0.498653,0.498653,-1.722747,9.576923076923077,4
EPL,2526,2025-10-25 Brentford-Liverpool,1,2025,28861,2025-10-25 19:00:00,244,87,Brentford,Liverpool,LIV,BRE,3,2.1265,3,3.27126,2.5101,0.39171999999999985,14.0,5,0,0.6868,2,2.11838,2.11838,-0.39171999999999985,6.2,10
EPL,2526,2025-10-25 Chelsea-Sunderland,1,2025,28862,2025-10-25 14:00:00,80,77,Chelsea,Sunderland,SUN,CHE,0,1.0463,1,1.21332,1.21332,-0.33728,9.333333333333334,11,3,1.6661000000000001,2,1.5506,1.5506,0.33728,21.647058823529413,6
EPL,2526,2025-10-25 Manchester United-Brighton,1,2025,28865,2025-10-25 16:30:00,89,220,Manchester United,Brighton,BRI,MUN,3,2.1264000000000003,4,1.96231,1.96231,1.015156,13.964285714285714,9,0,0.6576,2,0.947154,0.947154,-1.015156,6.333333333333333,5
EPL,2526,2025-10-25 Newcastle United-Fulham,1,2025,28866,2025-10-25 14:00:00,86,228,Newcastle United,Fulham,FLH,NEW,3,2.2806,2,2.76806,2.76806,1.24805,9.035714285714286,7,0,0.534,1,1.52001,1.52001,-1.24805,9.551724137931034,3
EPL,2526,2025-10-26 Arsenal-Crystal Palace,1,2025,28859,2025-10-26 13:00:00,83,78,Arsenal,Crystal Palace,CRY,ARS,3,1.8296999999999999,1,0.856175,0.856175,0.505641,12.411764705882353,5,0,0.7859999999999999,0,0.350534,0.350534,-0.505641,28.272727272727273,1
EPL,2526,2025-10-26 Aston Villa-Manchester City,1,2025,28860,2025-10-26 13:00:00,71,88,Aston Villa,Manchester City,MCI,AVL,3,0.9462999999999999,1,0.843906,0.843906,-0.525234,22.363636363636363,8,0,1.7647,0,1.36914,1.36914,0.525234,10.25,11
EPL,2526,2025-10-26 Bournemouth-Nottingham Forest,1,2025,28858,2025-10-26 13:00:00,73,249,Bournemouth,Nottingham Forest,NOT,BOU,3,1.6589999999999998,2,0.656601,0.656601,0.351108,8.04,7,0,0.8847,0,0.305493,0.305493,-0.351108,11.75,4
EPL,2526,2025-10-26 Everton-Tottenham,1,2025,28863,2025-10-26 15:30:00,72,82,Everton,Tottenham,TOT,EVE,0,0.831,0,1.4032,1.4032,-0.69007,13.421052631578947,6,3,1.9179,3,2.09327,2.09327,0.69007,17.0,3
EPL,2526,2025-10-26 Wolverhampton Wanderers-Burnley,1,2025,28867,2025-10-26 13:00:00,229,92,Wolverhampton Wanderers,Burnley,BUR,WOL,0,2.141,2,2.58132,1.82015,0.27471,8.875,10,3,0.6457999999999999,3,1.54544,1.54544,-0.27471,14.555555555555555,5
EPL,2526,2025-11-01 Brighton-Leeds,1,2025,28868,2025-11-01 15:00:00,220,245,Brighton,Leeds,LED,BRI,3,2.8172,3,2.64127,2.64127,2.28208,14.80952380952381,7,0,0.1109,0,0.35919,0.35919,-2.28208,22.6,2
EPL,2526,2025-11-01 Burnley-Arsenal,1,2025,28869,2025-11-01 15:00:00,92,83,Burnley,Arsenal,ARS,BUR,0,0.2319,0,0.679177,0.679177,-1.837313,15.55,3,3,2.64,2,2.51649,2.51649,1.837313,12.157894736842104,9
EPL,2526,2025-11-01 Crystal Palace-Brentford,1,2025,28870,2025-11-01 15:00:00,78,244,Crystal Palace,Brentford,BRE,CRY,3,1.2190999999999999,2,0.734558,0.734558,-0.0859399999999999,19.375,5,0,1.4138,0,0.820498,0.820498,0.0859399999999999,5.818181818181818,8
EPL,2526,2025-11-01 Fulham-Wolverhampton Wanderers,1,2025,28871,2025-11-01 15:00:00,228,229,Fulham,Wolverhampton Wanderers,WOL,FLH,3,2.6905,3,1.91207,1.91207,1.7021359999999999,12.833333333333334,11,0,0.1861,0,0.209934,0.209934,-1.7021359999999999,21.3125,4
EPL,2526,2025-11-01 Liverpool-Aston Villa,1,2025,28872,2025-11-01 20:00:00,87,71,Liverpool,Aston Villa,AVL,LIV,3,2.2034,2,1.47021,1.47021,1.03519,10.95,12,0,0.5414,0,0.43502,0.43502,-1.03519,16.0625,6
EPL,2526,2025-11-01 Nottingham Forest-Manchester United,1,2025,28874,2025-11-01 15:00:00,249,89,Nottingham Forest,Manchester United,MUN,NOT,1,1.9257000000000002,2,1.55066,1.55066,0.6344399999999999,13.695652173913043,7,1,0.8145,2,0.91622,0.91622,-0.6344399999999999,9.470588235294118,5
EPL,2526,2025-11-01 Tottenham-Chelsea,1,2025,28876,2025-11-01 17:30:00,82,80,Tottenham,Chelsea,CHE,TOT,0,0.0249,0,0.146954,0.146954,-3.195556,8.56,4,3,2.9549999999999996,1,3.34251,3.34251,3.195556,7.0,13
EPL,2526,2025-11-02 Manchester City-Bournemouth,1,2025,28873,2025-11-02 16:30:00,88,73,Manchester City,Bournemouth,BOU,MCI,3,2.4677000000000002,3,2.48999,2.48999,1.590144,20.1875,8,0,0.3725,1,0.899846,0.899846,-1.590144,11.217391304347826,4
EPL,2526,2025-11-02 West Ham-Newcastle United,1,2025,28877,2025-11-02 14:00:00,81,86,West Ham,Newcastle United,NEW,WHU,3,2.1611,3,1.41383,1.41383,0.8902149999999999,23.583333333333332,3,0,0.5843,1,0.523615,0.523615,-0.8902149999999999,8.882352941176471,7
EPL,2526,2025-11-03 Sunderland-Everton,1,2025,28875,2025-11-03 20:00:00,77,72,Sunderland,Everton,EVE,SUN,1,1.4357000000000002,1,1.18068,1.18068,0.17327000000000004,8.238095238095237,7,1,1.244,1,1.00741,1.00741,-0.17327000000000004,23.153846153846153,5
EPL,2526,2025-11-08 Chelsea-Wolverhampton Wanderers,1,2025,28880,2025-11-08 20:00:00,80,229,Chelsea,Wolverhampton Wanderers,WOL,CHE,3,2.9846,3,3.98342,3.98342,3.8719580000000002,10.421052631578947,13,0,0.008,0,0.111462,0.111462,-3.8719580000000002,20.4,1
EPL,2526,2025-11-08 Everton-Fulham,1,2025,28882,2025-11-08 15:00:00,72,228,Everton,Fulham,FLH,EVE,3,2.6755,2,2.30607,2.30607,1.881592,15.176470588235293,5,0,0.21400000000000002,0,0.424478,0.424478,-1.881592,9.9,7
EPL,2526,2025-11-08 Sunderland-Arsenal,1,2025,28885,2025-11-08 17:30:00,77,83,Sunderland,Arsenal,ARS,SUN,1,0.6061,2,1.20495,1.20495,-1.12448,13.466666666666667,7,1,2.1799,2,2.32943,2.32943,1.12448,9.4375,11
EPL,2526,2025-11-08 Tottenham-Manchester United,1,2025,28886,2025-11-08 12:30:00,82,89,Tottenham,Manchester United,MUN,TOT,1,1.813,2,1.35532,1.35532,0.5350640000000001,7.724137931034483,5,1,0.9049,2,0.820256,0.820256,-0.5350640000000001,13.31578947368421,3
EPL,2526,2025-11-08 West Ham-Burnley,1,2025,28887,2025-11-08 15:00:00,81,92,West Ham,Burnley,BUR,WHU,3,2.2418,3,2.96728,2.96728,1.0925000000000002,15.45,4,0,0.5509999999999999,2,1.87478,1.87478,-1.0925000000000002,10.526315789473685,7
EPL,2526,2025-11-09 Aston Villa-Bournemouth,1,2025,28878,2025-11-09 14:00:00,71,73,Aston Villa,Bournemouth,BOU,AVL,3,1.2654999999999998,4,1.88282,1.88282,0.6340699999999999,5.793103448275862,10,0,1.4691999999999998,0,2.00992,1.24875,-0.6340699999999999,6.814814814814815,6
EPL,2526,2025-11-09 Brentford-Newcastle United,1,2025,28879,2025-11-09 14:00:00,244,86,Brentford,Newcastle United,NEW,BRE,3,2.8235,3,2.73729,1.97612,1.543843,12.0,7,0,0.1112,1,0.432277,0.432277,-1.543843,11.105263157894736,2
EPL,2526,2025-11-09 Crystal Palace-Brighton,1,2025,28881,2025-11-09 14:00:00,78,220,Crystal Palace,Brighton,BRI,CRY,1,1.4652,0,0.839547,0.839547,0.20251000000000008,11.76923076923077,10,1,1.1541,0,0.637037,0.637037,-0.20251000000000008,10.0,7
EPL,2526,2025-11-09 Manchester City-Liverpool,1,2025,28883,2025-11-09 16:30:00,88,87,Manchester City,Liverpool,LIV,MCI,3,1.8593,3,1.59542,0.834247,-0.19385300000000005,11.818181818181818,7,0,0.8609,0,1.0281,1.0281,0.19385300000000005,11.0,7
EPL,2526,2025-11-09 Nottingham Forest-Leeds,1,2025,28884,2025-11-09 14:00:00,249,245,Nottingham Forest,Leeds,LED,NOT,3,2.7659,3,2.49097,1.72981,1.310349,15.166666666666666,4,0,0.1457,1,0.419461,0.419461,-1.310349,9.35,3
EPL,2526,2025-11-22 Bournemouth-West Ham,1,2025,28888,2025-11-22 15:00:00,73,81,Bournemouth,West Ham,WHU,BOU,1,2.9155,2,3.48299,2.72182,2.331038,2.303030303030303,9,1,0.0496,2,0.390782,0.390782,-2.331038,21.727272727272727,3
EPL,2526,2025-11-22 Brighton-Brentford,1,2025,28890,2025-11-22 15:00:00,220,244,Brighton,Brentford,BRE,BRI,3,0.43720000000000003,2,0.977488,0.977488,0.30004,7.48,10,0,2.3872,1,2.19979,0.677448,-0.30004,17.4,7
EPL,2526,2025-11-22 Burnley-Chelsea,1,2025,28891,2025-11-22 12:30:00,92,80,Burnley,Chelsea,CHE,BUR,0,0.5518000000000001,0,0.660943,0.660943,-1.059987,14.115384615384615,6,3,2.2234000000000003,2,1.72093,1.72093,1.059987,13.157894736842104,11
EPL,2526,2025-11-22 Fulham-Sunderland,1,2025,28892,2025-11-22 15:00:00,228,77,Fulham,Sunderland,SUN,FLH,3,2.863,1,2.83729,2.83729,2.614522,14.133333333333333,17,0,0.0823,0,0.222768,0.222768,-2.614522,13.095238095238095,2
EPL,2526,2025-11-22 Liverpool-Nottingham Forest,1,2025,28894,2025-11-22 15:00:00,87,249,Liverpool,Nottingham Forest,NOT,LIV,0,1.8124,0,1.79273,1.79273,0.5981399999999999,4.681818181818182,11,3,0.9379,3,1.19459,1.19459,-0.5981399999999999,23.153846153846153,6
EPL,2526,2025-11-22 Newcastle United-Manchester City,1,2025,28896,2025-11-22 17:30:00,86,88,Newcastle United,Manchester City,MCI,NEW,3,1.3791,2,2.40555,2.40555,-0.05093000000000014,11.681818181818182,4,0,1.3767,1,2.45648,2.45648,0.05093000000000014,7.722222222222222,16
EPL,2526,2025-11-22 Wolverhampton Wanderers-Crystal Palace,1,2025,28897,2025-11-22 15:00:00,229,78,Wolverhampton Wanderers,Crystal Palace,CRY,WOL,0,1.569,0,1.66409,1.66409,0.21476000000000006,10.695652173913043,10,3,1.146,2,1.44933,1.44933,-0.21476000000000006,10.04,11
EPL,2526,2025-11-23 Arsenal-Tottenham,1,2025,28889,2025-11-23 16:30:00,83,82,Arsenal,Tottenham,TOT,ARS,3,2.8482,4,2.27827,2.27827,2.2482028,6.294117647058823,13,0,0.0774,1,0.0300672,0.0300672,-2.2482028,13.444444444444445,2
EPL,2526,2025-11-23 Leeds-Aston Villa,1,2025,28893,2025-11-23 14:00:00,245,71,Leeds,Aston Villa,AVL,LED,0,1.7718,1,1.84668,1.84668,0.4869000000000001,7.333333333333333,5,3,0.9681,2,1.35978,1.35978,-0.4869000000000001,11.944444444444445,5
EPL,2526,2025-11-24 Manchester United-Everton,1,2025,28895,2025-11-24 20:00:00,89,72,Manchester United,Everton,EVE,MUN,0,2.7676000000000003,0,2.2737,2.2737,2.1186369999999997,4.7727272727272725,15,3,0.13390000000000002,1,0.155063,0.155063,-2.1186369999999997,28.666666666666668,2
EPL,2526,2025-11-29 Brentford-Burnley,1,2025,28899,2025-11-29 15:00:00,244,92,Brentford,Burnley,BUR,BRE,3,2.8943,3,3.72106,2.9599,2.8470440000000004,14.642857142857142,5,0,0.0638,1,0.874025,0.112856,-2.8470440000000004,11.894736842105264,1
EPL,2526,2025-11-29 Everton-Newcastle United,1,2025,28902,2025-11-29 17:30:00,72,86,Everton,Newcastle United,NEW,EVE,0,0.4603,1,1.01125,1.01125,-1.4475699999999998,14.91304347826087,13,3,2.3653,4,2.45882,2.45882,1.4475699999999998,21.666666666666668,8
EPL,2526,2025-11-29 Manchester City-Leeds,1,2025,28903,2025-11-29 15:00:00,88,245,Manchester City,Leeds,LED,MCI,3,2.1735,3,2.85292,2.85292,2.0126530000000002,12.294117647058824,12,0,0.6177,2,1.75142,0.840267,-2.0126530000000002,8.366666666666667,4
EPL,2526,2025-11-29 Sunderland-Bournemouth,1,2025,28905,2025-11-29 15:00:00,77,73,Sunderland,Bournemouth,BOU,SUN,3,0.8139000000000001,3,1.16955,0.40842,-1.38432,9.9,9,0,1.8752999999999997,2,1.79274,1.79274,1.38432,7.722222222222222,9
EPL,2526,2025-11-29 Tottenham-Fulham,1,2025,28906,2025-11-29 20:00:00,82,228,Tottenham,Fulham,FLH,TOT,0,1.9130999999999998,1,1.04396,1.04396,0.5492239999999999,6.689655172413793,3,3,0.7629000000000001,2,0.494736,0.494736,-0.5492239999999999,12.565217391304348,5
EPL,2526,2025-11-30 Aston Villa-Wolverhampton Wanderers,1,2025,28898,2025-11-30 14:05:00,71,229,Aston Villa,Wolverhampton Wanderers,WOL,AVL,3,1.7575999999999998,1,1.15486,1.15486,0.462272,9.75,5,0,0.9275,0,0.692588,0.692588,-0.462272,10.238095238095237,3
EPL,2526,2025-11-30 Chelsea-Arsenal,1,2025,28900,2025-11-30 16:30:00,80,83,Chelsea,Arsenal,ARS,CHE,1,0.9354,1,0.791914,0.791914,-0.43636600000000003,11.55,2,1,1.7576999999999998,1,1.22828,1.22828,0.43636600000000003,7.75,7
EPL,2526,2025-11-30 Crystal Palace-Manchester United,1,2025,28901,2025-11-30 12:00:00,78,89,Crystal Palace,Manchester United,MUN,CRY,0,1.9058000000000002,1,2.13561,1.37444,-0.10324,12.68421052631579,4,3,0.812,2,1.47768,1.47768,0.10324,8.947368421052632,1
EPL,2526,2025-11-30 Nottingham Forest-Brighton,1,2025,28904,2025-11-30 14:05:00,249,220,Nottingham Forest,Brighton,BRI,NOT,0,0.6342,0,0.960325,0.960325,-1.0968749999999998,13.173913043478262,11,3,2.1597,2,2.0572,2.0572,1.0968749999999998,9.88,8
EPL,2526,2025-11-30 West Ham-Liverpool,1,2025,28907,2025-11-30 14:05:00,81,87,West Ham,Liverpool,LIV,WHU,0,0.3761,0,0.364152,0.364152,-1.203778,13.826086956521738,4,3,2.4242,2,1.56793,1.56793,1.203778,8.478260869565217,9
EPL,2526,2025-12-02 Bournemouth-Everton,1,2025,28908,2025-12-02 19:30:00,73,72,Bournemouth,Everton,EVE,BOU,0,0.8400000000000001,0,0.635415,0.635415,-0.560315,11.285714285714286,7,3,1.8410999999999997,1,1.19573,1.19573,0.560315,11.708333333333334,5
EPL,2526,2025-12-02 Fulham-Manchester City,1,2025,28912,2025-12-02 19:30:00,228,88,Fulham,Manchester City,MCI,FLH,0,0.6456,4,0.972635,0.972635,-0.989615,10.038461538461538,6,3,2.1311999999999998,5,1.96225,1.96225,0.989615,17.636363636363637,5
EPL,2526,2025-12-02 Newcastle United-Tottenham,1,2025,28916,2025-12-02 20:15:00,86,82,Newcastle United,Tottenham,TOT,NEW,1,1.9952999999999999,2,1.88558,1.12441,0.07235999999999998,7.76,5,1,0.7545,2,1.05205,1.05205,-0.07235999999999998,12.95,4
EPL,2526,2025-12-03 Arsenal-Brentford,1,2025,28909,2025-12-03 19:30:00,83,244,Arsenal,Brentford,BRE,ARS,3,2.694,2,2.63126,2.63126,2.0425440000000004,6.925925925925926,4,0,0.19740000000000002,0,0.588716,0.588716,-2.0425440000000004,15.61111111111111,3
EPL,2526,2025-12-03 Brighton-Aston Villa,1,2025,28910,2025-12-03 19:30:00,220,71,Brighton,Aston Villa,AVL,BRI,0,0.6274000000000001,3,1.96298,1.96298,-1.19447,6.0,5,3,2.1954999999999996,4,3.15745,3.15745,1.19447,14.421052631578947,11
EPL,2526,2025-12-03 Burnley-Crystal Palace,1,2025,28911,2025-12-03 19:30:00,92,78,Burnley,Crystal Palace,CRY,BUR,0,1.4739,0,1.16852,1.16852,0.18072299999999997,9.76,9,3,1.1972999999999998,1,0.987797,0.987797,-0.18072299999999997,24.785714285714285,4
EPL,2526,2025-12-03 Leeds-Chelsea,1,2025,28913,2025-12-03 20:15:00,245,80,Leeds,Chelsea,CHE,LED,3,2.3367,3,2.2047,2.2047,1.2406819999999998,23.88888888888889,3,0,0.47669999999999996,1,0.964018,0.964018,-1.2406819999999998,5.714285714285714,8
EPL,2526,2025-12-03 Liverpool-Sunderland,1,2025,28914,2025-12-03 20:15:00,87,77,Liverpool,Sunderland,SUN,LIV,1,1.9108,1,1.37633,1.37633,0.663668,9.470588235294118,5,1,0.7938999999999999,1,0.712662,0.712662,-0.663668,19.333333333333332,3
EPL,2526,2025-12-03 Wolverhampton Wanderers-Nottingham Forest,1,2025,28917,2025-12-03 19:30:00,229,249,Wolverhampton Wanderers,Nottingham Forest,NOT,WOL,0,1.2841,0,1.02461,1.02461,-0.09928000000000003,9.173913043478262,2,3,1.3606,1,1.12389,1.12389,0.09928000000000003,13.421052631578947,7
EPL,2526,2025-12-04 Manchester United-West Ham,1,2025,28915,2025-12-04 20:00:00,89,81,Manchester United,West Ham,WHU,MUN,1,2.0681,1,2.27674,2.27674,0.9109000000000003,5.4,7,1,0.7105999999999999,1,1.36584,1.36584,-0.9109000000000003,10.333333333333334,8
EPL,2526,2025-12-06 Aston Villa-Arsenal,1,2025,28919,2025-12-06 12:30:00,71,83,Aston Villa,Arsenal,ARS,AVL,3,1.9629,2,2.71986,2.71986,0.8602100000000001,13.470588235294118,11,0,0.8340000000000001,1,1.85965,1.85965,-0.8602100000000001,9.636363636363637,9
EPL,2526,2025-12-06 Bournemouth-Chelsea,1,2025,28918,2025-12-06 15:00:00,73,80,Bournemouth,Chelsea,CHE,BOU,1,2.1058,0,1.41931,1.41931,0.746708,11.076923076923077,6,1,0.6232,0,0.672602,0.672602,-0.746708,8.15,4
EPL,2526,2025-12-06 Everton-Nottingham Forest,1,2025,28921,2025-12-06 15:00:00,72,249,Everton,Nottingham Forest,NOT,EVE,3,2.2379,3,1.25348,1.25348,0.9411399999999999,8.448275862068966,9,0,0.49910000000000004,0,0.31234,0.31234,-0.9411399999999999,5.8076923076923075,1
EPL,2526,2025-12-06 Leeds-Liverpool,1,2025,28923,2025-12-06 17:30:00,245,87,Leeds,Liverpool,LIV,LED,1,1.214,3,1.79333,1.03216,-1.01589,15.0625,4,1,1.5317,3,2.04805,2.04805,1.01589,10.136363636363637,5
EPL,2526,2025-12-06 Manchester City-Sunderland,1,2025,28924,2025-12-06 15:00:00,88,77,Manchester City,Sunderland,SUN,MCI,3,2.5646999999999998,3,2.41605,2.41605,1.789564,16.785714285714285,7,0,0.2988,0,0.626486,0.626486,-1.789564,13.19047619047619,1
EPL,2526,2025-12-06 Newcastle United-Burnley,1,2025,28925,2025-12-06 15:00:00,86,92,Newcastle United,Burnley,BUR,NEW,3,1.518,2,1.80708,1.04591,0.22332399999999986,7.166666666666667,13,0,1.1873999999999998,1,1.58375,0.822586,-0.22332399999999986,22.846153846153847,2
EPL,2526,2025-12-06 Tottenham-Brentford,1,2025,28926,2025-12-06 15:00:00,82,244,Tottenham,Brentford,BRE,TOT,3,2.7239,2,2.42388,2.42388,1.953317,8.458333333333334,8,0,0.17420000000000002,0,0.470563,0.470563,-1.953317,11.166666666666666,8
EPL,2526,2025-12-07 Brighton-West Ham,1,2025,28920,2025-12-07 14:00:00,220,81,Brighton,West Ham,WHU,BRI,1,1.6409,1,2.10077,2.10077,0.3943699999999999,6.045454545454546,8,1,1.1159000000000001,1,1.7064,1.7064,-0.3943699999999999,17.733333333333334,3
EPL,2526,2025-12-07 Fulham-Crystal Palace,1,2025,28922,2025-12-07 16:30:00,228,78,Fulham,Crystal Palace,CRY,FLH,0,0.6637,1,0.766771,0.766771,-0.944319,12.157894736842104,5,3,2.092,2,1.71109,1.71109,0.944319,21.157894736842106,3
EPL,2526,2025-12-08 Wolverhampton Wanderers-Manchester United,1,2025,28927,2025-12-08 20:00:00,229,89,Wolverhampton Wanderers,Manchester United,MUN,WOL,0,0.015099999999999999,1,0.262147,0.262147,-3.0237629999999998,8.054054054054054,6,3,2.9737000000000005,4,4.04708,3.28591,3.0237629999999998,4.583333333333333,10
EPL,2526,2025-12-13 Arsenal-Wolverhampton Wanderers,1,2025,28928,2025-12-13 20:00:00,83,229,Arsenal,Wolverhampton Wanderers,WOL,ARS,3,2.1571000000000002,2,1.61796,1.61796,0.99799,9.416666666666666,12,0,0.5785,1,0.61997,0.61997,-0.99799,15.2,3
EPL,2526,2025-12-13 Burnley-Fulham,1,2025,28930,2025-12-13 17:30:00,92,228,Burnley,Fulham,FLH,BUR,0,1.6566999999999998,2,2.05486,2.05486,0.4043300000000001,13.565217391304348,8,3,1.0927,3,1.65053,1.65053,-0.4043300000000001,23.833333333333332,7
EPL,2526,2025-12-13 Chelsea-Everton,1,2025,28931,2025-12-13 15:00:00,80,72,Chelsea,Everton,EVE,CHE,3,2.2369000000000003,2,2.64457,2.64457,1.3045699999999998,8.173913043478262,6,0,0.5821000000000001,0,1.34,1.34,-1.3045699999999998,15.2,4
EPL,2526,2025-12-13 Liverpool-Brighton,1,2025,28933,2025-12-13 15:00:00,87,220,Liverpool,Brighton,BRI,LIV,3,1.8756,2,2.4127,2.4127,0.7226600000000001,18.3125,12,0,0.9045,0,1.69004,1.69004,-0.7226600000000001,9.866666666666667,8
EPL,2526,2025-12-14 Brentford-Leeds,1,2025,28929,2025-12-14 16:30:00,244,245,Brentford,Leeds,LED,BRE,1,0.6105,1,0.697006,0.697006,-0.937084,8.65,6,1,2.1303,1,1.63409,1.63409,0.937084,18.3125,9
EPL,2526,2025-12-14 Crystal Palace-Manchester City,1,2025,28932,2025-12-14 14:00:00,78,88,Crystal Palace,Manchester City,MCI,CRY,0,1.2586000000000002,0,1.30092,1.30092,0.7089240000000001,13.37037037037037,8,3,1.4515,3,1.35317,0.591996,-0.7089240000000001,13.0,3
EPL,2526,2025-12-14 Nottingham Forest-Tottenham,1,2025,28935,2025-12-14 14:00:00,249,82,Nottingham Forest,Tottenham,TOT,NOT,3,2.7379,3,2.32658,2.32658,1.9463339999999998,8.36,1,0,0.1654,0,0.380246,0.380246,-1.9463339999999998,7.884615384615385,4
EPL,2526,2025-12-14 Sunderland-Newcastle United,1,2025,28936,2025-12-14 14:00:00,77,86,Sunderland,Newcastle United,NEW,SUN,3,1.8202,1,0.630045,0.630045,0.46071599999999996,11.652173913043478,5,0,0.7123,0,0.169329,0.169329,-0.46071599999999996,10.4375,4
EPL,2526,2025-12-14 West Ham-Aston Villa,1,2025,28937,2025-12-14 14:00:00,81,71,West Ham,Aston Villa,AVL,WHU,0,2.0064,2,1.27701,1.27701,0.681917,12.428571428571429,0,3,0.6824999999999999,3,0.595093,0.595093,-0.681917,10.857142857142858,3
EPL,2526,2025-12-15 Manchester United-Bournemouth,1,2025,28934,2025-12-15 20:00:00,89,73,Manchester United,Bournemouth,BOU,MUN,1,1.937,4,3.21204,3.21204,0.86008,6.055555555555555,18,1,0.8651,4,2.35196,2.35196,-0.86008,13.538461538461538,12
EPL,2526,2025-12-20 Bournemouth-Burnley,1,2025,28938,2025-12-20 15:00:00,73,92,Bournemouth,Burnley,BUR,BOU,1,2.4666,1,1.81847,1.81847,1.337942,5.5,12,1,0.34109999999999996,1,0.480528,0.480528,-1.337942,10.590909090909092,3
EPL,2526,2025-12-20 Brighton-Sunderland,1,2025,28940,2025-12-20 15:00:00,220,77,Brighton,Sunderland,SUN,BRI,1,1.0229,0,0.919272,0.919272,-0.39116800000000007,9.882352941176471,10,1,1.6883000000000001,0,1.31044,1.31044,0.39116800000000007,8.52,8
EPL,2526,2025-12-20 Everton-Arsenal,1,2025,28941,2025-12-20 20:00:00,72,83,Everton,Arsenal,ARS,EVE,0,0.17,0,0.213273,0.213273,-0.872787,24.11764705882353,0,3,2.7131,1,1.84723,1.08606,0.872787,13.857142857142858,13
EPL,2526,2025-12-20 Leeds-Crystal Palace,1,2025,28943,2025-12-20 20:00:00,245,78,Leeds,Crystal Palace,CRY,LED,3,2.3453999999999997,4,2.90786,2.90786,2.138453,10.473684210526315,7,0,0.4698,1,1.53058,0.769407,-2.138453,8.758620689655173,5
EPL,2526,2025-12-20 Manchester City-West Ham,1,2025,28944,2025-12-20 15:00:00,88,81,Manchester City,West Ham,WHU,MCI,3,2.7782,3,3.58188,3.58188,2.56045,7.757575757575758,14,0,0.1532,0,1.02143,1.02143,-2.56045,19.09090909090909,2
EPL,2526,2025-12-20 Newcastle United-Chelsea,1,2025,28945,2025-12-20 12:30:00,86,80,Newcastle United,Chelsea,CHE,NEW,1,2.6139,2,2.87863,2.87863,1.8525299999999998,8.296296296296296,7,1,0.2691,2,1.0261,1.0261,-1.8525299999999998,9.15,7
EPL,2526,2025-12-20 Tottenham-Liverpool,1,2025,28946,2025-12-20 17:30:00,82,87,Tottenham,Liverpool,LIV,TOT,0,1.4414,1,1.34905,1.34905,0.11741000000000001,17.8125,2,3,1.2494,2,1.23164,1.23164,-0.11741000000000001,12.23076923076923,10
EPL,2526,2025-12-20 Wolverhampton Wanderers-Brentford,1,2025,28947,2025-12-20 15:00:00,229,244,Wolverhampton Wanderers,Brentford,BRE,WOL,0,1.13,0,1.26823,0.507064,-1.0560260000000001,13.318181818181818,6,3,1.5776000000000001,2,1.56309,1.56309,1.0560260000000001,6.233333333333333,9
EPL,2526,2025-12-21 Aston Villa-Manchester United,1,2025,28939,2025-12-21 16:30:00,71,89,Aston Villa,Manchester United,MUN,AVL,3,1.8699,2,1.86917,1.86917,0.5646199999999999,11.521739130434783,1,0,0.8601000000000001,1,1.30455,1.30455,-0.5646199999999999,5.7894736842105265,8
EPL,2526,2025-12-22 Fulham-Nottingham Forest,1,2025,28942,2025-12-22 20:00:00,228,249,Fulham,Nottingham Forest,NOT,FLH,3,2.4221,1,1.70568,0.944508,0.458212,23.583333333333332,5,0,0.3848,0,0.486296,0.486296,-0.458212,16.0,7
EPL,2526,2025-12-26 Manchester United-Newcastle United,1,2025,28954,2025-12-26 20:00:00,89,86,Manchester United,Newcastle United,NEW,MUN,3,1.208,1,0.940811,0.940811,-0.18916900000000003,16.5,1,0,1.4795,0,1.12998,1.12998,0.18916900000000003,7.708333333333333,9
EPL,2526,2025-12-27 Arsenal-Brighton,1,2025,28948,2025-12-27 15:00:00,83,220,Arsenal,Brighton,BRI,ARS,3,2.5946,2,2.54318,2.54318,1.833116,13.882352941176471,8,0,0.2768,1,0.710064,0.710064,-1.833116,10.826086956521738,6
EPL,2526,2025-12-27 Brentford-Bournemouth,1,2025,28949,2025-12-27 15:00:00,244,73,Brentford,Bournemouth,BOU,BRE,3,1.5703,4,2.8513,2.8513,0.2894700000000001,8.3,9,0,1.1932,1,2.56183,2.56183,-0.2894700000000001,6.866666666666666,5
EPL,2526,2025-12-27 Burnley-Everton,1,2025,28950,2025-12-27 15:00:00,92,72,Burnley,Everton,EVE,BUR,1,1.3078,0,1.24948,1.24948,-0.0025600000000001177,8.428571428571429,4,1,1.3984,0,1.25204,1.25204,0.0025600000000001177,11.619047619047619,6
EPL,2526,2025-12-27 Chelsea-Aston Villa,1,2025,28951,2025-12-27 17:30:00,80,71,Chelsea,Aston Villa,AVL,CHE,0,1.2811,1,1.97155,1.97155,-0.0876300000000001,4.794871794871795,11,3,1.444,2,2.05918,2.05918,0.0876300000000001,40.57142857142857,6
EPL,2526,2025-12-27 Liverpool-Wolverhampton Wanderers,1,2025,28953,2025-12-27 15:00:00,87,229,Liverpool,Wolverhampton Wanderers,WOL,LIV,3,2.0151,2,1.56502,1.56502,0.784356,7.434782608695652,12,0,0.6966,1,0.780664,0.780664,-0.784356,13.409090909090908,2
EPL,2526,2025-12-27 Nottingham Forest-Manchester City,1,2025,28955,2025-12-27 12:30:00,249,88,Nottingham Forest,Manchester City,MCI,NOT,0,0.655,1,0.600141,0.600141,-0.864539,18.6875,4,3,2.0779,2,1.46468,1.46468,0.864539,6.476190476190476,11
EPL,2526,2025-12-27 West Ham-Fulham,1,2025,28957,2025-12-27 15:00:00,81,228,West Ham,Fulham,FLH,WHU,0,1.3638,0,1.13719,1.13719,0.022829999999999906,12.35,11,3,1.3251,1,1.11436,1.11436,-0.022829999999999906,10.0,5
EPL,2526,2025-12-28 Crystal Palace-Tottenham,1,2025,28952,2025-12-28 16:30:00,78,82,Crystal Palace,Tottenham,TOT,CRY,0,1.3204,0,0.929681,0.929681,0.05891299999999999,7.260869565217392,16,3,1.3333000000000002,1,0.870768,0.870768,-0.05891299999999999,33.111111111111114,6
EPL,2526,2025-12-28 Sunderland-Leeds,1,2025,28956,2025-12-28 14:00:00,77,245,Sunderland,Leeds,LED,SUN,1,0.30510000000000004,1,0.805957,0.805957,-1.8005729999999998,20.333333333333332,5,1,2.5662,1,2.60653,2.60653,1.8005729999999998,9.863636363636363,16
EPL,2526,2025-12-30 Arsenal-Aston Villa,1,2025,28958,2025-12-30 20:15:00,83,71,Arsenal,Aston Villa,AVL,ARS,3,2.2514,4,4.41335,4.41335,1.4714000000000005,8.451612903225806,8,0,0.5795,1,2.94195,2.94195,-1.4714000000000005,21.375,4
EPL,2526,2025-12-30 Burnley-Newcastle United,1,2025,28960,2025-12-30 19:30:00,92,86,Burnley,Newcastle United,NEW,BUR,0,0.583,1,1.32551,1.32551,-1.16697,12.26086956521739,11,3,2.2210000000000005,3,2.49248,2.49248,1.16697,11.5,7
EPL,2526,2025-12-30 Chelsea-Bournemouth,1,2025,28961,2025-12-30 19:30:00,80,73,Chelsea,Bournemouth,BOU,CHE,1,0.6411,2,2.33294,1.57177,-1.9196500000000003,4.958333333333333,10,1,2.1684,2,3.49142,3.49142,1.9196500000000003,15.8125,8
EPL,2526,2025-12-30 Manchester United-Wolverhampton Wanderers,1,2025,28964,2025-12-30 20:15:00,89,229,Manchester United,Wolverhampton Wanderers,WOL,MUN,1,1.2485,1,1.13306,1.13306,-0.08478000000000008,7.666666666666667,6,1,1.4411,1,1.21784,1.21784,0.08478000000000008,17.41176470588235,7
EPL,2526,2025-12-30 Nottingham Forest-Everton,1,2025,28965,2025-12-30 19:30:00,249,72,Nottingham Forest,Everton,EVE,NOT,0,1.3967,0,1.75445,1.75445,0.05920000000000014,5.555555555555555,16,3,1.3394,2,1.69525,1.69525,-0.05920000000000014,13.434782608695652,4
EPL,2526,2025-12-30 West Ham-Brighton,1,2025,28967,2025-12-30 19:30:00,81,220,West Ham,Brighton,BRI,WHU,1,0.8082,2,2.27644,1.51527,-0.05154000000000014,14.523809523809524,5,1,1.9821,2,3.08914,1.56681,0.05154000000000014,6.846153846153846,5
EPL,2526,2026-01-01 Brentford-Tottenham,1,2025,28959,2026-01-01 20:00:00,244,82,Brentford,Tottenham,TOT,BRE,1,1.2242,0,0.556304,0.556304,-0.05200499999999997,7.607142857142857,3,1,1.3421,0,0.608309,0.608309,0.05200499999999997,18.9375,7
EPL,2526,2026-01-01 Crystal Palace-Fulham,1,2025,28962,2026-01-01 17:30:00,78,228,Crystal Palace,Fulham,FLH,CRY,1,1.8459999999999999,1,2.35346,2.35346,0.5991200000000001,25.76923076923077,10,1,0.9235000000000001,1,1.75434,1.75434,-0.5991200000000001,8.12,9
EPL,2526,2026-01-01 Liverpool-Leeds,1,2025,28963,2026-01-01 17:30:00,87,245,Liverpool,Leeds,LED,LIV,1,2.6571000000000002,0,1.67833,1.67833,1.5189700000000002,6.521739130434782,10,1,0.1995,0,0.15936,0.15936,-1.5189700000000002,17.5,1
EPL,2526,2026-01-01 Sunderland-Manchester City,1,2025,28966,2026-01-01 20:00:00,77,88,Sunderland,Manchester City,MCI,SUN,1,0.4552,0,0.962141,0.962141,-1.4803290000000002,8.54054054054054,5,1,2.3851,0,2.44247,2.44247,1.4803290000000002,5.6923076923076925,17
EPL,2526,2026-01-03 Aston Villa-Nottingham Forest,1,2025,28972,2026-01-03 12:30:00,71,249,Aston Villa,Nottingham Forest,NOT,AVL,3,1.8039999999999998,3,1.42988,1.42988,0.53168,4.03030303030303,20,0,0.9106,1,0.8982,0.8982,-0.53168,14.608695652173912,3
EPL,2526,2026-01-03 Bournemouth-Arsenal,1,2025,28971,2026-01-03 17:30:00,73,83,Bournemouth,Arsenal,ARS,BOU,0,1.0641,2,0.947846,0.947846,-0.33215400000000006,15.625,4,3,1.6371,3,1.28,1.28,0.33215400000000006,7.954545454545454,9
EPL,2526,2026-01-03 Brighton-Burnley,1,2025,28973,2026-01-03 15:00:00,220,92,Brighton,Burnley,BUR,BRI,3,2.3977,2,1.4717,1.4717,1.217149,12.263157894736842,6,0,0.37870000000000004,0,0.254551,0.254551,-1.217149,14.206896551724139,1
EPL,2526,2026-01-03 Wolverhampton Wanderers-West Ham,1,2025,28970,2026-01-03 15:00:00,229,81,Wolverhampton Wanderers,West Ham,WHU,WOL,3,2.8108000000000004,3,2.23925,1.47808,1.242402,28.0,2,0,0.1111,0,0.235678,0.235678,-1.242402,5.21875,6
EPL,2526,2026-01-04 Everton-Brentford,1,2025,28974,2026-01-04 15:00:00,72,244,Everton,Brentford,BRE,EVE,0,0.2893,2,1.00566,1.00566,-2.04613,11.0,5,3,2.5972,4,3.05179,3.05179,2.04613,9.2,5
EPL,2526,2026-01-04 Fulham-Liverpool,1,2025,28975,2026-01-04 15:00:00,228,87,Fulham,Liverpool,LIV,FLH,1,0.5047999999999999,2,0.609182,0.609182,-1.1096180000000002,18.666666666666668,4,1,2.2775,2,1.7188,1.7188,1.1096180000000002,20.285714285714285,8
EPL,2526,2026-01-04 Leeds-Manchester United,1,2025,28976,2026-01-04 12:30:00,245,89,Leeds,Manchester United,MUN,LED,1,0.6536000000000001,1,0.970138,0.970138,-0.9776720000000001,8.82857142857143,11,1,2.1113,1,1.94781,1.94781,0.9776720000000001,10.5,8
EPL,2526,2026-01-04 Manchester City-Chelsea,1,2025,28977,2026-01-04 17:30:00,88,80,Manchester City,Chelsea,CHE,MCI,1,0.5465,1,1.03049,1.03049,-1.00677,8.212121212121213,7,1,2.2523,1,2.03726,2.03726,1.00677,13.16,2
EPL,2526,2026-01-04 Newcastle United-Crystal Palace,1,2025,28968,2026-01-04 15:00:00,86,78,Newcastle United,Crystal Palace,CRY,NEW,3,2.412,2,2.72764,2.72764,1.44939,9.1875,10,0,0.4227,0,1.27825,1.27825,-1.44939,9.266666666666667,9
EPL,2526,2026-01-04 Tottenham-Sunderland,1,2025,28969,2026-01-04 15:00:00,82,77,Tottenham,Sunderland,SUN,TOT,1,2.3072,1,1.4175,1.4175,0.950019,7.407407407407407,9,1,0.4607,1,0.467481,0.467481,-0.950019,8.25,9
EPL,2526,2026-01-06 West Ham-Nottingham Forest,1,2025,28987,2026-01-06 20:00:00,81,249,West Ham,Nottingham Forest,NOT,WHU,0,1.7281999999999997,1,1.73697,1.73697,1.231304,9.947368421052632,7,3,0.9863,2,1.26683,0.505666,-1.231304,12.0,8
EPL,2526,2026-01-07 Bournemouth-Tottenham,1,2025,28979,2026-01-07 19:30:00,73,82,Bournemouth,Tottenham,TOT,BOU,3,1.0072,3,1.19014,1.19014,-0.4359600000000001,9.071428571428571,4,0,1.7059,2,1.6261,1.6261,0.4359600000000001,9.222222222222221,8
EPL,2526,2026-01-07 Brentford-Sunderland,1,2025,28981,2026-01-07 19:30:00,244,77,Brentford,Sunderland,SUN,BRE,3,2.7173,3,3.86096,3.86096,3.115687,14.1875,13,0,0.1961,0,1.50644,0.745273,-3.115687,10.631578947368421,5
EPL,2526,2026-01-07 Burnley-Manchester United,1,2025,28982,2026-01-07 20:15:00,92,89,Burnley,Manchester United,MUN,BUR,1,0.1727,2,0.31971,0.31971,-2.20517,11.807692307692308,1,1,2.7248,2,2.52488,2.52488,2.20517,8.333333333333334,13
EPL,2526,2026-01-07 Crystal Palace-Aston Villa,1,2025,28983,2026-01-07 19:30:00,78,71,Crystal Palace,Aston Villa,AVL,CRY,1,0.8117,0,1.32505,1.32505,-0.7450999999999999,19.333333333333332,8,1,1.9556,0,2.07015,2.07015,0.7450999999999999,13.466666666666667,10
EPL,2526,2026-01-07 Everton-Wolverhampton Wanderers,1,2025,28978,2026-01-07 19:30:00,72,229,Everton,Wolverhampton Wanderers,WOL,EVE,1,2.1634,1,1.63321,1.63321,0.9199200000000001,10.208333333333334,2,1,0.6043000000000001,1,0.71329,0.71329,-0.9199200000000001,10.526315789473685,5
EPL,2526,2026-01-07 Fulham-Chelsea,1,2025,28984,2026-01-07 19:30:00,228,80,Fulham,Chelsea,CHE,FLH,3,0.47419999999999995,2,1.06013,1.06013,-1.39094,10.592592592592593,15,0,2.3612,1,2.45107,2.45107,1.39094,12.608695652173912,5
EPL,2526,2026-01-07 Manchester City-Brighton,1,2025,28985,2026-01-07 19:30:00,88,220,Manchester City,Brighton,BRI,MCI,1,2.4293,1,2.95904,2.19787,0.86625,9.592592592592593,13,1,0.41,1,1.33162,1.33162,-0.86625,12.4,1
EPL,2526,2026-01-07 Newcastle United-Leeds,1,2025,28986,2026-01-07 20:15:00,86,245,Newcastle United,Leeds,LED,NEW,3,1.4559000000000002,4,2.43495,1.67378,0.08177000000000012,8.15,8,0,1.2912,3,2.35318,1.59201,-0.08177000000000012,10.933333333333334,5
EPL,2526,2026-01-08 Arsenal-Liverpool,1,2025,28980,2026-01-08 20:00:00,83,87,Arsenal,Liverpool,LIV,ARS,1,1.6844,0,0.701832,0.701832,0.38319000000000003,13.380952380952381,10,1,0.8744000000000001,0,0.318642,0.318642,-0.38319000000000003,19.181818181818183,0
EPL,2526,2026-01-17 Chelsea-Brentford,1,2025,28990,2026-01-17 15:00:00,80,244,Chelsea,Brentford,BRE,CHE,3,1.5375999999999999,2,1.62263,0.861461,-0.6137489999999999,17.941176470588236,1,0,1.1815,0,1.47521,1.47521,0.6137489999999999,10.538461538461538,9
EPL,2526,2026-01-17 Leeds-Fulham,1,2025,28991,2026-01-17 15:00:00,245,228,Leeds,Fulham,FLH,LED,3,2.7083,1,2.16898,2.16898,1.9101839999999999,17.157894736842106,5,0,0.1754,0,0.258796,0.258796,-1.9101839999999999,11.8,4
EPL,2526,2026-01-17 Liverpool-Burnley,1,2025,28992,2026-01-17 15:00:00,87,92,Liverpool,Burnley,BUR,LIV,1,2.8823000000000003,1,3.49045,2.72928,2.182309,6.9411764705882355,27,1,0.0767,1,0.546971,0.546971,-2.182309,16.58823529411765,5
EPL,2526,2026-01-17 Manchester United-Manchester City,1,2025,28993,2026-01-17 12:30:00,89,88,Manchester United,Manchester City,MCI,MUN,3,2.8665000000000003,2,3.07278,3.07278,2.685765,15.85,4,0,0.08460000000000001,0,0.387015,0.387015,-2.685765,6.571428571428571,11
EPL,2526,2026-01-17 Nottingham Forest-Arsenal,1,2025,28994,2026-01-17 17:30:00,249,83,Nottingham Forest,Arsenal,ARS,NOT,1,0.0732,0,0.318481,0.318481,-2.5447490000000004,31.555555555555557,5,1,2.8794,0,2.86323,2.86323,2.5447490000000004,6.3,12
EPL,2526,2026-01-17 Sunderland-Crystal Palace,1,2025,28995,2026-01-17 15:00:00,77,78,Sunderland,Crystal Palace,CRY,SUN,3,1.9298,2,1.84601,1.84601,0.6943199999999998,8.157894736842104,2,0,0.8102,1,1.15169,1.15169,-0.6943199999999998,12.15,2
EPL,2526,2026-01-17 Tottenham-West Ham,1,2025,28996,2026-01-17 15:00:00,82,81,Tottenham,West Ham,WHU,TOT,0,0.6295,1,1.65292,1.65292,-1.11469,5.793103448275862,11,3,2.1685,2,2.76761,2.76761,1.11469,12.05,3
EPL,2526,2026-01-18 Aston Villa-Everton,1,2025,28988,2026-01-18 16:30:00,71,72,Aston Villa,Everton,EVE,AVL,0,1.4266999999999999,0,0.905393,0.905393,0.15953399999999995,7.894736842105263,10,3,1.2161,1,0.745859,0.745859,-0.15953399999999995,11.25,3
EPL,2526,2026-01-18 Wolverhampton Wanderers-Newcastle United,1,2025,28997,2026-01-18 14:00:00,229,86,Wolverhampton Wanderers,Newcastle United,NEW,WOL,1,0.8858999999999999,0,0.390216,0.390216,-0.42309699999999995,25.0,5,1,1.7229,0,0.813313,0.813313,0.42309699999999995,7.6,7
EPL,2526,2026-01-19 Brighton-Bournemouth,1,2025,28989,2026-01-19 20:00:00,220,73,Brighton,Bournemouth,BOU,BRI,1,0.78,1,0.995777,0.995777,0.05957299999999999,6.65,8,1,1.9743000000000002,1,1.69737,0.936204,-0.05957299999999999,22.384615384615383,7
EPL,2526,2026-01-24 Bournemouth-Liverpool,1,2025,28998,2026-01-24 17:30:00,73,87,Bournemouth,Liverpool,LIV,BOU,3,2.7662,3,3.31474,3.31474,2.377405,34.0,7,0,0.1613,2,0.937335,0.937335,-2.377405,9.875,18
EPL,2526,2026-01-24 Burnley-Tottenham,1,2025,29001,2026-01-24 15:00:00,92,82,Burnley,Tottenham,TOT,BUR,1,0.6716,2,1.54884,1.54884,-1.0420900000000002,11.724137931034482,5,1,2.1158,2,2.59093,2.59093,1.0420900000000002,7.518518518518518,4
EPL,2526,2026-01-24 Fulham-Brighton,1,2025,29004,2026-01-24 15:00:00,228,220,Fulham,Brighton,BRI,FLH,3,0.7442,2,1.13243,1.13243,-0.81409,17.529411764705884,7,0,2.0177,1,1.94652,1.94652,0.81409,13.652173913043478,6
EPL,2526,2026-01-24 Manchester City-Wolverhampton Wanderers,1,2025,29005,2026-01-24 15:00:00,88,229,Manchester City,Wolverhampton Wanderers,WOL,MCI,3,1.8209,2,1.0654,1.0654,0.5227169999999999,5.923076923076923,10,0,0.8474,0,0.542683,0.542683,-0.5227169999999999,20.61111111111111,2
EPL,2526,2026-01-24 West Ham-Sunderland,1,2025,29007,2026-01-24 12:30:00,81,77,West Ham,Sunderland,SUN,WHU,3,2.4935,3,2.18675,1.42558,0.7117420000000001,13.944444444444445,5,0,0.344,1,0.713838,0.713838,-0.7117420000000001,8.590909090909092,1
EPL,2526,2026-01-25 Arsenal-Manchester United,1,2025,28999,2026-01-25 16:30:00,83,89,Arsenal,Manchester United,MUN,ARS,0,2.0776,2,1.42411,1.42411,0.783208,8.608695652173912,12,3,0.6517,3,0.640902,0.640902,-0.783208,12.058823529411764,1
EPL,2526,2026-01-25 Brentford-Nottingham Forest,1,2025,29000,2026-01-25 14:00:00,244,249,Brentford,Nottingham Forest,NOT,BRE,0,1.9017999999999997,0,2.00413,2.00413,0.6145499999999999,5.3076923076923075,13,3,0.8089,2,1.38958,1.38958,-0.6145499999999999,17.0,3
EPL,2526,2026-01-25 Crystal Palace-Chelsea,1,2025,29002,2026-01-25 14:00:00,78,80,Crystal Palace,Chelsea,CHE,CRY,0,0.9526,1,2.41793,2.41793,0.09093000000000018,17.416666666666668,5,3,1.8348999999999998,3,3.08817,2.327,-0.09093000000000018,9.307692307692308,4
EPL,2526,2026-01-25 Newcastle United-Aston Villa,1,2025,29006,2026-01-25 14:00:00,86,71,Newcastle United,Aston Villa,AVL,NEW,0,1.8803999999999998,0,1.95484,1.95484,0.6334099999999998,6.545454545454546,4,3,0.8787,2,1.32143,1.32143,-0.6334099999999998,11.291666666666666,6
EPL,2526,2026-01-26 Everton-Leeds,1,2025,29003,2026-01-26 20:00:00,72,245,Everton,Leeds,LED,EVE,1,0.7228,1,0.889916,0.889916,-0.786684,12.777777777777779,6,1,2.0182,1,1.6766,1.6766,0.786684,10.272727272727273,7
EPL,2526,2026-01-31 Brighton-Everton,1,2025,29010,2026-01-31 15:00:00,220,72,Brighton,Everton,EVE,BRI,1,1.4662,1,1.42825,1.42825,0.14698999999999995,7.333333333333333,9,1,1.234,1,1.28126,1.28126,-0.14698999999999995,16.555555555555557,7
EPL,2526,2026-01-31 Chelsea-West Ham,1,2025,29009,2026-01-31 17:30:00,80,81,Chelsea,West Ham,WHU,CHE,3,2.058,3,2.66133,2.66133,0.9354799999999999,5.038461538461538,6,0,0.7209,2,1.72585,1.72585,-0.9354799999999999,32.333333333333336,6
EPL,2526,2026-01-31 Leeds-Arsenal,1,2025,29015,2026-01-31 15:00:00,245,83,Leeds,Arsenal,ARS,LED,0,0.0267,0,0.17871,0.17871,-3.36556,9.590909090909092,1,3,2.9532,4,3.54427,3.54427,3.36556,12.210526315789474,6
EPL,2526,2026-01-31 Liverpool-Newcastle United,1,2025,29014,2026-01-31 20:00:00,87,86,Liverpool,Newcastle United,NEW,LIV,3,2.8832,4,3.09973,3.09973,2.815411,10.052631578947368,11,0,0.07250000000000001,1,0.284319,0.284319,-2.815411,17.083333333333332,6
EPL,2526,2026-01-31 Wolverhampton Wanderers-Bournemouth,1,2025,29017,2026-01-31 15:00:00,229,73,Wolverhampton Wanderers,Bournemouth,BOU,WOL,0,1.7312,0,2.10353,2.10353,0.5123700000000002,13.571428571428571,5,3,1.0088,2,1.59116,1.59116,-0.5123700000000002,12.208333333333334,4
EPL,2526,2026-02-01 Aston Villa-Brentford,1,2025,29008,2026-02-01 14:00:00,71,244,Aston Villa,Brentford,BRE,AVL,0,2.6269,0,2.15316,2.15316,1.8382440000000002,8.625,20,3,0.2368,1,0.314916,0.314916,-1.8382440000000002,18.23076923076923,2
EPL,2526,2026-02-01 Manchester United-Fulham,1,2025,29012,2026-02-01 14:00:00,89,228,Manchester United,Fulham,FLH,MUN,3,1.4507999999999999,3,1.84362,1.84362,0.88481,19.352941176470587,7,0,1.2828,2,1.71998,0.95881,-0.88481,11.842105263157896,7
EPL,2526,2026-02-01 Nottingham Forest-Crystal Palace,1,2025,29013,2026-02-01 14:00:00,249,78,Nottingham Forest,Crystal Palace,CRY,NOT,1,0.8073,1,0.987254,0.987254,0.10042799999999996,34.75,3,1,1.9155000000000002,1,1.648,0.886826,-0.10042799999999996,4.645161290322581,10
EPL,2526,2026-02-01 Tottenham-Manchester City,1,2025,29016,2026-02-01 16:30:00,82,88,Tottenham,Manchester City,MCI,TOT,1,0.992,2,1.49738,1.49738,-0.5387600000000001,11.633333333333333,10,1,1.7692999999999999,2,2.03614,2.03614,0.5387600000000001,9.6,7
EPL,2526,2026-02-02 Sunderland-Burnley,1,2025,29011,2026-02-02 20:00:00,77,92,Sunderland,Burnley,BUR,SUN,3,2.7438,3,1.8865,1.8865,1.760129,19.666666666666668,7,0,0.14429999999999998,0,0.126371,0.126371,-1.760129,10.695652173913043,2
EPL,2526,2026-02-06 Leeds-Nottingham Forest,1,2025,29023,2026-02-06 20:00:00,245,249,Leeds,Nottingham Forest,NOT,LED,3,2.4720999999999997,3,3.38179,3.38179,1.72099,9.15,10,0,0.388,1,1.6608,1.6608,-1.72099,21.5,6
EPL,2526,2026-02-07 Arsenal-Sunderland,1,2025,29019,2026-02-07 15:00:00,83,77,Arsenal,Sunderland,SUN,ARS,3,2.0242999999999998,3,1.19401,1.19401,0.766785,9.076923076923077,9,0,0.6584,0,0.427225,0.427225,-0.766785,13.714285714285714,1
EPL,2526,2026-02-07 Bournemouth-Aston Villa,1,2025,29018,2026-02-07 15:00:00,73,71,Bournemouth,Aston Villa,AVL,BOU,1,2.2787999999999995,1,1.82646,1.82646,1.179964,11.941176470588236,6,1,0.5115,1,0.646496,0.646496,-1.179964,13.588235294117647,8
EPL,2526,2026-02-07 Burnley-West Ham,1,2025,29021,2026-02-07 15:00:00,92,81,Burnley,West Ham,WHU,BUR,0,1.9272,0,1.84644,1.84644,0.72414,11.434782608695652,6,3,0.8090999999999999,2,1.1223,1.1223,-0.72414,14.466666666666667,4
EPL,2526,2026-02-07 Fulham-Everton,1,2025,29022,2026-02-07 15:00:00,228,72,Fulham,Everton,EVE,FLH,0,1.5973000000000002,1,2.20126,2.20126,0.31348,12.823529411764707,11,3,1.1731,2,1.88778,1.88778,-0.31348,12.727272727272727,6
EPL,2526,2026-02-07 Manchester United-Tottenham,1,2025,29025,2026-02-07 12:30:00,89,82,Manchester United,Tottenham,TOT,MUN,3,2.4863,2,2.16576,2.16576,1.572356,8.954545454545455,18,0,0.35509999999999997,0,0.593404,0.593404,-1.572356,20.2,8
EPL,2526,2026-02-07 Newcastle United-Brentford,1,2025,29026,2026-02-07 17:30:00,86,244,Newcastle United,Brentford,BRE,NEW,0,2.4699999999999998,2,3.3215,2.56033,1.6712820000000002,17.333333333333332,8,3,0.3922,3,1.65022,0.889048,-1.6712820000000002,11.05,11
EPL,2526,2026-02-07 Wolverhampton Wanderers-Chelsea,1,2025,29027,2026-02-07 15:00:00,229,80,Wolverhampton Wanderers,Chelsea,CHE,WOL,0,0.1347,1,1.11372,1.11372,-1.12672,34.6,6,3,2.8028999999999997,3,3.76278,2.24044,1.12672,9.48,10
EPL,2526,2026-02-08 Brighton-Crystal Palace,1,2025,29020,2026-02-08 14:00:00,220,78,Brighton,Crystal Palace,CRY,BRI,0,1.1303,0,0.737798,0.737798,-0.19060600000000005,7.571428571428571,3,3,1.5053,1,0.928404,0.928404,0.19060600000000005,20.444444444444443,6
EPL,2526,2026-02-08 Liverpool-Manchester City,1,2025,29024,2026-02-08 16:30:00,87,88,Liverpool,Manchester City,MCI,LIV,0,0.5914999999999999,1,1.26652,1.26652,-0.3870699999999998,19.666666666666668,8,3,2.2124,2,2.41476,1.65359,0.3870699999999998,7.44,12
EPL,2526,2026-02-10 Chelsea-Leeds,1,2025,29030,2026-02-10 19:30:00,80,245,Chelsea,Leeds,LED,CHE,1,2.6114,2,3.21176,2.45059,1.922277,10.4,9,1,0.25880000000000003,2,1.28948,0.528313,-1.922277,24.764705882352942,2
EPL,2526,2026-02-10 Everton-Bournemouth,1,2025,29032,2026-02-10 19:30:00,72,73,Everton,Bournemouth,BOU,EVE,0,2.0488,1,2.33114,1.56997,0.15787000000000018,8.4,5,3,0.7162,2,1.4121,1.4121,-0.15787000000000018,13.0,5
EPL,2526,2026-02-10 Tottenham-Newcastle United,1,2025,29036,2026-02-10 19:30:00,82,86,Tottenham,Newcastle United,NEW,TOT,0,0.8519,1,1.68925,1.68925,-0.7806600000000001,7.363636363636363,9,3,1.9274,2,2.46991,2.46991,0.7806600000000001,8.407407407407407,11
EPL,2526,2026-02-10 West Ham-Manchester United,1,2025,29037,2026-02-10 20:15:00,81,89,West Ham,Manchester United,MUN,WHU,1,1.909,1,1.30746,1.30746,0.5716930000000001,15.714285714285714,1,1,0.7972000000000001,1,0.735767,0.735767,-0.5716930000000001,10.666666666666666,5
EPL,2526,2026-02-11 Aston Villa-Brighton,1,2025,29028,2026-02-11 19:30:00,71,220,Aston Villa,Brighton,BRI,AVL,3,1.3666,1,0.576138,0.576138,0.09483200000000003,16.142857142857142,10,0,1.186,0,0.481306,0.481306,-0.09483200000000003,8.379310344827585,5
EPL,2526,2026-02-11 Crystal Palace-Burnley,1,2025,29031,2026-02-11 19:30:00,78,92,Crystal Palace,Burnley,BUR,CRY,0,2.3823,2,2.1276,2.1276,1.4363270000000001,7.684210526315789,15,3,0.4368,3,0.691273,0.691273,-1.4363270000000001,18.705882352941178,5
EPL,2526,2026-02-11 Manchester City-Fulham,1,2025,29033,2026-02-11 19:30:00,88,228,Manchester City,Fulham,FLH,MCI,3,1.8575,3,1.67722,1.67722,0.62439,14.571428571428571,5,0,0.8878999999999999,0,1.05283,1.05283,-0.62439,17.476190476190474,3
EPL,2526,2026-02-11 Nottingham Forest-Wolverhampton Wanderers,1,2025,29034,2026-02-11 19:30:00,249,229,Nottingham Forest,Wolverhampton Wanderers,WOL,NOT,1,2.9376,0,3.69094,3.69094,3.283981,7.181818181818182,13,1,0.0375,0,0.406959,0.406959,-3.283981,9.916666666666666,2
EPL,2526,2026-02-11 Sunderland-Liverpool,1,2025,29035,2026-02-11 20:15:00,77,87,Sunderland,Liverpool,LIV,SUN,0,0.1827,0,0.693794,0.693794,-2.3879259999999998,11.421052631578947,8,3,2.7369,1,3.08172,3.08172,2.3879259999999998,9.857142857142858,10
EPL,2526,2026-02-12 Brentford-Arsenal,1,2025,29029,2026-02-12 20:00:00,244,83,Brentford,Arsenal,ARS,BRE,1,2.1405000000000003,1,1.81154,1.81154,1.0273599999999998,9.523809523809524,5,1,0.6291,1,0.78418,0.78418,-1.0273599999999998,8.090909090909092,9
EPL,2526,2026-02-18 Wolverhampton Wanderers-Arsenal,1,2025,29087,2026-02-18 20:00:00,229,83,Wolverhampton Wanderers,Arsenal,ARS,WOL,1,0.1297,2,0.173119,0.173119,-1.837061,11.444444444444445,4,1,2.7840999999999996,2,2.01018,2.01018,1.837061,8.208333333333334,5
EPL,2526,2026-02-21 Aston Villa-Leeds,1,2025,29038,2026-02-21 15:00:00,71,245,Aston Villa,Leeds,LED,AVL,1,1.3373,1,1.25439,1.25439,-0.02416000000000018,5.333333333333333,11,1,1.3724,1,1.27855,1.27855,0.02416000000000018,9.88,3
EPL,2526,2026-02-21 Brentford-Brighton,1,2025,29039,2026-02-21 15:00:00,244,220,Brentford,Brighton,BRI,BRE,0,1.6272,0,1.69023,1.69023,0.3181999999999998,15.307692307692308,8,3,1.0887,2,1.37203,1.37203,-0.3181999999999998,9.037037037037036,5
EPL,2526,2026-02-21 Chelsea-Burnley,1,2025,29040,2026-02-21 15:00:00,80,92,Chelsea,Burnley,BUR,CHE,1,2.4515,1,2.51534,2.51534,1.50279,7.681818181818182,12,1,0.38570000000000004,1,1.01255,1.01255,-1.50279,15.631578947368421,4
EPL,2526,2026-02-21 Manchester City-Newcastle United,1,2025,29043,2026-02-21 20:00:00,88,86,Manchester City,Newcastle United,NEW,MCI,3,2.5799000000000003,2,2.22648,2.22648,1.718526,9.565217391304348,11,0,0.28280000000000005,1,0.507954,0.507954,-1.718526,8.192307692307692,1
EPL,2526,2026-02-21 West Ham-Bournemouth,1,2025,29047,2026-02-21 17:30:00,81,73,West Ham,Bournemouth,BOU,WHU,1,2.6363999999999996,0,2.34412,2.34412,1.8213890000000004,12.454545454545455,8,1,0.24330000000000002,0,0.522731,0.522731,-1.8213890000000004,7.6521739130434785,3
EPL,2526,2026-02-22 Crystal Palace-Wolverhampton Wanderers,1,2025,29041,2026-02-22 14:00:00,78,229,Crystal Palace,Wolverhampton Wanderers,WOL,CRY,3,1.6461000000000001,1,2.03559,2.03559,1.119271,6.05,4,0,1.0848,0,1.67749,0.916319,-1.119271,10.0,5
EPL,2526,2026-02-22 Nottingham Forest-Liverpool,1,2025,29044,2026-02-22 14:00:00,249,87,Nottingham Forest,Liverpool,LIV,NOT,0,0.346,0,0.934768,0.934768,-1.4615719999999999,10.6,2,3,2.5054,1,2.39634,2.39634,1.4615719999999999,9.090909090909092,3
EPL,2526,2026-02-22 Sunderland-Fulham,1,2025,29045,2026-02-22 14:00:00,77,228,Sunderland,Fulham,FLH,SUN,0,1.0548,1,1.7609,0.99973,-0.4060600000000001,16.416666666666668,16,3,1.6787999999999998,3,2.16696,1.40579,0.4060600000000001,12.047619047619047,8
EPL,2526,2026-02-22 Tottenham-Arsenal,1,2025,29046,2026-02-22 16:30:00,82,83,Tottenham,Arsenal,ARS,TOT,0,0.0665,1,0.383264,0.383264,-2.9337459999999997,7.464285714285714,0,3,2.8933999999999997,4,3.31701,3.31701,2.9337459999999997,5.733333333333333,9
EPL,2526,2026-02-23 Everton-Manchester United,1,2025,29042,2026-02-23 20:00:00,72,89,Everton,Manchester United,MUN,EVE,0,0.5678,0,0.560924,0.560924,-0.8937760000000001,10.958333333333334,6,3,2.1872,1,1.4547,1.4547,0.8937760000000001,13.833333333333334,5
EPL,2526,2026-02-27 Wolverhampton Wanderers-Aston Villa,1,2025,29057,2026-02-27 20:00:00,229,71,Wolverhampton Wanderers,Aston Villa,AVL,WOL,3,1.5504999999999998,2,1.50771,1.50771,0.1944300000000001,17.105263157894736,1,0,1.1668,0,1.31328,1.31328,-0.1944300000000001,5.333333333333333,7
EPL,2526,2026-02-28 Bournemouth-Sunderland,1,2025,29048,2026-02-28 12:30:00,73,77,Bournemouth,Sunderland,SUN,BOU,1,1.9301000000000001,1,1.82434,1.82434,0.7454700000000001,4.777777777777778,9,1,0.8050999999999999,1,1.07887,1.07887,-0.7454700000000001,5.911764705882353,1
EPL,2526,2026-02-28 Burnley-Brentford,1,2025,29051,2026-02-28 15:00:00,92,244,Burnley,Brentford,BRE,BUR,0,0.3262,3,0.823824,0.823824,-1.6221259999999997,16.176470588235293,4,3,2.5303,4,2.44595,2.44595,1.6221259999999997,6.555555555555555,9
EPL,2526,2026-02-28 Leeds-Manchester City,1,2025,29053,2026-02-28 17:30:00,245,88,Leeds,Manchester City,MCI,LED,0,0.6187,0,1.37824,1.37824,-1.0901,15.35,4,3,2.1835,1,2.46834,2.46834,1.0901,17.0,6
EPL,2526,2026-02-28 Liverpool-West Ham,1,2025,29054,2026-02-28 15:00:00,87,81,Liverpool,West Ham,WHU,LIV,3,1.8947,5,2.09939,2.09939,0.7476900000000002,9.416666666666666,14,0,0.8714,2,1.3517,1.3517,-0.7476900000000002,7.423076923076923,5
EPL,2526,2026-02-28 Newcastle United-Everton,1,2025,29056,2026-02-28 15:00:00,86,72,Newcastle United,Everton,EVE,NEW,0,0.3415,2,1.11889,1.11889,-1.28842,4.866666666666666,13,3,2.4895,3,2.40731,2.40731,1.28842,16.0,4
EPL,2526,2026-03-01 Arsenal-Chelsea,1,2025,29049,2026-03-01 16:30:00,83,80,Arsenal,Chelsea,CHE,ARS,3,1.6273,2,1.71598,1.71598,0.36329999999999996,15.181818181818182,10,0,1.0801,1,1.35268,1.35268,-0.36329999999999996,8.952380952380953,4
EPL,2526,2026-03-01 Brighton-Nottingham Forest,1,2025,29050,2026-03-01 14:00:00,220,249,Brighton,Nottingham Forest,NOT,BRI,3,1.6604,2,1.20107,1.20107,0.37052000000000007,9.413793103448276,10,0,1.0361,1,0.83055,0.83055,-0.37052000000000007,14.904761904761905,2
EPL,2526,2026-03-01 Fulham-Tottenham,1,2025,29052,2026-03-01 14:00:00,228,82,Fulham,Tottenham,TOT,FLH,3,2.3034999999999997,2,2.3207,2.3207,1.368609,10.476190476190476,12,0,0.5136999999999999,1,0.952091,0.952091,-1.368609,12.434782608695652,6
EPL,2526,2026-03-01 Manchester United-Crystal Palace,1,2025,29055,2026-03-01 14:00:00,89,78,Manchester United,Crystal Palace,CRY,MUN,3,2.7323,2,2.34609,1.58492,1.200221,11.19047619047619,8,0,0.1676,1,0.384699,0.384699,-1.200221,14.857142857142858,5
EPL,2526,2026-03-03 Bournemouth-Brentford,1,2025,29058,2026-03-03 19:30:00,73,244,Bournemouth,Brentford,BRE,BOU,1,2.5221,0,2.3177,2.3177,1.6443719999999997,10.416666666666666,12,1,0.3264,0,0.673328,0.673328,-1.6443719999999997,8.363636363636363,4
EPL,2526,2026-03-03 Everton-Burnley,1,2025,29061,2026-03-03 19:30:00,72,92,Everton,Burnley,BUR,EVE,3,1.6492,2,1.15845,1.15845,0.39622099999999993,12.041666666666666,4,0,1.0072,0,0.762229,0.762229,-0.39622099999999993,14.238095238095237,2
EPL,2526,2026-03-03 Leeds-Sunderland,1,2025,29063,2026-03-03 19:30:00,245,77,Leeds,Sunderland,SUN,LED,0,1.2505,0,0.888232,0.888232,0.8055444,3.962962962962963,7,3,1.3852,1,0.843856,0.0826876,-0.8055444,15.476190476190476,1
EPL,2526,2026-03-03 Wolverhampton Wanderers-Liverpool,1,2025,29067,2026-03-03 20:15:00,229,87,Wolverhampton Wanderers,Liverpool,LIV,WOL,3,0.3412,2,0.636033,0.636033,-1.536137,22.357142857142858,1,0,2.4928,1,2.17217,2.17217,1.536137,7.142857142857143,10
EPL,2526,2026-03-04 Aston Villa-Chelsea,1,2025,29059,2026-03-04 19:30:00,71,80,Aston Villa,Chelsea,CHE,AVL,0,0.1863,1,1.06854,1.06854,-2.32029,22.88888888888889,6,3,2.7303,4,3.38883,3.38883,2.32029,12.666666666666666,12
EPL,2526,2026-03-04 Brighton-Arsenal,1,2025,29060,2026-03-04 19:30:00,220,83,Brighton,Arsenal,ARS,BRI,0,1.6939,0,0.919228,0.919228,0.40442500000000003,7.125,6,3,0.9373,1,0.514803,0.514803,-0.40442500000000003,12.142857142857142,3
EPL,2526,2026-03-04 Fulham-West Ham,1,2025,29062,2026-03-04 19:30:00,228,81,Fulham,West Ham,WHU,FLH,0,0.6202,0,0.628123,0.628123,-0.867157,10.590909090909092,9,3,2.1376,1,1.49528,1.49528,0.867157,18.941176470588236,3
EPL,2526,2026-03-04 Manchester City-Nottingham Forest,1,2025,29064,2026-03-04 19:30:00,88,249,Manchester City,Nottingham Forest,NOT,MCI,1,2.3648,2,2.72655,2.72655,1.49013,10.631578947368421,14,1,0.47,2,1.23642,1.23642,-1.49013,27.583333333333332,3
EPL,2526,2026-03-04 Newcastle United-Manchester United,1,2025,29065,2026-03-04 20:15:00,86,89,Newcastle United,Manchester United,MUN,NEW,3,1.5363,2,1.96637,1.2052,-0.6005099999999999,8.62962962962963,8,0,1.2093,1,1.80571,1.80571,0.6005099999999999,6.821428571428571,11
EPL,2526,2026-03-05 Tottenham-Crystal Palace,1,2025,29066,2026-03-05 20:00:00,82,78,Tottenham,Crystal Palace,CRY,TOT,0,0.8736999999999999,1,1.29615,1.29615,0.1421699999999999,13.857142857142858,3,3,1.8688,3,1.91515,1.15398,-0.1421699999999999,10.529411764705882,9
EPL,2526,2026-03-14 Arsenal-Everton,1,2025,29068,2026-03-14 17:30:00,83,72,Arsenal,Everton,EVE,ARS,3,1.9309,2,1.90855,1.90855,0.7300800000000001,7.782608695652174,10,0,0.8188,0,1.17847,1.17847,-0.7300800000000001,15.666666666666666,1
EPL,2526,2026-03-14 Burnley-Bournemouth,1,2025,29070,2026-03-14 15:00:00,92,73,Burnley,Bournemouth,BOU,BUR,1,0.9222,0,1.67695,1.67695,-0.6928400000000001,12.65,5,1,1.8564000000000003,0,2.36979,2.36979,0.6928400000000001,9.538461538461538,9
EPL,2526,2026-03-14 Chelsea-Newcastle United,1,2025,29071,2026-03-14 17:30:00,80,86,Chelsea,Newcastle United,NEW,CHE,0,1.869,0,1.72508,1.72508,0.6925699999999999,10.647058823529411,12,3,0.8613,1,1.03251,1.03251,-0.6925699999999999,17.31578947368421,7
EPL,2526,2026-03-14 Sunderland-Brighton,1,2025,29076,2026-03-14 15:00:00,77,220,Sunderland,Brighton,BRI,SUN,0,0.9139999999999999,0,0.659083,0.659083,-0.469237,20.076923076923077,9,3,1.7702000000000002,1,1.12832,1.12832,0.469237,8.68,12
EPL,2526,2026-03-14 West Ham-Manchester City,1,2025,29077,2026-03-14 20:00:00,81,88,West Ham,Manchester City,MCI,WHU,1,0.3267,1,0.488982,0.488982,-1.4656179999999999,17.227272727272727,2,1,2.4822,1,1.9546,1.9546,1.4656179999999999,9.25,8
EPL,2526,2026-03-15 Crystal Palace-Leeds,1,2025,29072,2026-03-15 14:00:00,78,245,Crystal Palace,Leeds,LED,CRY,1,0.6851,0,0.525205,0.525205,0.15079200000000004,8.166666666666666,2,1,2.0132,0,1.13558,0.374413,-0.15079200000000004,17.615384615384617,4
EPL,2526,2026-03-15 Liverpool-Tottenham,1,2025,29073,2026-03-15 16:30:00,87,82,Liverpool,Tottenham,TOT,LIV,1,1.4429,1,1.30076,1.30076,0.14439999999999986,5.538461538461538,17,1,1.271,1,1.15636,1.15636,-0.14439999999999986,13.15,3
EPL,2526,2026-03-15 Manchester United-Aston Villa,1,2025,29074,2026-03-15 14:00:00,89,71,Manchester United,Aston Villa,AVL,MUN,3,1.7202,3,1.67823,1.67823,0.46752000000000016,9.727272727272727,5,0,1.0158,1,1.21071,1.21071,-0.46752000000000016,17.333333333333332,10
EPL,2526,2026-03-15 Nottingham Forest-Fulham,1,2025,29075,2026-03-15 14:00:00,249,228,Nottingham Forest,Fulham,FLH,NOT,1,1.1281999999999999,0,0.821011,0.821011,-0.112977,21.53846153846154,3,1,1.5091999999999999,0,0.933988,0.933988,0.112977,12.25,3
EPL,2526,2026-03-16 Brentford-Wolverhampton Wanderers,1,2025,29069,2026-03-16 20:00:00,244,229,Brentford,Wolverhampton Wanderers,WOL,BRE,1,2.0722,2,2.7966,2.7966,0.9961600000000002,8.928571428571429,7,1,0.721,2,1.80044,1.80044,-0.9961600000000002,13.647058823529411,9
EPL,2526,2026-03-20 Bournemouth-Manchester United,1,2025,29078,2026-03-20 20:00:00,73,89,Bournemouth,Manchester United,MUN,BOU,1,1.3639000000000001,2,1.76664,1.00547,0.020902000000000087,10.9,6,1,1.3522,2,1.74574,0.984568,-0.020902000000000087,12.095238095238095,8
EPL,2526,2026-03-21 Brighton-Liverpool,1,2025,29080,2026-03-21 12:30:00,220,87,Brighton,Liverpool,LIV,BRI,3,2.7837,2,3.42956,3.42956,2.472759,11.5,7,0,0.14730000000000001,1,0.956801,0.956801,-2.472759,11.125,7
EPL,2526,2026-03-21 Everton-Chelsea,1,2025,29081,2026-03-21 17:30:00,72,80,Everton,Chelsea,CHE,EVE,3,1.4251,3,1.44532,1.44532,0.09389000000000003,29.307692307692307,7,0,1.2955,0,1.35143,1.35143,-0.09389000000000003,11.833333333333334,9
EPL,2526,2026-03-21 Fulham-Burnley,1,2025,29082,2026-03-21 15:00:00,228,92,Fulham,Burnley,BUR,FLH,3,2.3195,3,3.48438,2.72321,0.79765,16.133333333333333,16,0,0.5219,1,1.92556,1.92556,-0.79765,20.923076923076923,4
EPL,2526,2026-03-21 Leeds-Brentford,1,2025,29083,2026-03-21 20:00:00,245,244,Leeds,Brentford,BRE,LED,1,1.3780000000000001,0,0.417296,0.417296,0.11507499999999998,8.818181818181818,9,1,1.0807,0,0.302221,0.302221,-0.11507499999999998,12.166666666666666,2
EPL,2526,2026-03-22 Aston Villa-West Ham,1,2025,29079,2026-03-22 14:15:00,71,81,Aston Villa,West Ham,WHU,AVL,3,2.5688,2,2.48528,2.48528,1.725226,14.666666666666666,15,0,0.2996,0,0.760054,0.760054,-1.725226,15.529411764705882,5
EPL,2526,2026-03-22 Newcastle United-Sunderland,1,2025,29085,2026-03-22 12:00:00,86,77,Newcastle United,Sunderland,SUN,NEW,0,0.5123,1,1.26705,1.26705,-1.39952,6.235294117647059,3,3,2.324,2,2.66657,2.66657,1.39952,11.045454545454545,10
EPL,2526,2026-03-22 Tottenham-Nottingham Forest,1,2025,29086,2026-03-22 14:15:00,82,249,Tottenham,Nottingham Forest,NOT,TOT,0,1.3952000000000002,0,1.6189,1.6189,0.07482000000000011,6.071428571428571,4,3,1.325,3,1.54408,1.54408,-0.07482000000000011,9.84,3
EPL,2526,2026-04-10 West Ham-Wolverhampton Wanderers,1,2025,29091,2026-04-10 19:00:00,81,229,West Ham,Wolverhampton Wanderers,WOL,WHU,3,2.644,4,2.54379,2.54379,1.971823,13.55,7,0,0.2434,0,0.571967,0.571967,-1.971823,9.333333333333334,4
EPL,2526,2026-04-11 Arsenal-Bournemouth,1,2025,29092,2026-04-11 11:30:00,83,73,Arsenal,Bournemouth,BOU,ARS,0,2.5960000000000005,1,3.16346,2.40229,1.00768,9.304347826086957,5,3,0.2743,2,1.39461,1.39461,-1.00768,8.0,5
EPL,2526,2026-04-11 Brentford-Everton,1,2025,29093,2026-04-11 14:00:00,244,72,Brentford,Everton,EVE,BRE,1,1.8637,2,2.26302,1.50185,-0.0684800000000001,10.944444444444445,5,1,0.8997999999999999,2,1.57033,1.57033,0.0684800000000001,10.782608695652174,8
EPL,2526,2026-04-11 Burnley-Brighton,1,2025,29094,2026-04-11 14:00:00,92,220,Burnley,Brighton,BRI,BUR,0,1.137,0,0.812029,0.812029,-0.259791,18.3125,3,3,1.5306,2,1.07182,1.07182,0.259791,7.8,11
EPL,2526,2026-04-11 Liverpool-Fulham,1,2025,29097,2026-04-11 16:30:00,87,228,Liverpool,Fulham,FLH,LIV,3,1.7901,2,2.01499,2.01499,0.5947500000000001,10.043478260869565,21,0,0.9683999999999999,0,1.42024,1.42024,-0.5947500000000001,13.65,12
EPL,2526,2026-04-12 Chelsea-Manchester City,1,2025,29095,2026-04-12 15:30:00,80,88,Chelsea,Manchester City,MCI,CHE,0,0.6302,0,1.22108,1.22108,-1.1873099999999999,25.846153846153847,2,3,2.1764,3,2.40839,2.40839,1.1873099999999999,8.592592592592593,15
EPL,2526,2026-04-12 Crystal Palace-Newcastle United,1,2025,29096,2026-04-12 13:00:00,78,86,Crystal Palace,Newcastle United,NEW,CRY,3,2.5955000000000004,2,3.13933,2.37816,1.1051699999999998,10.172413793103448,4,0,0.2813,1,1.27299,1.27299,-1.1051699999999998,10.833333333333334,3
EPL,2526,2026-04-12 Nottingham Forest-Aston Villa,1,2025,29089,2026-04-12 13:00:00,249,71,Nottingham Forest,Aston Villa,AVL,NOT,1,0.9284,1,0.85045,0.85045,-0.51252,10.814814814814815,6,1,1.7912000000000001,1,1.36297,1.36297,0.51252,10.375,6
EPL,2526,2026-04-12 Sunderland-Tottenham,1,2025,29090,2026-04-12 13:00:00,77,82,Sunderland,Tottenham,TOT,SUN,3,1.9645,1,1.77584,1.77584,0.75986,7.133333333333334,7,0,0.7801,0,1.01598,1.01598,-0.75986,10.947368421052632,3
EPL,2526,2026-04-13 Manchester United-Leeds,1,2025,29088,2026-04-13 19:00:00,89,245,Manchester United,Leeds,LED,MUN,0,0.4425,1,1.36555,1.36555,-1.5856299999999999,10.391304347826088,11,3,2.4141000000000004,2,2.95118,2.95118,1.5856299999999999,12.714285714285714,8
EPL,2526,2026-04-18 Brentford-Fulham,1,2025,29099,2026-04-18 11:30:00,244,228,Brentford,Fulham,FLH,BRE,1,2.4486999999999997,0,2.33552,2.33552,1.5448129999999998,13.35,4,1,0.39189999999999997,0,0.790707,0.790707,-1.5448129999999998,13.277777777777779,12
EPL,2526,2026-04-18 Chelsea-Manchester United,1,2025,29100,2026-04-18 19:00:00,80,89,Chelsea,Manchester United,MUN,CHE,0,2.0428,0,1.28109,1.28109,0.8450470000000001,11.347826086956522,8,3,0.6592,1,0.436043,0.436043,-0.8450470000000001,28.384615384615383,1
EPL,2526,2026-04-18 Leeds-Wolverhampton Wanderers,1,2025,29103,2026-04-18 14:00:00,245,229,Leeds,Wolverhampton Wanderers,WOL,LED,3,2.9123,3,3.55804,2.79691,2.2282830000000002,10.368421052631579,7,0,0.0557,0,0.568627,0.568627,-2.2282830000000002,11.64,4
EPL,2526,2026-04-18 Newcastle United-Bournemouth,1,2025,29105,2026-04-18 14:00:00,86,73,Newcastle United,Bournemouth,BOU,NEW,0,0.2867,1,1.61167,1.61167,-1.7549500000000002,8.0,8,3,2.5901,2,3.36662,3.36662,1.7549500000000002,10.523809523809524,7
EPL,2526,2026-04-18 Tottenham-Brighton,1,2025,29107,2026-04-18 16:30:00,82,220,Tottenham,Brighton,BRI,TOT,1,1.7111999999999998,2,1.56052,1.56052,0.42321999999999993,12.444444444444445,9,1,1.0158,2,1.1373,1.1373,-0.42321999999999993,5.636363636363637,7
EPL,2526,2026-04-19 Aston Villa-Sunderland,1,2025,29098,2026-04-19 13:00:00,71,77,Aston Villa,Sunderland,SUN,AVL,3,2.6763,4,3.90223,3.90223,2.34215,13.470588235294118,7,0,0.2352,3,1.56008,1.56008,-2.34215,12.052631578947368,3
EPL,2526,2026-04-19 Everton-Liverpool,1,2025,29102,2026-04-19 13:00:00,72,87,Everton,Liverpool,LIV,EVE,0,1.4591,1,1.4784,1.4784,0.09506999999999999,14.9,5,3,1.2572,2,1.38333,1.38333,-0.09506999999999999,8.909090909090908,8
EPL,2526,2026-04-19 Manchester City-Arsenal,1,2025,29104,2026-04-19 15:30:00,88,83,Manchester City,Arsenal,ARS,MCI,3,1.5943,2,2.61528,2.61528,0.32563999999999993,13.461538461538462,15,0,1.1578,1,2.28964,2.28964,-0.32563999999999993,9.153846153846153,3
EPL,2526,2026-04-19 Nottingham Forest-Burnley,1,2025,29106,2026-04-19 13:00:00,249,92,Nottingham Forest,Burnley,BUR,NOT,3,2.0771,4,1.4425,1.4425,0.8410819999999999,14.45,6,0,0.6392,1,0.601418,0.601418,-0.8410819999999999,10.214285714285714,3
EPL,2526,2026-04-20 Crystal Palace-West Ham,1,2025,29101,2026-04-20 19:00:00,78,81,Crystal Palace,West Ham,WHU,CRY,1,1.4175,0,0.733442,0.733442,0.11099700000000001,10.277777777777779,5,1,1.1961,0,0.622445,0.622445,-0.11099700000000001,10.32,5
EPL,2526,2026-04-21 Brighton-Chelsea,1,2025,29110,2026-04-21 19:00:00,220,80,Brighton,Chelsea,CHE,BRI,3,2.7887000000000004,3,2.51784,2.51784,2.2199750000000003,10.23076923076923,9,0,0.1325,0,0.297865,0.297865,-2.2199750000000003,22.214285714285715,3
EPL,2526,2026-04-22 Bournemouth-Leeds,1,2025,29108,2026-04-22 19:00:00,73,245,Bournemouth,Leeds,LED,BOU,1,1.8973000000000002,2,1.91355,1.91355,0.69754,8.842105263157896,13,1,0.8593,2,1.21601,1.21601,-0.69754,10.4,6
EPL,2526,2026-04-22 Burnley-Manchester City,1,2025,29111,2026-04-22 19:00:00,92,88,Burnley,Manchester City,MCI,BUR,0,0.2239,0,0.973776,0.973776,-2.435104,16.05,5,3,2.6851000000000003,1,3.40888,3.40888,2.435104,10.454545454545455,19
EPL,2526,2026-04-24 Sunderland-Nottingham Forest,1,2025,29115,2026-04-24 19:00:00,77,249,Sunderland,Nottingham Forest,NOT,SUN,0,0.5967,0,0.614323,0.614323,-0.9277569999999999,5.409090909090909,13,3,2.1618,5,1.54208,1.54208,0.9277569999999999,10.65,3
EPL,2526,2026-04-25 Arsenal-Newcastle United,1,2025,29109,2026-04-25 16:30:00,83,86,Arsenal,Newcastle United,NEW,ARS,3,1.0522,1,0.639189,0.639189,-0.22970800000000002,14.88888888888889,10,0,1.5840999999999998,0,0.868897,0.868897,0.22970800000000002,8.818181818181818,7
EPL,2526,2026-04-25 Fulham-Aston Villa,1,2025,29112,2026-04-25 11:30:00,228,71,Fulham,Aston Villa,AVL,FLH,3,1.6360000000000001,1,1.24069,1.24069,0.3345340000000001,9.277777777777779,5,0,1.0486,0,0.906156,0.906156,-0.3345340000000001,8.894736842105264,4
EPL,2526,2026-04-25 Liverpool-Crystal Palace,1,2025,29113,2026-04-25 14:00:00,87,78,Liverpool,Crystal Palace,CRY,LIV,3,0.8742000000000001,3,1.45071,1.45071,-0.7484100000000002,15.235294117647058,6,0,1.8945,1,2.19912,2.19912,0.7484100000000002,15.444444444444445,6
EPL,2526,2026-04-25 West Ham-Everton,1,2025,29116,2026-04-25 14:00:00,81,72,West Ham,Everton,EVE,WHU,3,1.9405,2,1.8356,1.8356,0.7211999999999998,9.653846153846153,7,0,0.8041,1,1.1144,1.1144,-0.7211999999999998,11.941176470588236,9
EPL,2526,2026-04-25 Wolverhampton Wanderers-Tottenham,1,2025,29117,2026-04-25 14:00:00,229,82,Wolverhampton Wanderers,Tottenham,TOT,WOL,0,0.9893000000000001,0,0.762656,0.762656,-0.30137400000000003,13.5,0,3,1.6622000000000001,1,1.06403,1.06403,0.30137400000000003,4.857142857142857,4
EPL,2526,2026-04-27 Manchester United-Brentford,1,2025,29114,2026-04-27 19:00:00,89,244,Manchester United,Brentford,BRE,MUN,3,1.8439999999999999,2,1.84852,1.84852,0.5446899999999999,13.0,8,0,0.8975,1,1.30383,1.30383,-0.5446899999999999,9.958333333333334,10
EPL,2526,2026-05-01 Leeds-Burnley,1,2025,29124,2026-05-01 20:00:00,245,92,Leeds,Burnley,BUR,LED,3,2.6082,3,2.09546,2.09546,1.660863,11.172413793103448,4,0,0.255,1,0.434597,0.434597,-1.660863,12.95,3
EPL,2526,2026-05-02 Arsenal-Fulham,1,2025,29119,2026-05-02 17:30:00,83,228,Arsenal,Fulham,FLH,ARS,3,2.915,3,4.09079,4.09079,3.394076,14.5,14,0,0.0539,0,0.696714,0.696714,-3.394076,13.681818181818182,3
EPL,2526,2026-05-02 Brentford-West Ham,1,2025,29121,2026-05-02 15:00:00,244,81,Brentford,West Ham,WHU,BRE,3,2.4871999999999996,3,2.27374,1.51257,0.758675,9.333333333333334,7,0,0.3611,0,0.753895,0.753895,-0.758675,7.818181818181818,2
EPL,2526,2026-05-02 Newcastle United-Brighton,1,2025,29126,2026-05-02 15:00:00,86,220,Newcastle United,Brighton,BRI,NEW,3,2.1879,3,3.12933,3.12933,1.25821,21.363636363636363,3,0,0.6411,1,1.87112,1.87112,-1.25821,7.411764705882353,9
EPL,2526,2026-05-02 Wolverhampton Wanderers-Sunderland,1,2025,29127,2026-05-02 15:00:00,229,77,Wolverhampton Wanderers,Sunderland,SUN,WOL,1,2.1408,1,1.96131,1.96131,1.037356,8.117647058823529,10,1,0.6384,1,0.923954,0.923954,-1.037356,13.105263157894736,6
EPL,2526,2026-05-03 Aston Villa-Tottenham,1,2025,29120,2026-05-03 19:00:00,71,82,Aston Villa,Tottenham,TOT,AVL,0,0.8391000000000001,1,0.609494,0.609494,-0.512756,9.5,0,3,1.8213,2,1.12225,1.12225,0.512756,11.6,3
EPL,2526,2026-05-03 Bournemouth-Crystal Palace,1,2025,29118,2026-05-03 14:00:00,73,78,Bournemouth,Crystal Palace,CRY,BOU,3,2.5408999999999997,3,2.29626,1.53509,0.8567610000000001,10.318181818181818,6,0,0.3143,0,0.678329,0.678329,-0.8567610000000001,9.904761904761905,10
EPL,2526,2026-05-03 Manchester United-Liverpool,1,2025,29125,2026-05-03 15:30:00,89,87,Manchester United,Liverpool,LIV,MUN,3,2.4019,3,2.55612,2.55612,1.52798,12.391304347826088,7,0,0.4435,2,1.02814,1.02814,-1.52798,9.7,5
EPL,2526,2026-05-04 Chelsea-Nottingham Forest,1,2025,29122,2026-05-04 15:00:00,80,249,Chelsea,Nottingham Forest,NOT,CHE,0,1.2142000000000002,1,2.17132,1.41015,-0.13887000000000005,8.041666666666666,12,3,1.504,3,2.31019,1.54902,0.13887000000000005,23.125,4
EPL,2526,2026-05-04 Everton-Manchester City,1,2025,29123,2026-05-04 20:00:00,72,88,Everton,Manchester City,MCI,EVE,1,1.5911,3,1.68558,1.68558,0.2685200000000001,16.470588235294116,1,1,1.145,3,1.41706,1.41706,-0.2685200000000001,6.466666666666667,14
EPL,2526,2026-05-09 Brighton-Wolverhampton Wanderers,1,2025,29128,2026-05-09 15:00:00,220,229,Brighton,Wolverhampton Wanderers,WOL,BRI,3,2.5841,3,2.22427,2.22427,1.7086230000000002,4.275862068965517,9,0,0.275,0,0.515647,0.515647,-1.7086230000000002,25.571428571428573,2
EPL,2526,2026-05-09 Fulham-Bournemouth,1,2025,29131,2026-05-09 15:00:00,228,73,Fulham,Bournemouth,BOU,FLH,0,1.549,0,1.24334,1.24334,0.24533699999999992,11.833333333333334,8,3,1.1361999999999999,1,0.998003,0.998003,-0.24533699999999992,13.521739130434783,4
EPL,2526,2026-05-09 Liverpool-Chelsea,1,2025,29132,2026-05-09 12:30:00,87,80,Liverpool,Chelsea,CHE,LIV,1,1.3029,1,0.623191,0.623191,0.026007000000000002,12.28,7,1,1.2752999999999999,1,0.597184,0.597184,-0.026007000000000002,9.121212121212121,7
EPL,2526,2026-05-09 Manchester City-Brentford,1,2025,29133,2026-05-09 17:30:00,88,244,Manchester City,Brentford,BRE,MCI,3,2.9734,3,4.37429,4.37429,3.7042520000000003,7.28,13,0,0.014499999999999999,0,0.670038,0.670038,-3.7042520000000003,7.666666666666667,3
EPL,2526,2026-05-09 Sunderland-Manchester United,1,2025,29135,2026-05-09 15:00:00,77,89,Sunderland,Manchester United,MUN,SUN,1,1.9752999999999998,0,1.2376,1.2376,0.701619,13.555555555555555,13,1,0.7339,0,0.535981,0.535981,-0.701619,12.761904761904763,7
EPL,2526,2026-05-10 Burnley-Aston Villa,1,2025,29129,2026-05-10 14:00:00,92,71,Burnley,Aston Villa,AVL,BUR,1,1.3481,2,1.71234,1.71234,-0.04259000000000013,11.25,7,1,1.3934,2,1.75493,1.75493,0.04259000000000013,7.875,7
EPL,2526,2026-05-10 Crystal Palace-Everton,1,2025,29130,2026-05-10 14:00:00,78,72,Crystal Palace,Everton,EVE,CRY,1,2.0941,2,3.28826,3.28826,1.18561,6.380952380952381,9,1,0.7327,2,2.10265,2.10265,-1.18561,16.214285714285715,9
EPL,2526,2026-05-10 Nottingham Forest-Newcastle United,1,2025,29134,2026-05-10 14:00:00,249,86,Nottingham Forest,Newcastle United,NEW,NOT,1,1.201,1,1.46434,1.46434,-0.1863300000000001,17.0,9,1,1.5316,1,1.65067,1.65067,0.1863300000000001,8.142857142857142,11
EPL,2526,2026-05-10 West Ham-Arsenal,1,2025,29137,2026-05-10 16:30:00,81,83,West Ham,Arsenal,ARS,WHU,0,1.2779,0,1.32011,1.32011,-0.10942000000000007,15.4375,7,3,1.4258,1,1.42953,1.42953,0.10942000000000007,6.0,9
EPL,2526,2026-05-11 Tottenham-Leeds,1,2025,29136,2026-05-11 20:00:00,82,245,Tottenham,Leeds,LED,TOT,1,1.0561,1,1.49036,1.49036,0.38176999999999994,6.1923076923076925,4,1,1.6843000000000001,1,1.86976,1.10859,-0.38176999999999994,9.826086956521738,4
EPL,2526,2026-05-13 Manchester City-Crystal Palace,1,2025,29084,2026-05-13 20:00:00,88,78,Manchester City,Crystal Palace,CRY,MCI,3,2.5366,3,1.95679,1.95679,1.527928,7.833333333333333,17,0,0.3052,0,0.428862,0.428862,-1.527928,28.083333333333332,2
EPL,2526,2026-05-15 Aston Villa-Liverpool,1,2025,29140,2026-05-15 20:00:00,71,87,Aston Villa,Liverpool,LIV,AVL,3,2.0842,4,2.5252,2.5252,0.9749299999999999,13.105263157894736,5,0,0.7071999999999999,2,1.55027,1.55027,-0.9749299999999999,14.285714285714286,7
EPL,2526,2026-05-17 Brentford-Crystal Palace,1,2025,29141,2026-05-17 15:00:00,244,78,Brentford,Crystal Palace,CRY,BRE,1,1.1392,2,1.54564,1.54564,0.48407,14.777777777777779,9,1,1.5973000000000002,2,1.82274,1.06157,-0.48407,31.555555555555557,14
EPL,2526,2026-05-17 Everton-Sunderland,1,2025,29143,2026-05-17 15:00:00,72,77,Everton,Sunderland,SUN,EVE,0,1.3961999999999999,1,1.32181,1.32181,0.0379799999999999,14.5,3,3,1.2879,3,1.28383,1.28383,-0.0379799999999999,12.75,2
EPL,2526,2026-05-17 Leeds-Brighton,1,2025,29144,2026-05-17 15:00:00,245,220,Leeds,Brighton,BRI,LED,3,0.4024,1,0.747756,0.747756,-1.4846240000000002,21.0,2,0,2.4103,0,2.23238,2.23238,1.4846240000000002,7.866666666666666,16
EPL,2526,2026-05-17 Manchester United-Nottingham Forest,1,2025,29145,2026-05-17 12:30:00,89,249,Manchester United,Nottingham Forest,NOT,MUN,3,2.6182999999999996,3,4.28532,4.28532,2.44114,10.04,14,0,0.2795,2,1.84418,1.84418,-2.44114,13.833333333333334,11
EPL,2526,2026-05-17 Newcastle United-West Ham,1,2025,29146,2026-05-17 17:30:00,86,81,Newcastle United,West Ham,WHU,NEW,3,2.2356,3,2.1336,2.1336,1.1758289999999998,11.411764705882353,19,0,0.5649,1,0.957771,0.957771,-1.1758289999999998,10.23076923076923,10
EPL,2526,2026-05-17 Wolverhampton Wanderers-Fulham,1,2025,29147,2026-05-17 15:00:00,229,228,Wolverhampton Wanderers,Fulham,FLH,WOL,1,1.3525,1,1.49725,1.49725,0.774295,12.444444444444445,4,1,1.3603,1,1.48412,0.722955,-0.774295,6.7368421052631575,14
EPL,2526,2026-05-18 Arsenal-Burnley,1,2025,29139,2026-05-18 20:00:00,83,92,Arsenal,Burnley,BUR,ARS,3,2.3346,1,1.22695,1.22695,1.032066,12.4375,20,0,0.4053,0,0.194884,0.194884,-1.032066,13.764705882352942,2
EPL,2526,2026-05-19 Bournemouth-Manchester City,1,2025,29138,2026-05-19 19:30:00,73,88,Bournemouth,Manchester City,MCI,BOU,1,1.7151,1,1.71486,1.71486,0.44569000000000014,10.655172413793103,9,1,1.0296,1,1.26917,1.26917,-0.44569000000000014,21.90909090909091,12
EPL,2526,2026-05-19 Chelsea-Tottenham,1,2025,29142,2026-05-19 20:15:00,80,82,Chelsea,Tottenham,TOT,CHE,3,0.5689,2,1.09262,1.09262,-1.0596500000000002,11.724137931034482,3,0,2.2183,1,2.15227,2.15227,1.0596500000000002,9.125,7
EPL,2526,2026-05-24 Brighton-Manchester United,1,2025,29148,2026-05-24 15:00:00,220,89,Brighton,Manchester United,MUN,BRI,0,0.28390000000000004,0,0.702398,0.702398,-1.6262819999999998,7.612903225806452,10,3,2.5873,3,2.32868,2.32868,1.6262819999999998,15.705882352941176,9
EPL,2526,2026-05-24 Burnley-Wolverhampton Wanderers,1,2025,29149,2026-05-24 15:00:00,92,229,Burnley,Wolverhampton Wanderers,WOL,BUR,1,0.41890000000000005,1,1.28476,1.28476,-0.7973699999999999,9.357142857142858,13,1,2.4256,1,2.8433,2.08213,0.7973699999999999,13.666666666666666,5
EPL,2526,2026-05-24 Crystal Palace-Arsenal,1,2025,29150,2026-05-24 15:00:00,78,83,Crystal Palace,Arsenal,ARS,CRY,0,0.11460000000000001,1,1.00492,1.00492,-2.90153,17.75,3,3,2.8347,2,3.90645,3.90645,2.90153,9.88888888888889,8
EPL,2526,2026-05-24 Fulham-Newcastle United,1,2025,29151,2026-05-24 15:00:00,228,86,Fulham,Newcastle United,NEW,FLH,3,2.5355,2,1.72878,1.72878,1.48646,11.444444444444445,10,0,0.2861,0,0.24232,0.24232,-1.48646,12.764705882352942,6
EPL,2526,2026-05-24 Liverpool-Brentford,1,2025,29152,2026-05-24 15:00:00,87,244,Liverpool,Brentford,BRE,LIV,1,2.3327,1,2.99412,2.99412,1.5333,11.705882352941176,11,1,0.5012,1,1.46082,1.46082,-1.5333,12.222222222222221,5
EPL,2526,2026-05-24 Manchester City-Aston Villa,1,2025,29153,2026-05-24 15:00:00,88,71,Manchester City,Aston Villa,AVL,MCI,0,0.6744,1,1.38085,1.38085,-1.0588500000000003,16.2,14,3,2.1366,2,2.4397,2.4397,1.0588500000000003,20.7,4
EPL,2526,2026-05-24 Nottingham Forest-Bournemouth,1,2025,29154,2026-05-24 15:00:00,249,73,Nottingham Forest,Bournemouth,BOU,NOT,1,1.9114,1,2.05852,2.05852,0.7216800000000001,17.916666666666668,3,1,0.8557,1,1.33684,1.33684,-0.7216800000000001,8.0,8
EPL,2526,2026-05-24 Sunderland-Chelsea,1,2025,29155,2026-05-24 15:00:00,77,80,Sunderland,Chelsea,CHE,SUN,3,2.3832,2,2.33109,2.33109,1.4102050000000002,7.9375,12,0,0.44129999999999997,1,0.920885,0.920885,-1.4102050000000002,17.272727272727273,7
EPL,2526,2026-05-24 Tottenham-Everton,1,2025,29156,2026-05-24 15:00:00,82,72,Tottenham,Everton,EVE,TOT,3,2.4774,1,1.40597,1.40597,1.137494,7.5,2,0,0.3246,0,0.268476,0.268476,-1.137494,7.793103448275862,3
EPL,2526,2026-05-24 West Ham-Leeds,1,2025,29157,2026-05-24 15:00:00,81,245,West Ham,Leeds,LED,WHU,3,1.8960000000000001,3,2.73135,2.73135,0.78166,16.470588235294116,6,0,0.8823000000000001,0,1.94969,1.94969,-0.78166,5.133333333333334,6
